ISO-10303-21;
HEADER;
/* Generated by software containing ST-Developer
 * from STEP Tools, Inc. (www.steptools.com) 
 */

FILE_DESCRIPTION(
/* description */ ('OneSpaceDesigner STEP Export'),
/* implementation_level */ '2;1');

FILE_NAME(
/* name */ 'ZX60-B-5S.stp',
/* time_stamp */ '2025-04-13T14:05:32+09:00',
/* author */ ('hibik'),
/* organization */ (''),
/* preprocessor_version */ 'ST-DEVELOPER v20',
/* originating_system */ 'Autodesk Inventor 2024',
/* authorisation */ '');

FILE_SCHEMA (('AUTOMOTIVE_DESIGN { 1 0 10303 214 3 1 1 }'));
ENDSEC;

DATA;
#10=MECHANICAL_DESIGN_GEOMETRIC_PRESENTATION_REPRESENTATION('',(#6809,#6810,
#6811,#6812,#6813,#6814,#6815,#6816,#6817,#6818,#6819,#6820,#6821,#6822,
#6823,#6824,#6825,#6826,#6827,#6828,#6829,#6830,#6831,#6832,#6833,#6834,
#6835,#6836,#6837,#6838,#6839,#6840,#6841,#6842,#6843,#6844,#6845,#6846,
#6847,#6848,#6849,#6850,#6851,#6852,#6853,#6854,#6855,#6856,#6857,#6858,
#6859,#6860,#6861,#6862,#6863,#6864,#6865,#6866,#6867,#6868,#6869,#6870,
#6871,#6872,#6873,#6874,#6875,#6876,#6877,#6878,#6879,#6880,#6881,#6882,
#6883,#6884,#6885,#6886,#6887,#6888,#6889,#6890,#6891,#6892,#6893,#6894,
#6895,#6896,#6897,#6898,#6899,#6900,#6901,#6902,#6903,#6904,#6905,#6906,
#6907,#6908,#6909,#6910,#6911,#6912,#6913,#6914,#6915,#6916,#6917,#6918,
#6919,#6920,#6921,#6922,#6923,#6924,#6925,#6926,#6927,#6928,#6929,#6930,
#6931,#6932,#6933,#6934,#6935,#6936,#6937,#6938,#6939,#6940,#6941,#6942,
#6943,#6944,#6945,#6946,#6947,#6948,#6949,#6950,#6951,#6952,#6953,#6954,
#6955,#6956,#6957,#6958,#6959,#6960,#6961,#6962,#6963,#6964,#6965,#6966,
#6967,#6968,#6969,#6970,#6971,#6972,#6973,#6974,#6975,#6976,#6977,#6978,
#6979,#6980,#6981,#6982,#6983,#6984,#6985,#6986,#6987,#6988,#6989,#6990,
#6991,#6992,#6993,#6994,#6995,#6996,#6997,#6998,#6999,#7000,#7001,#7002,
#7003,#7004,#7005,#7006,#7007,#7008,#7009,#7010,#7011,#7012,#7013,#7014,
#7015,#7016,#7017,#7018,#7019,#7020,#7021,#7022,#7023,#7024,#7025,#7026,
#7027,#7028,#7029,#7030,#7031,#7032,#7033,#7034,#7035,#7036,#7037,#7038,
#7039,#7040,#7041,#7042,#7043,#7044,#7045,#7046,#7047,#7048,#7049,#7050,
#7051,#7052,#7053,#7054,#7055,#7056,#7057,#7058,#7059,#7060,#7061,#7062,
#7063,#7064,#7065,#7066,#7067,#7068,#7069,#7070,#7071,#7072,#7073,#7074,
#7075,#7076,#7077,#7078,#7079,#7080,#7081,#7082,#7083,#7084,#7085,#7086,
#7087,#7088,#7089,#7090,#7091,#7092,#7093,#7094,#7095,#7096,#7097,#7098,
#7099,#7100,#7101,#7102,#7103,#7104,#7105,#7106,#7107,#7108,#7109,#7110,
#7111,#7112,#7113,#7114,#7115,#7116,#7117,#7118,#7119,#7120,#7121,#7122,
#7123,#7124,#7125,#7126,#7127,#7128,#7129,#7130,#7131,#7132,#7133,#7134,
#7135,#7136,#7137,#7138,#7139,#7140,#7141,#7142,#7143,#7144,#7145,#7146,
#7147,#7148,#7149,#7150,#7151,#7152,#7153,#7154,#7155,#7156,#7157,#7158,
#7159,#7160,#7161,#7162,#7163,#7164,#7165,#7166,#7167,#7168,#7169,#7170,
#7171,#7172,#7173,#7174,#7175,#7176,#7177),#12748);
#11=SHAPE_REPRESENTATION_RELATIONSHIP('SRR','None',#12755,#12);
#12=ADVANCED_BREP_SHAPE_REPRESENTATION('',(#13),#12747);
#13=MANIFOLD_SOLID_BREP('\X2\30BD30EA30C330C9\X0\1',#7546);
#14=(
BOUNDED_SURFACE()
B_SPLINE_SURFACE(2,2,((#11532,#11533,#11534),(#11535,#11536,#11537),(#11538,
#11539,#11540)),.UNSPECIFIED.,.F.,.F.,.F.)
B_SPLINE_SURFACE_WITH_KNOTS((3,3),(3,3),(0.523598775598286,1.5707963267949),
(-1.5707963267949,-0.788301996412102),.UNSPECIFIED.)
GEOMETRIC_REPRESENTATION_ITEM()
RATIONAL_B_SPLINE_SURFACE(((1.,0.924434182911317,1.),(0.866025403784394,
0.800583486527869,0.866025403784394),(1.,0.924434182911317,1.)))
REPRESENTATION_ITEM('')
SURFACE()
);
#15=(
BOUNDED_SURFACE()
B_SPLINE_SURFACE(2,2,((#11542,#11543,#11544),(#11545,#11546,#11547),(#11548,
#11549,#11550)),.UNSPECIFIED.,.F.,.F.,.F.)
B_SPLINE_SURFACE_WITH_KNOTS((3,3),(3,3),(0.523598775598287,1.5707963267949),
(1.5707963267949,3.14159265358979),.UNSPECIFIED.)
GEOMETRIC_REPRESENTATION_ITEM()
RATIONAL_B_SPLINE_SURFACE(((1.,0.707106781186548,1.),(0.866025403784381,
0.612372435695754,0.866025403784381),(1.,0.707106781186548,1.)))
REPRESENTATION_ITEM('')
SURFACE()
);
#16=(
BOUNDED_SURFACE()
B_SPLINE_SURFACE(2,2,((#11551,#11552,#11553),(#11554,#11555,#11556),(#11557,
#11558,#11559)),.UNSPECIFIED.,.F.,.F.,.F.)
B_SPLINE_SURFACE_WITH_KNOTS((3,3),(3,3),(0.523598775598298,1.5707963267949),
(-3.14159265358979,-2.35295825553563),.UNSPECIFIED.)
GEOMETRIC_REPRESENTATION_ITEM()
RATIONAL_B_SPLINE_SURFACE(((1.,0.923259096589991,1.),(0.866025403784476,
0.799565831922037,0.866025403784476),(1.,0.923259096589991,1.)))
REPRESENTATION_ITEM('')
SURFACE()
);
#17=(
BOUNDED_SURFACE()
B_SPLINE_SURFACE(2,2,((#11561,#11562,#11563),(#11564,#11565,#11566),(#11567,
#11568,#11569)),.UNSPECIFIED.,.F.,.F.,.F.)
B_SPLINE_SURFACE_WITH_KNOTS((3,3),(3,3),(0.523598775598286,1.5707963267949),
(0.,1.5707963267949),.UNSPECIFIED.)
GEOMETRIC_REPRESENTATION_ITEM()
RATIONAL_B_SPLINE_SURFACE(((1.,0.707106781186548,1.),(0.866025403784394,
0.612372435695763,0.866025403784394),(1.,0.707106781186548,1.)))
REPRESENTATION_ITEM('')
SURFACE()
);
#18=(
BOUNDED_SURFACE()
B_SPLINE_SURFACE(2,2,((#11571,#11572,#11573),(#11574,#11575,#11576),(#11577,
#11578,#11579)),.UNSPECIFIED.,.F.,.F.,.F.)
B_SPLINE_SURFACE_WITH_KNOTS((3,3),(3,3),(0.523598775598298,1.57079632679491),
(-2.35295825553563,-1.5707963267949),.UNSPECIFIED.)
GEOMETRIC_REPRESENTATION_ITEM()
RATIONAL_B_SPLINE_SURFACE(((1.,0.924497549435922,1.),(0.866025403784419,
0.800638363547951,0.866025403784419),(1.,0.924497549435922,1.)))
REPRESENTATION_ITEM('')
SURFACE()
);
#19=(
BOUNDED_SURFACE()
B_SPLINE_SURFACE(2,2,((#11584,#11585,#11586),(#11587,#11588,#11589),(#11590,
#11591,#11592)),.UNSPECIFIED.,.F.,.F.,.F.)
B_SPLINE_SURFACE_WITH_KNOTS((3,3),(3,3),(0.523598775598298,1.5707963267949),
(-0.788301996412124,0.),.UNSPECIFIED.)
GEOMETRIC_REPRESENTATION_ITEM()
RATIONAL_B_SPLINE_SURFACE(((1.,0.92332293451668,1.),(0.866025403784469,
0.799621117188269,0.866025403784469),(1.,0.92332293451668,1.)))
REPRESENTATION_ITEM('')
SURFACE()
);
#20=CONICAL_SURFACE('',#7688,0.5,0.463647609000805);
#21=CONICAL_SURFACE('',#8115,0.5,0.463647609000806);
#22=CONICAL_SURFACE('',#8116,0.5,0.463647609000805);
#23=CONICAL_SURFACE('',#8117,0.5,0.463647609000805);
#24=CONICAL_SURFACE('',#8123,0.5,0.463647609000807);
#25=CONICAL_SURFACE('',#8126,0.5,0.463647609000806);
#26=TOROIDAL_SURFACE('',#7666,0.47,0.03);
#27=TOROIDAL_SURFACE('',#7668,0.47,0.03);
#28=TOROIDAL_SURFACE('',#7671,0.47,0.03);
#29=TOROIDAL_SURFACE('',#7679,0.47,0.03);
#30=TOROIDAL_SURFACE('',#8058,0.1,0.05);
#31=TOROIDAL_SURFACE('',#8061,0.1,0.05);
#32=TOROIDAL_SURFACE('',#8077,0.125,0.025);
#33=TOROIDAL_SURFACE('',#8082,0.125,0.025);
#34=TOROIDAL_SURFACE('',#8085,0.125,0.025);
#35=TOROIDAL_SURFACE('',#8091,0.125,0.025);
#36=TOROIDAL_SURFACE('',#8102,0.125,0.025);
#37=TOROIDAL_SURFACE('',#8104,0.125,0.025);
#38=FACE_BOUND('',#630,.T.);
#39=FACE_BOUND('',#631,.T.);
#40=FACE_BOUND('',#649,.T.);
#41=FACE_BOUND('',#658,.T.);
#42=FACE_BOUND('',#659,.T.);
#43=FACE_BOUND('',#660,.T.);
#44=FACE_BOUND('',#663,.T.);
#45=FACE_BOUND('',#664,.T.);
#46=FACE_BOUND('',#665,.T.);
#47=FACE_BOUND('',#762,.T.);
#48=FACE_BOUND('',#788,.T.);
#49=FACE_BOUND('',#863,.T.);
#50=FACE_BOUND('',#864,.T.);
#51=FACE_BOUND('',#865,.T.);
#52=FACE_BOUND('',#866,.T.);
#53=FACE_BOUND('',#867,.T.);
#54=FACE_BOUND('',#868,.T.);
#55=FACE_BOUND('',#921,.T.);
#56=FACE_BOUND('',#922,.T.);
#57=FACE_BOUND('',#923,.T.);
#58=FACE_BOUND('',#933,.T.);
#59=FACE_BOUND('',#934,.T.);
#60=FACE_BOUND('',#935,.T.);
#61=B_SPLINE_CURVE_WITH_KNOTS('',3,(#10550,#10551,#10552,#10553,#10554,
#10555,#10556,#10557,#10558,#10559,#10560,#10561,#10562,#10563,#10564,#10565,
#10566,#10567,#10568,#10569,#10570,#10571,#10572,#10573,#10574),
 .UNSPECIFIED.,.F.,.F.,(4,3,3,3,3,3,3,3,4),(0.,0.0220384106820015,0.0441667559869238,
0.0662135929836499,0.0882114424583318,0.110339756795972,0.132430945720677,
0.154409882042749,0.176504222007333),.UNSPECIFIED.);
#62=B_SPLINE_CURVE_WITH_KNOTS('',3,(#10929,#10930,#10931,#10932),
 .UNSPECIFIED.,.F.,.F.,(4,4),(-0.0793497269278876,-0.0758536758514828),
 .UNSPECIFIED.);
#63=B_SPLINE_CURVE_WITH_KNOTS('',3,(#11015,#11016,#11017,#11018),
 .UNSPECIFIED.,.F.,.F.,(4,4),(-0.0231317203861252,-0.0196356693097165),
 .UNSPECIFIED.);
#64=B_SPLINE_CURVE_WITH_KNOTS('',3,(#11055,#11056,#11057,#11058,#11059,
#11060,#11061,#11062,#11063,#11064,#11065,#11066,#11067,#11068,#11069,#11070,
#11071,#11072,#11073,#11074,#11075,#11076,#11077,#11078,#11079),
 .UNSPECIFIED.,.F.,.F.,(4,3,3,3,3,3,3,3,4),(0.,0.0217746438635567,0.0435158877173903,
0.0651695347442926,0.076054976742299,0.0869559166828806,0.130349988747925,
0.152124044295952,0.173813911319558),.UNSPECIFIED.);
#65=B_SPLINE_CURVE_WITH_KNOTS('',3,(#11080,#11081,#11082,#11083,#11084,
#11085,#11086,#11087,#11088,#11089,#11090,#11091,#11092,#11093,#11094,#11095,
#11096,#11097,#11098,#11099,#11100,#11101,#11102,#11103,#11104),
 .UNSPECIFIED.,.F.,.F.,(4,3,3,3,3,3,3,3,4),(0.,0.0202156044371182,0.04036411121972,
0.0604377762321641,0.0806273744412161,0.10084070788032,0.120951579812071,
0.141059915647,0.16126464319037),.UNSPECIFIED.);
#66=B_SPLINE_CURVE_WITH_KNOTS('',3,(#11108,#11109,#11110,#11111,#11112,
#11113,#11114,#11115,#11116,#11117,#11118,#11119,#11120,#11121,#11122,#11123,
#11124,#11125,#11126,#11127,#11128,#11129,#11130,#11131,#11132),
 .UNSPECIFIED.,.F.,.F.,(4,3,3,3,3,3,3,3,4),(0.,0.0202166676232032,0.0403630389046138,
0.060444600574221,0.0806432858838644,0.100853379960079,0.120952633716378,
0.141065609295417,0.161264643196176),.UNSPECIFIED.);
#67=B_SPLINE_CURVE_WITH_KNOTS('',3,(#11135,#11136,#11137,#11138,#11139,
#11140,#11141,#11142,#11143,#11144,#11145,#11146,#11147,#11148,#11149,#11150,
#11151,#11152,#11153,#11154,#11155,#11156,#11157,#11158,#11159,#11160,#11161,
#11162),.UNSPECIFIED.,.F.,.F.,(4,3,3,3,3,3,3,3,3,4),(0.,0.0217262687004907,
0.0435025363606558,0.0869000483040061,0.097799553259957,0.108677352866532,
0.119505016710145,0.130323796164675,0.15206788085414,0.173813932874981),
 .UNSPECIFIED.);
#68=B_SPLINE_CURVE_WITH_KNOTS('',3,(#11339,#11340,#11341,#11342,#11343,
#11344,#11345,#11346,#11347,#11348,#11349,#11350,#11351,#11352,#11353,#11354,
#11355,#11356,#11357,#11358,#11359,#11360,#11361,#11362,#11363),
 .UNSPECIFIED.,.F.,.F.,(4,3,3,3,3,3,3,3,4),(0.,0.0220990570443918,0.044080370931363,
0.0661624252311486,0.0882887723516304,0.110288898086437,0.1323327631138,
0.15446131661001,0.176504222012058),.UNSPECIFIED.);
#69=B_SPLINE_CURVE_WITH_KNOTS('',3,(#12086,#12087,#12088,#12089,#12090,
#12091,#12092,#12093,#12094,#12095,#12096,#12097,#12098,#12099,#12100,#12101,
#12102,#12103,#12104,#12105,#12106,#12107,#12108,#12109,#12110,#12111,#12112,
#12113,#12114,#12115,#12116,#12117,#12118,#12119),.UNSPECIFIED.,.F.,.F.,
(4,3,3,3,3,3,3,3,3,3,3,4),(0.,0.0216762517814258,0.0434054812889823,0.0651989232323936,
0.0868669883368511,0.0977261044048712,0.108621706346781,0.119526817700625,
0.130411278080505,0.141244975738598,0.152068064026259,0.1738147570109),
 .UNSPECIFIED.);
#70=B_SPLINE_CURVE_WITH_KNOTS('',3,(#12123,#12124,#12125,#12126,#12127,
#12128,#12129,#12130,#12131,#12132,#12133,#12134,#12135,#12136,#12137,#12138,
#12139,#12140,#12141,#12142,#12143,#12144,#12145,#12146,#12147,#12148,#12149,
#12150,#12151,#12152,#12153),.UNSPECIFIED.,.F.,.F.,(4,3,3,3,3,3,3,3,3,3,
4),(0.,0.0108208104880804,0.021653200224354,0.0434346117846192,0.065183086227282,
0.0868463737357924,0.0977366825433961,0.108641065133159,0.130370912171878,
0.152042438022369,0.173814728091316),.UNSPECIFIED.);
#71=B_SPLINE_CURVE_WITH_KNOTS('',3,(#12187,#12188,#12189,#12190,#12191,
#12192,#12193,#12194,#12195,#12196,#12197,#12198,#12199,#12200,#12201,#12202,
#12203,#12204,#12205,#12206,#12207,#12208,#12209,#12210,#12211,#12212,#12213,
#12214),.UNSPECIFIED.,.F.,.F.,(4,3,3,3,3,3,3,3,3,4),(0.,0.0214642037264483,
0.0430202028499436,0.064527943942166,0.0752250596745402,0.0859329075083373,
0.107456463958708,0.129011089944161,0.150453553408639,0.171892042048647),
 .UNSPECIFIED.);
#72=B_SPLINE_CURVE_WITH_KNOTS('',3,(#12373,#12374,#12375,#12376,#12377,
#12378,#12379,#12380,#12381,#12382,#12383,#12384,#12385,#12386,#12387,#12388,
#12389,#12390,#12391,#12392,#12393,#12394,#12395,#12396,#12397),
 .UNSPECIFIED.,.F.,.F.,(4,3,3,3,3,3,3,3,4),(0.,0.0214891898949132,0.0428861937714156,
0.0644053970559059,0.0859510792374122,0.107382975162755,0.128831856981868,
0.150379818139495,0.171892038480063),.UNSPECIFIED.);
#73=B_SPLINE_CURVE_WITH_KNOTS('',3,(#12539,#12540,#12541,#12542),
 .UNSPECIFIED.,.F.,.F.,(4,4),(-0.072624418504927,-0.069128367428518),
 .UNSPECIFIED.);
#74=B_SPLINE_CURVE_WITH_KNOTS('',3,(#12562,#12563,#12564,#12565),
 .UNSPECIFIED.,.F.,.F.,(4,4),(0.0691283674285236,0.0726244185049279),
 .UNSPECIFIED.);
#75=B_SPLINE_CURVE_WITH_KNOTS('',3,(#12651,#12652,#12653,#12654,#12655,
#12656,#12657,#12658,#12659,#12660,#12661,#12662,#12663,#12664,#12665,#12666,
#12667,#12668,#12669,#12670,#12671,#12672,#12673,#12674,#12675),
 .UNSPECIFIED.,.F.,.F.,(4,3,3,3,3,3,3,3,4),(0.,0.0202156044343289,0.0403641112141717,
0.0604377762238206,0.0806273744300433,0.100840707866382,0.120951579795473,
0.141059915627496,0.16126464316803),.UNSPECIFIED.);
#76=B_SPLINE_CURVE_WITH_KNOTS('',3,(#12685,#12686,#12687,#12688,#12689,
#12690,#12691,#12692,#12693,#12694,#12695,#12696,#12697,#12698,#12699,#12700,
#12701,#12702,#12703,#12704,#12705,#12706,#12707,#12708,#12709),
 .UNSPECIFIED.,.F.,.F.,(4,3,3,3,3,3,3,3,4),(0.,0.0202166676232024,0.0403630389046125,
0.0604446005742202,0.0806432858838629,0.100853379960078,0.120952633716377,
0.141065609295415,0.161264643196174),.UNSPECIFIED.);
#77=ELLIPSE('',#7582,0.565685424949238,0.4);
#78=ELLIPSE('',#7586,0.565685424949238,0.4);
#79=ELLIPSE('',#7593,0.400499687890016,0.4);
#80=ELLIPSE('',#7595,0.400499687890016,0.4);
#81=ELLIPSE('',#7598,0.200437299700208,0.2);
#82=ELLIPSE('',#7600,0.200437299700208,0.2);
#83=ELLIPSE('',#7622,0.565685424949238,0.4);
#84=ELLIPSE('',#7627,0.565685424949238,0.4);
#85=ELLIPSE('',#7727,0.179998182498791,0.159132516202064);
#86=ELLIPSE('',#7750,0.179998181344197,0.159132515693322);
#87=ELLIPSE('',#8158,0.179998184312576,0.159132517001205);
#88=ELLIPSE('',#8168,0.179998182806288,0.159132516337385);
#89=CYLINDRICAL_SURFACE('',#7578,0.2);
#90=CYLINDRICAL_SURFACE('',#7580,0.2);
#91=CYLINDRICAL_SURFACE('',#7581,0.4);
#92=CYLINDRICAL_SURFACE('',#7584,0.4);
#93=CYLINDRICAL_SURFACE('',#7597,0.2);
#94=CYLINDRICAL_SURFACE('',#7599,0.2);
#95=CYLINDRICAL_SURFACE('',#7601,0.2);
#96=CYLINDRICAL_SURFACE('',#7620,0.4);
#97=CYLINDRICAL_SURFACE('',#7623,0.4);
#98=CYLINDRICAL_SURFACE('',#7625,0.4);
#99=CYLINDRICAL_SURFACE('',#7628,0.4);
#100=CYLINDRICAL_SURFACE('',#7630,0.3);
#101=CYLINDRICAL_SURFACE('',#7635,0.2);
#102=CYLINDRICAL_SURFACE('',#7639,0.2);
#103=CYLINDRICAL_SURFACE('',#7642,0.2);
#104=CYLINDRICAL_SURFACE('',#7649,0.2);
#105=CYLINDRICAL_SURFACE('',#7660,0.03);
#106=CYLINDRICAL_SURFACE('',#7663,0.03);
#107=CYLINDRICAL_SURFACE('',#7675,0.03);
#108=CYLINDRICAL_SURFACE('',#7677,0.03);
#109=CYLINDRICAL_SURFACE('',#7685,0.5);
#110=CYLINDRICAL_SURFACE('',#7705,0.2);
#111=CYLINDRICAL_SURFACE('',#7708,0.2);
#112=CYLINDRICAL_SURFACE('',#7725,0.149999999999989);
#113=CYLINDRICAL_SURFACE('',#7738,0.3);
#114=CYLINDRICAL_SURFACE('',#7739,0.3);
#115=CYLINDRICAL_SURFACE('',#7741,0.5);
#116=CYLINDRICAL_SURFACE('',#7743,0.5);
#117=CYLINDRICAL_SURFACE('',#7748,0.4);
#118=CYLINDRICAL_SURFACE('',#7752,0.149999999999998);
#119=CYLINDRICAL_SURFACE('',#7758,0.2);
#120=CYLINDRICAL_SURFACE('',#7759,0.2);
#121=CYLINDRICAL_SURFACE('',#7762,0.2);
#122=CYLINDRICAL_SURFACE('',#7767,0.2);
#123=CYLINDRICAL_SURFACE('',#7768,0.2);
#124=CYLINDRICAL_SURFACE('',#7778,0.4);
#125=CYLINDRICAL_SURFACE('',#7782,0.2);
#126=CYLINDRICAL_SURFACE('',#7784,0.2);
#127=CYLINDRICAL_SURFACE('',#7792,0.4);
#128=CYLINDRICAL_SURFACE('',#7796,0.2);
#129=CYLINDRICAL_SURFACE('',#7801,0.4);
#130=CYLINDRICAL_SURFACE('',#7804,0.4);
#131=CYLINDRICAL_SURFACE('',#7810,0.2);
#132=CYLINDRICAL_SURFACE('',#7822,0.3);
#133=CYLINDRICAL_SURFACE('',#7836,0.4);
#134=CYLINDRICAL_SURFACE('',#7849,0.2);
#135=CYLINDRICAL_SURFACE('',#7852,0.2);
#136=CYLINDRICAL_SURFACE('',#7855,0.2);
#137=CYLINDRICAL_SURFACE('',#7862,0.2);
#138=CYLINDRICAL_SURFACE('',#7864,0.2);
#139=CYLINDRICAL_SURFACE('',#7866,0.2);
#140=CYLINDRICAL_SURFACE('',#7871,4.);
#141=CYLINDRICAL_SURFACE('',#7884,1.35);
#142=CYLINDRICAL_SURFACE('',#7886,0.2);
#143=CYLINDRICAL_SURFACE('',#7888,0.15);
#144=CYLINDRICAL_SURFACE('',#7891,0.3);
#145=CYLINDRICAL_SURFACE('',#7899,0.2);
#146=CYLINDRICAL_SURFACE('',#7904,0.2);
#147=CYLINDRICAL_SURFACE('',#7909,0.2);
#148=CYLINDRICAL_SURFACE('',#7912,1.35);
#149=CYLINDRICAL_SURFACE('',#7920,0.15);
#150=CYLINDRICAL_SURFACE('',#7922,4.);
#151=CYLINDRICAL_SURFACE('',#7940,0.1);
#152=CYLINDRICAL_SURFACE('',#7942,0.2);
#153=CYLINDRICAL_SURFACE('',#7944,0.15);
#154=CYLINDRICAL_SURFACE('',#7950,0.3);
#155=CYLINDRICAL_SURFACE('',#7961,0.1);
#156=CYLINDRICAL_SURFACE('',#7963,0.2);
#157=CYLINDRICAL_SURFACE('',#7965,0.15);
#158=CYLINDRICAL_SURFACE('',#7971,0.3);
#159=CYLINDRICAL_SURFACE('',#7982,0.1);
#160=CYLINDRICAL_SURFACE('',#7984,0.2);
#161=CYLINDRICAL_SURFACE('',#7986,0.15);
#162=CYLINDRICAL_SURFACE('',#7992,0.3);
#163=CYLINDRICAL_SURFACE('',#8003,0.1);
#164=CYLINDRICAL_SURFACE('',#8005,0.2);
#165=CYLINDRICAL_SURFACE('',#8007,0.15);
#166=CYLINDRICAL_SURFACE('',#8013,0.3);
#167=CYLINDRICAL_SURFACE('',#8023,0.1);
#168=CYLINDRICAL_SURFACE('',#8024,0.2);
#169=CYLINDRICAL_SURFACE('',#8025,0.15);
#170=CYLINDRICAL_SURFACE('',#8027,0.2);
#171=CYLINDRICAL_SURFACE('',#8033,0.15);
#172=CYLINDRICAL_SURFACE('',#8039,0.2);
#173=CYLINDRICAL_SURFACE('',#8041,0.5);
#174=CYLINDRICAL_SURFACE('',#8044,0.4);
#175=CYLINDRICAL_SURFACE('',#8055,0.05);
#176=CYLINDRICAL_SURFACE('',#8064,0.05);
#177=CYLINDRICAL_SURFACE('',#8074,0.025);
#178=CYLINDRICAL_SURFACE('',#8080,0.025);
#179=CYLINDRICAL_SURFACE('',#8089,0.025);
#180=CYLINDRICAL_SURFACE('',#8094,0.025);
#181=CYLINDRICAL_SURFACE('',#8096,0.025);
#182=CYLINDRICAL_SURFACE('',#8099,0.025);
#183=CYLINDRICAL_SURFACE('',#8107,0.2);
#184=CYLINDRICAL_SURFACE('',#8108,0.5);
#185=CYLINDRICAL_SURFACE('',#8119,0.5);
#186=CYLINDRICAL_SURFACE('',#8121,0.5);
#187=CYLINDRICAL_SURFACE('',#8127,0.5);
#188=CYLINDRICAL_SURFACE('',#8129,0.2);
#189=CYLINDRICAL_SURFACE('',#8136,0.2);
#190=CYLINDRICAL_SURFACE('',#8157,0.149999999999989);
#191=CYLINDRICAL_SURFACE('',#8160,0.2);
#192=CYLINDRICAL_SURFACE('',#8164,0.2);
#193=CYLINDRICAL_SURFACE('',#8166,0.4);
#194=CYLINDRICAL_SURFACE('',#8169,0.5);
#195=CYLINDRICAL_SURFACE('',#8181,0.3);
#196=CYLINDRICAL_SURFACE('',#8182,0.3);
#197=CYLINDRICAL_SURFACE('',#8183,0.5);
#198=CYLINDRICAL_SURFACE('',#8187,0.149999999999991);
#199=CYLINDRICAL_SURFACE('',#8189,0.2);
#200=CYLINDRICAL_SURFACE('',#8192,0.2);
#201=CYLINDRICAL_SURFACE('',#8193,0.2);
#202=CYLINDRICAL_SURFACE('',#8194,0.2);
#203=CYLINDRICAL_SURFACE('',#8195,0.15);
#204=CYLINDRICAL_SURFACE('',#8196,0.4);
#205=CYLINDRICAL_SURFACE('',#8197,0.4);
#206=CYLINDRICAL_SURFACE('',#8201,0.2);
#207=CYLINDRICAL_SURFACE('',#8208,0.2);
#208=CYLINDRICAL_SURFACE('',#8210,0.2);
#209=CYLINDRICAL_SURFACE('',#8216,0.2);
#210=SPHERICAL_SURFACE('',#7573,0.2);
#211=SPHERICAL_SURFACE('',#7587,0.2);
#212=FACE_OUTER_BOUND('',#580,.T.);
#213=FACE_OUTER_BOUND('',#581,.T.);
#214=FACE_OUTER_BOUND('',#582,.T.);
#215=FACE_OUTER_BOUND('',#583,.T.);
#216=FACE_OUTER_BOUND('',#584,.T.);
#217=FACE_OUTER_BOUND('',#585,.T.);
#218=FACE_OUTER_BOUND('',#586,.T.);
#219=FACE_OUTER_BOUND('',#587,.T.);
#220=FACE_OUTER_BOUND('',#588,.T.);
#221=FACE_OUTER_BOUND('',#589,.T.);
#222=FACE_OUTER_BOUND('',#590,.T.);
#223=FACE_OUTER_BOUND('',#591,.T.);
#224=FACE_OUTER_BOUND('',#592,.T.);
#225=FACE_OUTER_BOUND('',#593,.T.);
#226=FACE_OUTER_BOUND('',#594,.T.);
#227=FACE_OUTER_BOUND('',#595,.T.);
#228=FACE_OUTER_BOUND('',#596,.T.);
#229=FACE_OUTER_BOUND('',#597,.T.);
#230=FACE_OUTER_BOUND('',#598,.T.);
#231=FACE_OUTER_BOUND('',#599,.T.);
#232=FACE_OUTER_BOUND('',#600,.T.);
#233=FACE_OUTER_BOUND('',#601,.T.);
#234=FACE_OUTER_BOUND('',#602,.T.);
#235=FACE_OUTER_BOUND('',#603,.T.);
#236=FACE_OUTER_BOUND('',#604,.T.);
#237=FACE_OUTER_BOUND('',#605,.T.);
#238=FACE_OUTER_BOUND('',#606,.T.);
#239=FACE_OUTER_BOUND('',#607,.T.);
#240=FACE_OUTER_BOUND('',#608,.T.);
#241=FACE_OUTER_BOUND('',#609,.T.);
#242=FACE_OUTER_BOUND('',#610,.T.);
#243=FACE_OUTER_BOUND('',#611,.T.);
#244=FACE_OUTER_BOUND('',#612,.T.);
#245=FACE_OUTER_BOUND('',#613,.T.);
#246=FACE_OUTER_BOUND('',#614,.T.);
#247=FACE_OUTER_BOUND('',#615,.T.);
#248=FACE_OUTER_BOUND('',#616,.T.);
#249=FACE_OUTER_BOUND('',#617,.T.);
#250=FACE_OUTER_BOUND('',#618,.T.);
#251=FACE_OUTER_BOUND('',#619,.T.);
#252=FACE_OUTER_BOUND('',#620,.T.);
#253=FACE_OUTER_BOUND('',#621,.T.);
#254=FACE_OUTER_BOUND('',#622,.T.);
#255=FACE_OUTER_BOUND('',#623,.T.);
#256=FACE_OUTER_BOUND('',#624,.T.);
#257=FACE_OUTER_BOUND('',#625,.T.);
#258=FACE_OUTER_BOUND('',#626,.T.);
#259=FACE_OUTER_BOUND('',#627,.T.);
#260=FACE_OUTER_BOUND('',#628,.T.);
#261=FACE_OUTER_BOUND('',#629,.T.);
#262=FACE_OUTER_BOUND('',#632,.T.);
#263=FACE_OUTER_BOUND('',#633,.T.);
#264=FACE_OUTER_BOUND('',#634,.T.);
#265=FACE_OUTER_BOUND('',#635,.T.);
#266=FACE_OUTER_BOUND('',#636,.T.);
#267=FACE_OUTER_BOUND('',#637,.T.);
#268=FACE_OUTER_BOUND('',#638,.T.);
#269=FACE_OUTER_BOUND('',#639,.T.);
#270=FACE_OUTER_BOUND('',#640,.T.);
#271=FACE_OUTER_BOUND('',#641,.T.);
#272=FACE_OUTER_BOUND('',#642,.T.);
#273=FACE_OUTER_BOUND('',#643,.T.);
#274=FACE_OUTER_BOUND('',#644,.T.);
#275=FACE_OUTER_BOUND('',#645,.T.);
#276=FACE_OUTER_BOUND('',#646,.T.);
#277=FACE_OUTER_BOUND('',#647,.T.);
#278=FACE_OUTER_BOUND('',#648,.T.);
#279=FACE_OUTER_BOUND('',#650,.T.);
#280=FACE_OUTER_BOUND('',#651,.T.);
#281=FACE_OUTER_BOUND('',#652,.T.);
#282=FACE_OUTER_BOUND('',#653,.T.);
#283=FACE_OUTER_BOUND('',#654,.T.);
#284=FACE_OUTER_BOUND('',#655,.T.);
#285=FACE_OUTER_BOUND('',#656,.T.);
#286=FACE_OUTER_BOUND('',#657,.T.);
#287=FACE_OUTER_BOUND('',#661,.T.);
#288=FACE_OUTER_BOUND('',#662,.T.);
#289=FACE_OUTER_BOUND('',#666,.T.);
#290=FACE_OUTER_BOUND('',#667,.T.);
#291=FACE_OUTER_BOUND('',#668,.T.);
#292=FACE_OUTER_BOUND('',#669,.T.);
#293=FACE_OUTER_BOUND('',#670,.T.);
#294=FACE_OUTER_BOUND('',#671,.T.);
#295=FACE_OUTER_BOUND('',#672,.T.);
#296=FACE_OUTER_BOUND('',#673,.T.);
#297=FACE_OUTER_BOUND('',#674,.T.);
#298=FACE_OUTER_BOUND('',#675,.T.);
#299=FACE_OUTER_BOUND('',#676,.T.);
#300=FACE_OUTER_BOUND('',#677,.T.);
#301=FACE_OUTER_BOUND('',#678,.T.);
#302=FACE_OUTER_BOUND('',#679,.T.);
#303=FACE_OUTER_BOUND('',#680,.T.);
#304=FACE_OUTER_BOUND('',#681,.T.);
#305=FACE_OUTER_BOUND('',#682,.T.);
#306=FACE_OUTER_BOUND('',#683,.T.);
#307=FACE_OUTER_BOUND('',#684,.T.);
#308=FACE_OUTER_BOUND('',#685,.T.);
#309=FACE_OUTER_BOUND('',#686,.T.);
#310=FACE_OUTER_BOUND('',#687,.T.);
#311=FACE_OUTER_BOUND('',#688,.T.);
#312=FACE_OUTER_BOUND('',#689,.T.);
#313=FACE_OUTER_BOUND('',#690,.T.);
#314=FACE_OUTER_BOUND('',#691,.T.);
#315=FACE_OUTER_BOUND('',#692,.T.);
#316=FACE_OUTER_BOUND('',#693,.T.);
#317=FACE_OUTER_BOUND('',#694,.T.);
#318=FACE_OUTER_BOUND('',#695,.T.);
#319=FACE_OUTER_BOUND('',#696,.T.);
#320=FACE_OUTER_BOUND('',#697,.T.);
#321=FACE_OUTER_BOUND('',#698,.T.);
#322=FACE_OUTER_BOUND('',#699,.T.);
#323=FACE_OUTER_BOUND('',#700,.T.);
#324=FACE_OUTER_BOUND('',#701,.T.);
#325=FACE_OUTER_BOUND('',#702,.T.);
#326=FACE_OUTER_BOUND('',#703,.T.);
#327=FACE_OUTER_BOUND('',#704,.T.);
#328=FACE_OUTER_BOUND('',#705,.T.);
#329=FACE_OUTER_BOUND('',#706,.T.);
#330=FACE_OUTER_BOUND('',#707,.T.);
#331=FACE_OUTER_BOUND('',#708,.T.);
#332=FACE_OUTER_BOUND('',#709,.T.);
#333=FACE_OUTER_BOUND('',#710,.T.);
#334=FACE_OUTER_BOUND('',#711,.T.);
#335=FACE_OUTER_BOUND('',#712,.T.);
#336=FACE_OUTER_BOUND('',#713,.T.);
#337=FACE_OUTER_BOUND('',#714,.T.);
#338=FACE_OUTER_BOUND('',#715,.T.);
#339=FACE_OUTER_BOUND('',#716,.T.);
#340=FACE_OUTER_BOUND('',#717,.T.);
#341=FACE_OUTER_BOUND('',#718,.T.);
#342=FACE_OUTER_BOUND('',#719,.T.);
#343=FACE_OUTER_BOUND('',#720,.T.);
#344=FACE_OUTER_BOUND('',#721,.T.);
#345=FACE_OUTER_BOUND('',#722,.T.);
#346=FACE_OUTER_BOUND('',#723,.T.);
#347=FACE_OUTER_BOUND('',#724,.T.);
#348=FACE_OUTER_BOUND('',#725,.T.);
#349=FACE_OUTER_BOUND('',#726,.T.);
#350=FACE_OUTER_BOUND('',#727,.T.);
#351=FACE_OUTER_BOUND('',#728,.T.);
#352=FACE_OUTER_BOUND('',#729,.T.);
#353=FACE_OUTER_BOUND('',#730,.T.);
#354=FACE_OUTER_BOUND('',#731,.T.);
#355=FACE_OUTER_BOUND('',#732,.T.);
#356=FACE_OUTER_BOUND('',#733,.T.);
#357=FACE_OUTER_BOUND('',#734,.T.);
#358=FACE_OUTER_BOUND('',#735,.T.);
#359=FACE_OUTER_BOUND('',#736,.T.);
#360=FACE_OUTER_BOUND('',#737,.T.);
#361=FACE_OUTER_BOUND('',#738,.T.);
#362=FACE_OUTER_BOUND('',#739,.T.);
#363=FACE_OUTER_BOUND('',#740,.T.);
#364=FACE_OUTER_BOUND('',#741,.T.);
#365=FACE_OUTER_BOUND('',#742,.T.);
#366=FACE_OUTER_BOUND('',#743,.T.);
#367=FACE_OUTER_BOUND('',#744,.T.);
#368=FACE_OUTER_BOUND('',#745,.T.);
#369=FACE_OUTER_BOUND('',#746,.T.);
#370=FACE_OUTER_BOUND('',#747,.T.);
#371=FACE_OUTER_BOUND('',#748,.T.);
#372=FACE_OUTER_BOUND('',#749,.T.);
#373=FACE_OUTER_BOUND('',#750,.T.);
#374=FACE_OUTER_BOUND('',#751,.T.);
#375=FACE_OUTER_BOUND('',#752,.T.);
#376=FACE_OUTER_BOUND('',#753,.T.);
#377=FACE_OUTER_BOUND('',#754,.T.);
#378=FACE_OUTER_BOUND('',#755,.T.);
#379=FACE_OUTER_BOUND('',#756,.T.);
#380=FACE_OUTER_BOUND('',#757,.T.);
#381=FACE_OUTER_BOUND('',#758,.T.);
#382=FACE_OUTER_BOUND('',#759,.T.);
#383=FACE_OUTER_BOUND('',#760,.T.);
#384=FACE_OUTER_BOUND('',#761,.T.);
#385=FACE_OUTER_BOUND('',#763,.T.);
#386=FACE_OUTER_BOUND('',#764,.T.);
#387=FACE_OUTER_BOUND('',#765,.T.);
#388=FACE_OUTER_BOUND('',#766,.T.);
#389=FACE_OUTER_BOUND('',#767,.T.);
#390=FACE_OUTER_BOUND('',#768,.T.);
#391=FACE_OUTER_BOUND('',#769,.T.);
#392=FACE_OUTER_BOUND('',#770,.T.);
#393=FACE_OUTER_BOUND('',#771,.T.);
#394=FACE_OUTER_BOUND('',#772,.T.);
#395=FACE_OUTER_BOUND('',#773,.T.);
#396=FACE_OUTER_BOUND('',#774,.T.);
#397=FACE_OUTER_BOUND('',#775,.T.);
#398=FACE_OUTER_BOUND('',#776,.T.);
#399=FACE_OUTER_BOUND('',#777,.T.);
#400=FACE_OUTER_BOUND('',#778,.T.);
#401=FACE_OUTER_BOUND('',#779,.T.);
#402=FACE_OUTER_BOUND('',#780,.T.);
#403=FACE_OUTER_BOUND('',#781,.T.);
#404=FACE_OUTER_BOUND('',#782,.T.);
#405=FACE_OUTER_BOUND('',#783,.T.);
#406=FACE_OUTER_BOUND('',#784,.T.);
#407=FACE_OUTER_BOUND('',#785,.T.);
#408=FACE_OUTER_BOUND('',#786,.T.);
#409=FACE_OUTER_BOUND('',#787,.T.);
#410=FACE_OUTER_BOUND('',#789,.T.);
#411=FACE_OUTER_BOUND('',#790,.T.);
#412=FACE_OUTER_BOUND('',#791,.T.);
#413=FACE_OUTER_BOUND('',#792,.T.);
#414=FACE_OUTER_BOUND('',#793,.T.);
#415=FACE_OUTER_BOUND('',#794,.T.);
#416=FACE_OUTER_BOUND('',#795,.T.);
#417=FACE_OUTER_BOUND('',#796,.T.);
#418=FACE_OUTER_BOUND('',#797,.T.);
#419=FACE_OUTER_BOUND('',#798,.T.);
#420=FACE_OUTER_BOUND('',#799,.T.);
#421=FACE_OUTER_BOUND('',#800,.T.);
#422=FACE_OUTER_BOUND('',#801,.T.);
#423=FACE_OUTER_BOUND('',#802,.T.);
#424=FACE_OUTER_BOUND('',#803,.T.);
#425=FACE_OUTER_BOUND('',#804,.T.);
#426=FACE_OUTER_BOUND('',#805,.T.);
#427=FACE_OUTER_BOUND('',#806,.T.);
#428=FACE_OUTER_BOUND('',#807,.T.);
#429=FACE_OUTER_BOUND('',#808,.T.);
#430=FACE_OUTER_BOUND('',#809,.T.);
#431=FACE_OUTER_BOUND('',#810,.T.);
#432=FACE_OUTER_BOUND('',#811,.T.);
#433=FACE_OUTER_BOUND('',#812,.T.);
#434=FACE_OUTER_BOUND('',#813,.T.);
#435=FACE_OUTER_BOUND('',#814,.T.);
#436=FACE_OUTER_BOUND('',#815,.T.);
#437=FACE_OUTER_BOUND('',#816,.T.);
#438=FACE_OUTER_BOUND('',#817,.T.);
#439=FACE_OUTER_BOUND('',#818,.T.);
#440=FACE_OUTER_BOUND('',#819,.T.);
#441=FACE_OUTER_BOUND('',#820,.T.);
#442=FACE_OUTER_BOUND('',#821,.T.);
#443=FACE_OUTER_BOUND('',#822,.T.);
#444=FACE_OUTER_BOUND('',#823,.T.);
#445=FACE_OUTER_BOUND('',#824,.T.);
#446=FACE_OUTER_BOUND('',#825,.T.);
#447=FACE_OUTER_BOUND('',#826,.T.);
#448=FACE_OUTER_BOUND('',#827,.T.);
#449=FACE_OUTER_BOUND('',#828,.T.);
#450=FACE_OUTER_BOUND('',#829,.T.);
#451=FACE_OUTER_BOUND('',#830,.T.);
#452=FACE_OUTER_BOUND('',#831,.T.);
#453=FACE_OUTER_BOUND('',#832,.T.);
#454=FACE_OUTER_BOUND('',#833,.T.);
#455=FACE_OUTER_BOUND('',#834,.T.);
#456=FACE_OUTER_BOUND('',#835,.T.);
#457=FACE_OUTER_BOUND('',#836,.T.);
#458=FACE_OUTER_BOUND('',#837,.T.);
#459=FACE_OUTER_BOUND('',#838,.T.);
#460=FACE_OUTER_BOUND('',#839,.T.);
#461=FACE_OUTER_BOUND('',#840,.T.);
#462=FACE_OUTER_BOUND('',#841,.T.);
#463=FACE_OUTER_BOUND('',#842,.T.);
#464=FACE_OUTER_BOUND('',#843,.T.);
#465=FACE_OUTER_BOUND('',#844,.T.);
#466=FACE_OUTER_BOUND('',#845,.T.);
#467=FACE_OUTER_BOUND('',#846,.T.);
#468=FACE_OUTER_BOUND('',#847,.T.);
#469=FACE_OUTER_BOUND('',#848,.T.);
#470=FACE_OUTER_BOUND('',#849,.T.);
#471=FACE_OUTER_BOUND('',#850,.T.);
#472=FACE_OUTER_BOUND('',#851,.T.);
#473=FACE_OUTER_BOUND('',#852,.T.);
#474=FACE_OUTER_BOUND('',#853,.T.);
#475=FACE_OUTER_BOUND('',#854,.T.);
#476=FACE_OUTER_BOUND('',#855,.T.);
#477=FACE_OUTER_BOUND('',#856,.T.);
#478=FACE_OUTER_BOUND('',#857,.T.);
#479=FACE_OUTER_BOUND('',#858,.T.);
#480=FACE_OUTER_BOUND('',#859,.T.);
#481=FACE_OUTER_BOUND('',#860,.T.);
#482=FACE_OUTER_BOUND('',#861,.T.);
#483=FACE_OUTER_BOUND('',#862,.T.);
#484=FACE_OUTER_BOUND('',#869,.T.);
#485=FACE_OUTER_BOUND('',#870,.T.);
#486=FACE_OUTER_BOUND('',#871,.T.);
#487=FACE_OUTER_BOUND('',#872,.T.);
#488=FACE_OUTER_BOUND('',#873,.T.);
#489=FACE_OUTER_BOUND('',#874,.T.);
#490=FACE_OUTER_BOUND('',#875,.T.);
#491=FACE_OUTER_BOUND('',#876,.T.);
#492=FACE_OUTER_BOUND('',#877,.T.);
#493=FACE_OUTER_BOUND('',#878,.T.);
#494=FACE_OUTER_BOUND('',#879,.T.);
#495=FACE_OUTER_BOUND('',#880,.T.);
#496=FACE_OUTER_BOUND('',#881,.T.);
#497=FACE_OUTER_BOUND('',#882,.T.);
#498=FACE_OUTER_BOUND('',#883,.T.);
#499=FACE_OUTER_BOUND('',#884,.T.);
#500=FACE_OUTER_BOUND('',#885,.T.);
#501=FACE_OUTER_BOUND('',#886,.T.);
#502=FACE_OUTER_BOUND('',#887,.T.);
#503=FACE_OUTER_BOUND('',#888,.T.);
#504=FACE_OUTER_BOUND('',#889,.T.);
#505=FACE_OUTER_BOUND('',#890,.T.);
#506=FACE_OUTER_BOUND('',#891,.T.);
#507=FACE_OUTER_BOUND('',#892,.T.);
#508=FACE_OUTER_BOUND('',#893,.T.);
#509=FACE_OUTER_BOUND('',#894,.T.);
#510=FACE_OUTER_BOUND('',#895,.T.);
#511=FACE_OUTER_BOUND('',#896,.T.);
#512=FACE_OUTER_BOUND('',#897,.T.);
#513=FACE_OUTER_BOUND('',#898,.T.);
#514=FACE_OUTER_BOUND('',#899,.T.);
#515=FACE_OUTER_BOUND('',#900,.T.);
#516=FACE_OUTER_BOUND('',#901,.T.);
#517=FACE_OUTER_BOUND('',#902,.T.);
#518=FACE_OUTER_BOUND('',#903,.T.);
#519=FACE_OUTER_BOUND('',#904,.T.);
#520=FACE_OUTER_BOUND('',#905,.T.);
#521=FACE_OUTER_BOUND('',#906,.T.);
#522=FACE_OUTER_BOUND('',#907,.T.);
#523=FACE_OUTER_BOUND('',#908,.T.);
#524=FACE_OUTER_BOUND('',#909,.T.);
#525=FACE_OUTER_BOUND('',#910,.T.);
#526=FACE_OUTER_BOUND('',#911,.T.);
#527=FACE_OUTER_BOUND('',#912,.T.);
#528=FACE_OUTER_BOUND('',#913,.T.);
#529=FACE_OUTER_BOUND('',#914,.T.);
#530=FACE_OUTER_BOUND('',#915,.T.);
#531=FACE_OUTER_BOUND('',#916,.T.);
#532=FACE_OUTER_BOUND('',#917,.T.);
#533=FACE_OUTER_BOUND('',#918,.T.);
#534=FACE_OUTER_BOUND('',#919,.T.);
#535=FACE_OUTER_BOUND('',#920,.T.);
#536=FACE_OUTER_BOUND('',#924,.T.);
#537=FACE_OUTER_BOUND('',#925,.T.);
#538=FACE_OUTER_BOUND('',#926,.T.);
#539=FACE_OUTER_BOUND('',#927,.T.);
#540=FACE_OUTER_BOUND('',#928,.T.);
#541=FACE_OUTER_BOUND('',#929,.T.);
#542=FACE_OUTER_BOUND('',#930,.T.);
#543=FACE_OUTER_BOUND('',#931,.T.);
#544=FACE_OUTER_BOUND('',#932,.T.);
#545=FACE_OUTER_BOUND('',#936,.T.);
#546=FACE_OUTER_BOUND('',#937,.T.);
#547=FACE_OUTER_BOUND('',#938,.T.);
#548=FACE_OUTER_BOUND('',#939,.T.);
#549=FACE_OUTER_BOUND('',#940,.T.);
#550=FACE_OUTER_BOUND('',#941,.T.);
#551=FACE_OUTER_BOUND('',#942,.T.);
#552=FACE_OUTER_BOUND('',#943,.T.);
#553=FACE_OUTER_BOUND('',#944,.T.);
#554=FACE_OUTER_BOUND('',#945,.T.);
#555=FACE_OUTER_BOUND('',#946,.T.);
#556=FACE_OUTER_BOUND('',#947,.T.);
#557=FACE_OUTER_BOUND('',#948,.T.);
#558=FACE_OUTER_BOUND('',#949,.T.);
#559=FACE_OUTER_BOUND('',#950,.T.);
#560=FACE_OUTER_BOUND('',#951,.T.);
#561=FACE_OUTER_BOUND('',#952,.T.);
#562=FACE_OUTER_BOUND('',#953,.T.);
#563=FACE_OUTER_BOUND('',#954,.T.);
#564=FACE_OUTER_BOUND('',#955,.T.);
#565=FACE_OUTER_BOUND('',#956,.T.);
#566=FACE_OUTER_BOUND('',#957,.T.);
#567=FACE_OUTER_BOUND('',#958,.T.);
#568=FACE_OUTER_BOUND('',#959,.T.);
#569=FACE_OUTER_BOUND('',#960,.T.);
#570=FACE_OUTER_BOUND('',#961,.T.);
#571=FACE_OUTER_BOUND('',#962,.T.);
#572=FACE_OUTER_BOUND('',#963,.T.);
#573=FACE_OUTER_BOUND('',#964,.T.);
#574=FACE_OUTER_BOUND('',#965,.T.);
#575=FACE_OUTER_BOUND('',#966,.T.);
#576=FACE_OUTER_BOUND('',#967,.T.);
#577=FACE_OUTER_BOUND('',#968,.T.);
#578=FACE_OUTER_BOUND('',#969,.T.);
#579=FACE_OUTER_BOUND('',#970,.T.);
#580=EDGE_LOOP('',(#4486,#4487,#4488,#4489,#4490,#4491,#4492,#4493,#4494,
#4495,#4496,#4497,#4498,#4499));
#581=EDGE_LOOP('',(#4500,#4501,#4502,#4503,#4504,#4505,#4506,#4507,#4508,
#4509,#4510,#4511));
#582=EDGE_LOOP('',(#4512,#4513,#4514));
#583=EDGE_LOOP('',(#4515,#4516,#4517,#4518,#4519,#4520,#4521,#4522,#4523,
#4524,#4525,#4526));
#584=EDGE_LOOP('',(#4527,#4528,#4529,#4530));
#585=EDGE_LOOP('',(#4531,#4532,#4533,#4534));
#586=EDGE_LOOP('',(#4535,#4536,#4537,#4538));
#587=EDGE_LOOP('',(#4539,#4540,#4541,#4542));
#588=EDGE_LOOP('',(#4543,#4544,#4545));
#589=EDGE_LOOP('',(#4546,#4547,#4548,#4549));
#590=EDGE_LOOP('',(#4550,#4551,#4552,#4553));
#591=EDGE_LOOP('',(#4554,#4555,#4556,#4557,#4558));
#592=EDGE_LOOP('',(#4559,#4560,#4561,#4562,#4563));
#593=EDGE_LOOP('',(#4564,#4565,#4566,#4567,#4568,#4569,#4570,#4571,#4572,
#4573,#4574,#4575));
#594=EDGE_LOOP('',(#4576,#4577,#4578,#4579));
#595=EDGE_LOOP('',(#4580,#4581,#4582,#4583));
#596=EDGE_LOOP('',(#4584,#4585,#4586,#4587));
#597=EDGE_LOOP('',(#4588,#4589,#4590,#4591,#4592,#4593,#4594,#4595,#4596,
#4597,#4598,#4599,#4600,#4601,#4602,#4603,#4604,#4605,#4606,#4607,#4608,
#4609,#4610,#4611,#4612,#4613,#4614,#4615,#4616,#4617,#4618,#4619,#4620,
#4621));
#598=EDGE_LOOP('',(#4622,#4623,#4624,#4625,#4626));
#599=EDGE_LOOP('',(#4627,#4628,#4629,#4630));
#600=EDGE_LOOP('',(#4631,#4632,#4633,#4634));
#601=EDGE_LOOP('',(#4635,#4636,#4637,#4638,#4639));
#602=EDGE_LOOP('',(#4640,#4641,#4642,#4643,#4644));
#603=EDGE_LOOP('',(#4645,#4646,#4647,#4648));
#604=EDGE_LOOP('',(#4649,#4650,#4651,#4652));
#605=EDGE_LOOP('',(#4653,#4654,#4655,#4656,#4657));
#606=EDGE_LOOP('',(#4658,#4659,#4660,#4661));
#607=EDGE_LOOP('',(#4662,#4663,#4664,#4665));
#608=EDGE_LOOP('',(#4666,#4667,#4668,#4669,#4670,#4671,#4672,#4673));
#609=EDGE_LOOP('',(#4674,#4675,#4676,#4677));
#610=EDGE_LOOP('',(#4678,#4679,#4680,#4681));
#611=EDGE_LOOP('',(#4682,#4683,#4684,#4685));
#612=EDGE_LOOP('',(#4686,#4687,#4688,#4689));
#613=EDGE_LOOP('',(#4690,#4691,#4692,#4693,#4694));
#614=EDGE_LOOP('',(#4695,#4696,#4697,#4698));
#615=EDGE_LOOP('',(#4699,#4700,#4701,#4702));
#616=EDGE_LOOP('',(#4703,#4704,#4705,#4706));
#617=EDGE_LOOP('',(#4707,#4708,#4709,#4710));
#618=EDGE_LOOP('',(#4711,#4712,#4713,#4714));
#619=EDGE_LOOP('',(#4715,#4716,#4717,#4718,#4719,#4720));
#620=EDGE_LOOP('',(#4721,#4722,#4723,#4724,#4725,#4726));
#621=EDGE_LOOP('',(#4727,#4728,#4729,#4730));
#622=EDGE_LOOP('',(#4731,#4732,#4733,#4734,#4735,#4736,#4737,#4738,#4739,
#4740,#4741,#4742));
#623=EDGE_LOOP('',(#4743,#4744,#4745,#4746));
#624=EDGE_LOOP('',(#4747,#4748,#4749,#4750));
#625=EDGE_LOOP('',(#4751,#4752,#4753,#4754));
#626=EDGE_LOOP('',(#4755,#4756,#4757,#4758,#4759,#4760,#4761,#4762,#4763,
#4764,#4765,#4766));
#627=EDGE_LOOP('',(#4767,#4768,#4769,#4770));
#628=EDGE_LOOP('',(#4771,#4772,#4773,#4774,#4775,#4776));
#629=EDGE_LOOP('',(#4777,#4778,#4779,#4780,#4781,#4782,#4783,#4784));
#630=EDGE_LOOP('',(#4785,#4786,#4787,#4788));
#631=EDGE_LOOP('',(#4789,#4790,#4791,#4792));
#632=EDGE_LOOP('',(#4793,#4794,#4795,#4796));
#633=EDGE_LOOP('',(#4797,#4798,#4799,#4800));
#634=EDGE_LOOP('',(#4801,#4802,#4803,#4804));
#635=EDGE_LOOP('',(#4805,#4806,#4807,#4808));
#636=EDGE_LOOP('',(#4809,#4810,#4811,#4812));
#637=EDGE_LOOP('',(#4813,#4814,#4815,#4816));
#638=EDGE_LOOP('',(#4817,#4818,#4819,#4820));
#639=EDGE_LOOP('',(#4821,#4822,#4823,#4824));
#640=EDGE_LOOP('',(#4825,#4826,#4827,#4828));
#641=EDGE_LOOP('',(#4829,#4830,#4831,#4832));
#642=EDGE_LOOP('',(#4833,#4834,#4835,#4836));
#643=EDGE_LOOP('',(#4837,#4838,#4839,#4840));
#644=EDGE_LOOP('',(#4841,#4842,#4843,#4844));
#645=EDGE_LOOP('',(#4845,#4846,#4847,#4848));
#646=EDGE_LOOP('',(#4849,#4850,#4851,#4852));
#647=EDGE_LOOP('',(#4853,#4854,#4855,#4856));
#648=EDGE_LOOP('',(#4857,#4858,#4859,#4860,#4861,#4862,#4863,#4864,#4865,
#4866,#4867,#4868));
#649=EDGE_LOOP('',(#4869,#4870,#4871,#4872,#4873,#4874,#4875,#4876,#4877,
#4878,#4879,#4880));
#650=EDGE_LOOP('',(#4881,#4882,#4883,#4884));
#651=EDGE_LOOP('',(#4885,#4886,#4887,#4888));
#652=EDGE_LOOP('',(#4889,#4890,#4891,#4892));
#653=EDGE_LOOP('',(#4893,#4894,#4895,#4896));
#654=EDGE_LOOP('',(#4897,#4898,#4899,#4900));
#655=EDGE_LOOP('',(#4901,#4902,#4903,#4904));
#656=EDGE_LOOP('',(#4905,#4906,#4907,#4908));
#657=EDGE_LOOP('',(#4909,#4910,#4911,#4912,#4913,#4914,#4915,#4916,#4917,
#4918,#4919,#4920,#4921,#4922,#4923,#4924,#4925,#4926,#4927,#4928,#4929,
#4930,#4931));
#658=EDGE_LOOP('',(#4932,#4933,#4934,#4935,#4936,#4937,#4938,#4939));
#659=EDGE_LOOP('',(#4940));
#660=EDGE_LOOP('',(#4941));
#661=EDGE_LOOP('',(#4942,#4943,#4944,#4945,#4946,#4947));
#662=EDGE_LOOP('',(#4948,#4949,#4950,#4951,#4952,#4953,#4954,#4955,#4956,
#4957,#4958,#4959,#4960,#4961,#4962,#4963,#4964,#4965,#4966,#4967,#4968,
#4969,#4970));
#663=EDGE_LOOP('',(#4971));
#664=EDGE_LOOP('',(#4972,#4973,#4974,#4975,#4976,#4977,#4978,#4979));
#665=EDGE_LOOP('',(#4980));
#666=EDGE_LOOP('',(#4981,#4982,#4983,#4984));
#667=EDGE_LOOP('',(#4985,#4986,#4987,#4988));
#668=EDGE_LOOP('',(#4989,#4990,#4991,#4992));
#669=EDGE_LOOP('',(#4993,#4994,#4995,#4996));
#670=EDGE_LOOP('',(#4997,#4998,#4999,#5000));
#671=EDGE_LOOP('',(#5001,#5002,#5003,#5004));
#672=EDGE_LOOP('',(#5005,#5006,#5007,#5008));
#673=EDGE_LOOP('',(#5009,#5010,#5011,#5012,#5013,#5014));
#674=EDGE_LOOP('',(#5015,#5016,#5017,#5018,#5019,#5020));
#675=EDGE_LOOP('',(#5021,#5022,#5023,#5024,#5025,#5026));
#676=EDGE_LOOP('',(#5027,#5028,#5029,#5030,#5031,#5032));
#677=EDGE_LOOP('',(#5033,#5034,#5035,#5036,#5037,#5038));
#678=EDGE_LOOP('',(#5039,#5040,#5041,#5042));
#679=EDGE_LOOP('',(#5043,#5044,#5045,#5046,#5047,#5048));
#680=EDGE_LOOP('',(#5049,#5050,#5051,#5052,#5053,#5054));
#681=EDGE_LOOP('',(#5055,#5056,#5057,#5058));
#682=EDGE_LOOP('',(#5059,#5060,#5061,#5062));
#683=EDGE_LOOP('',(#5063,#5064,#5065,#5066,#5067,#5068,#5069));
#684=EDGE_LOOP('',(#5070,#5071,#5072,#5073,#5074,#5075));
#685=EDGE_LOOP('',(#5076,#5077,#5078,#5079,#5080,#5081));
#686=EDGE_LOOP('',(#5082,#5083,#5084,#5085));
#687=EDGE_LOOP('',(#5086,#5087,#5088,#5089,#5090,#5091,#5092,#5093,#5094,
#5095,#5096,#5097));
#688=EDGE_LOOP('',(#5098,#5099,#5100,#5101,#5102,#5103,#5104,#5105,#5106,
#5107));
#689=EDGE_LOOP('',(#5108,#5109,#5110,#5111));
#690=EDGE_LOOP('',(#5112,#5113,#5114,#5115,#5116,#5117,#5118,#5119));
#691=EDGE_LOOP('',(#5120,#5121,#5122,#5123));
#692=EDGE_LOOP('',(#5124,#5125,#5126,#5127));
#693=EDGE_LOOP('',(#5128,#5129,#5130,#5131));
#694=EDGE_LOOP('',(#5132,#5133,#5134,#5135));
#695=EDGE_LOOP('',(#5136,#5137,#5138,#5139));
#696=EDGE_LOOP('',(#5140,#5141,#5142,#5143));
#697=EDGE_LOOP('',(#5144,#5145,#5146,#5147));
#698=EDGE_LOOP('',(#5148,#5149,#5150,#5151));
#699=EDGE_LOOP('',(#5152,#5153,#5154,#5155));
#700=EDGE_LOOP('',(#5156,#5157,#5158,#5159));
#701=EDGE_LOOP('',(#5160,#5161,#5162,#5163,#5164,#5165));
#702=EDGE_LOOP('',(#5166,#5167,#5168,#5169,#5170,#5171,#5172));
#703=EDGE_LOOP('',(#5173,#5174,#5175,#5176,#5177,#5178));
#704=EDGE_LOOP('',(#5179,#5180,#5181,#5182));
#705=EDGE_LOOP('',(#5183,#5184,#5185,#5186,#5187,#5188));
#706=EDGE_LOOP('',(#5189,#5190,#5191,#5192));
#707=EDGE_LOOP('',(#5193,#5194,#5195,#5196));
#708=EDGE_LOOP('',(#5197,#5198,#5199,#5200,#5201,#5202));
#709=EDGE_LOOP('',(#5203,#5204,#5205,#5206));
#710=EDGE_LOOP('',(#5207,#5208,#5209,#5210,#5211,#5212,#5213,#5214,#5215,
#5216,#5217,#5218));
#711=EDGE_LOOP('',(#5219,#5220,#5221,#5222));
#712=EDGE_LOOP('',(#5223,#5224,#5225,#5226,#5227,#5228,#5229,#5230,#5231,
#5232,#5233,#5234,#5235));
#713=EDGE_LOOP('',(#5236,#5237,#5238,#5239));
#714=EDGE_LOOP('',(#5240,#5241,#5242,#5243,#5244,#5245));
#715=EDGE_LOOP('',(#5246,#5247,#5248,#5249,#5250,#5251,#5252,#5253));
#716=EDGE_LOOP('',(#5254,#5255,#5256,#5257,#5258,#5259,#5260,#5261,#5262));
#717=EDGE_LOOP('',(#5263,#5264,#5265,#5266,#5267));
#718=EDGE_LOOP('',(#5268,#5269,#5270,#5271));
#719=EDGE_LOOP('',(#5272,#5273,#5274,#5275));
#720=EDGE_LOOP('',(#5276,#5277,#5278,#5279));
#721=EDGE_LOOP('',(#5280,#5281,#5282,#5283,#5284));
#722=EDGE_LOOP('',(#5285,#5286,#5287,#5288,#5289,#5290,#5291,#5292,#5293,
#5294,#5295,#5296));
#723=EDGE_LOOP('',(#5297,#5298,#5299,#5300,#5301,#5302,#5303,#5304,#5305));
#724=EDGE_LOOP('',(#5306,#5307,#5308,#5309,#5310,#5311,#5312,#5313,#5314,
#5315));
#725=EDGE_LOOP('',(#5316,#5317,#5318,#5319,#5320,#5321,#5322,#5323,#5324,
#5325,#5326,#5327,#5328,#5329,#5330,#5331,#5332,#5333,#5334,#5335,#5336,
#5337,#5338,#5339));
#726=EDGE_LOOP('',(#5340,#5341,#5342,#5343,#5344,#5345,#5346,#5347,#5348,
#5349,#5350,#5351,#5352,#5353,#5354,#5355,#5356,#5357,#5358,#5359,#5360,
#5361,#5362,#5363));
#727=EDGE_LOOP('',(#5364,#5365,#5366,#5367,#5368,#5369,#5370,#5371,#5372,
#5373,#5374,#5375,#5376));
#728=EDGE_LOOP('',(#5377,#5378,#5379,#5380,#5381,#5382,#5383,#5384));
#729=EDGE_LOOP('',(#5385,#5386,#5387,#5388,#5389,#5390));
#730=EDGE_LOOP('',(#5391,#5392,#5393,#5394));
#731=EDGE_LOOP('',(#5395,#5396,#5397,#5398,#5399,#5400));
#732=EDGE_LOOP('',(#5401,#5402,#5403,#5404,#5405,#5406,#5407,#5408,#5409,
#5410,#5411,#5412,#5413));
#733=EDGE_LOOP('',(#5414,#5415,#5416,#5417));
#734=EDGE_LOOP('',(#5418,#5419,#5420,#5421));
#735=EDGE_LOOP('',(#5422,#5423,#5424,#5425));
#736=EDGE_LOOP('',(#5426,#5427,#5428,#5429));
#737=EDGE_LOOP('',(#5430,#5431,#5432,#5433));
#738=EDGE_LOOP('',(#5434,#5435,#5436,#5437));
#739=EDGE_LOOP('',(#5438,#5439,#5440,#5441));
#740=EDGE_LOOP('',(#5442,#5443,#5444,#5445));
#741=EDGE_LOOP('',(#5446,#5447,#5448,#5449));
#742=EDGE_LOOP('',(#5450,#5451,#5452,#5453));
#743=EDGE_LOOP('',(#5454,#5455,#5456,#5457));
#744=EDGE_LOOP('',(#5458,#5459,#5460,#5461));
#745=EDGE_LOOP('',(#5462,#5463,#5464,#5465));
#746=EDGE_LOOP('',(#5466,#5467,#5468,#5469));
#747=EDGE_LOOP('',(#5470,#5471,#5472,#5473,#5474,#5475,#5476,#5477,#5478,
#5479));
#748=EDGE_LOOP('',(#5480,#5481,#5482,#5483));
#749=EDGE_LOOP('',(#5484,#5485,#5486,#5487,#5488));
#750=EDGE_LOOP('',(#5489,#5490,#5491,#5492));
#751=EDGE_LOOP('',(#5493,#5494,#5495,#5496,#5497,#5498,#5499,#5500,#5501));
#752=EDGE_LOOP('',(#5502,#5503,#5504,#5505,#5506,#5507,#5508,#5509,#5510));
#753=EDGE_LOOP('',(#5511,#5512,#5513,#5514));
#754=EDGE_LOOP('',(#5515,#5516,#5517,#5518));
#755=EDGE_LOOP('',(#5519,#5520,#5521,#5522));
#756=EDGE_LOOP('',(#5523,#5524,#5525,#5526));
#757=EDGE_LOOP('',(#5527,#5528,#5529,#5530));
#758=EDGE_LOOP('',(#5531,#5532,#5533,#5534));
#759=EDGE_LOOP('',(#5535,#5536,#5537,#5538));
#760=EDGE_LOOP('',(#5539,#5540,#5541,#5542));
#761=EDGE_LOOP('',(#5543,#5544,#5545,#5546));
#762=EDGE_LOOP('',(#5547,#5548,#5549,#5550));
#763=EDGE_LOOP('',(#5551,#5552,#5553,#5554));
#764=EDGE_LOOP('',(#5555,#5556,#5557,#5558));
#765=EDGE_LOOP('',(#5559,#5560,#5561,#5562,#5563,#5564,#5565,#5566,#5567,
#5568,#5569,#5570));
#766=EDGE_LOOP('',(#5571,#5572,#5573,#5574));
#767=EDGE_LOOP('',(#5575,#5576,#5577,#5578));
#768=EDGE_LOOP('',(#5579,#5580,#5581,#5582));
#769=EDGE_LOOP('',(#5583,#5584,#5585,#5586));
#770=EDGE_LOOP('',(#5587,#5588,#5589,#5590,#5591,#5592,#5593,#5594,#5595,
#5596,#5597,#5598));
#771=EDGE_LOOP('',(#5599,#5600,#5601,#5602));
#772=EDGE_LOOP('',(#5603,#5604,#5605,#5606));
#773=EDGE_LOOP('',(#5607,#5608,#5609,#5610,#5611));
#774=EDGE_LOOP('',(#5612,#5613,#5614,#5615));
#775=EDGE_LOOP('',(#5616,#5617,#5618,#5619,#5620));
#776=EDGE_LOOP('',(#5621,#5622,#5623,#5624));
#777=EDGE_LOOP('',(#5625,#5626,#5627,#5628));
#778=EDGE_LOOP('',(#5629,#5630,#5631,#5632));
#779=EDGE_LOOP('',(#5633,#5634,#5635,#5636,#5637,#5638,#5639,#5640,#5641));
#780=EDGE_LOOP('',(#5642,#5643,#5644,#5645));
#781=EDGE_LOOP('',(#5646,#5647,#5648,#5649));
#782=EDGE_LOOP('',(#5650,#5651,#5652,#5653));
#783=EDGE_LOOP('',(#5654,#5655,#5656,#5657,#5658,#5659,#5660,#5661,#5662));
#784=EDGE_LOOP('',(#5663,#5664,#5665,#5666));
#785=EDGE_LOOP('',(#5667,#5668,#5669,#5670));
#786=EDGE_LOOP('',(#5671,#5672,#5673,#5674));
#787=EDGE_LOOP('',(#5675,#5676,#5677,#5678));
#788=EDGE_LOOP('',(#5679,#5680,#5681,#5682));
#789=EDGE_LOOP('',(#5683,#5684,#5685,#5686));
#790=EDGE_LOOP('',(#5687,#5688,#5689,#5690));
#791=EDGE_LOOP('',(#5691,#5692,#5693,#5694));
#792=EDGE_LOOP('',(#5695,#5696,#5697,#5698,#5699,#5700,#5701,#5702,#5703,
#5704,#5705,#5706,#5707));
#793=EDGE_LOOP('',(#5708,#5709,#5710,#5711));
#794=EDGE_LOOP('',(#5712,#5713,#5714,#5715));
#795=EDGE_LOOP('',(#5716,#5717,#5718,#5719));
#796=EDGE_LOOP('',(#5720,#5721,#5722,#5723));
#797=EDGE_LOOP('',(#5724,#5725,#5726,#5727));
#798=EDGE_LOOP('',(#5728,#5729,#5730,#5731));
#799=EDGE_LOOP('',(#5732,#5733,#5734,#5735));
#800=EDGE_LOOP('',(#5736,#5737,#5738,#5739));
#801=EDGE_LOOP('',(#5740,#5741,#5742,#5743,#5744,#5745,#5746,#5747,#5748,
#5749,#5750,#5751,#5752));
#802=EDGE_LOOP('',(#5753,#5754,#5755,#5756));
#803=EDGE_LOOP('',(#5757,#5758,#5759,#5760));
#804=EDGE_LOOP('',(#5761,#5762,#5763,#5764));
#805=EDGE_LOOP('',(#5765,#5766,#5767,#5768,#5769,#5770,#5771,#5772,#5773,
#5774,#5775,#5776,#5777));
#806=EDGE_LOOP('',(#5778,#5779,#5780,#5781));
#807=EDGE_LOOP('',(#5782,#5783,#5784,#5785));
#808=EDGE_LOOP('',(#5786,#5787,#5788,#5789));
#809=EDGE_LOOP('',(#5790,#5791,#5792,#5793));
#810=EDGE_LOOP('',(#5794,#5795,#5796,#5797));
#811=EDGE_LOOP('',(#5798,#5799,#5800,#5801));
#812=EDGE_LOOP('',(#5802,#5803,#5804,#5805));
#813=EDGE_LOOP('',(#5806,#5807,#5808,#5809));
#814=EDGE_LOOP('',(#5810,#5811,#5812,#5813,#5814,#5815,#5816,#5817,#5818,
#5819,#5820,#5821,#5822));
#815=EDGE_LOOP('',(#5823,#5824,#5825,#5826));
#816=EDGE_LOOP('',(#5827,#5828,#5829,#5830));
#817=EDGE_LOOP('',(#5831,#5832,#5833,#5834));
#818=EDGE_LOOP('',(#5835,#5836,#5837,#5838,#5839,#5840,#5841,#5842,#5843,
#5844,#5845,#5846,#5847));
#819=EDGE_LOOP('',(#5848,#5849,#5850,#5851));
#820=EDGE_LOOP('',(#5852,#5853,#5854,#5855));
#821=EDGE_LOOP('',(#5856,#5857,#5858,#5859));
#822=EDGE_LOOP('',(#5860,#5861,#5862,#5863));
#823=EDGE_LOOP('',(#5864,#5865,#5866,#5867));
#824=EDGE_LOOP('',(#5868,#5869,#5870,#5871));
#825=EDGE_LOOP('',(#5872,#5873,#5874,#5875));
#826=EDGE_LOOP('',(#5876,#5877,#5878,#5879));
#827=EDGE_LOOP('',(#5880,#5881,#5882,#5883,#5884,#5885,#5886,#5887,#5888,
#5889,#5890,#5891,#5892));
#828=EDGE_LOOP('',(#5893,#5894,#5895,#5896));
#829=EDGE_LOOP('',(#5897,#5898,#5899,#5900));
#830=EDGE_LOOP('',(#5901,#5902,#5903,#5904));
#831=EDGE_LOOP('',(#5905,#5906,#5907,#5908,#5909,#5910,#5911,#5912,#5913,
#5914,#5915,#5916,#5917));
#832=EDGE_LOOP('',(#5918,#5919,#5920,#5921));
#833=EDGE_LOOP('',(#5922,#5923,#5924,#5925));
#834=EDGE_LOOP('',(#5926,#5927,#5928,#5929));
#835=EDGE_LOOP('',(#5930,#5931,#5932,#5933));
#836=EDGE_LOOP('',(#5934,#5935,#5936,#5937));
#837=EDGE_LOOP('',(#5938,#5939,#5940,#5941));
#838=EDGE_LOOP('',(#5942,#5943,#5944,#5945));
#839=EDGE_LOOP('',(#5946,#5947,#5948,#5949));
#840=EDGE_LOOP('',(#5950,#5951,#5952,#5953,#5954,#5955,#5956,#5957,#5958,
#5959,#5960,#5961,#5962));
#841=EDGE_LOOP('',(#5963,#5964,#5965,#5966));
#842=EDGE_LOOP('',(#5967,#5968,#5969,#5970));
#843=EDGE_LOOP('',(#5971,#5972,#5973,#5974));
#844=EDGE_LOOP('',(#5975,#5976,#5977,#5978,#5979,#5980,#5981,#5982,#5983,
#5984,#5985,#5986,#5987));
#845=EDGE_LOOP('',(#5988,#5989,#5990,#5991));
#846=EDGE_LOOP('',(#5992,#5993,#5994,#5995));
#847=EDGE_LOOP('',(#5996,#5997,#5998,#5999));
#848=EDGE_LOOP('',(#6000,#6001,#6002,#6003));
#849=EDGE_LOOP('',(#6004,#6005,#6006,#6007));
#850=EDGE_LOOP('',(#6008,#6009,#6010,#6011));
#851=EDGE_LOOP('',(#6012,#6013,#6014,#6015));
#852=EDGE_LOOP('',(#6016,#6017,#6018,#6019,#6020,#6021));
#853=EDGE_LOOP('',(#6022,#6023,#6024,#6025));
#854=EDGE_LOOP('',(#6026,#6027,#6028,#6029,#6030,#6031,#6032));
#855=EDGE_LOOP('',(#6033,#6034,#6035,#6036));
#856=EDGE_LOOP('',(#6037,#6038,#6039,#6040,#6041,#6042,#6043,#6044,#6045,
#6046,#6047,#6048));
#857=EDGE_LOOP('',(#6049,#6050,#6051,#6052));
#858=EDGE_LOOP('',(#6053,#6054,#6055,#6056,#6057,#6058));
#859=EDGE_LOOP('',(#6059,#6060,#6061,#6062));
#860=EDGE_LOOP('',(#6063,#6064,#6065,#6066));
#861=EDGE_LOOP('',(#6067,#6068,#6069,#6070));
#862=EDGE_LOOP('',(#6071,#6072,#6073,#6074,#6075,#6076,#6077,#6078));
#863=EDGE_LOOP('',(#6079,#6080,#6081,#6082));
#864=EDGE_LOOP('',(#6083,#6084,#6085,#6086));
#865=EDGE_LOOP('',(#6087,#6088,#6089,#6090));
#866=EDGE_LOOP('',(#6091,#6092,#6093,#6094));
#867=EDGE_LOOP('',(#6095,#6096,#6097,#6098));
#868=EDGE_LOOP('',(#6099,#6100,#6101,#6102));
#869=EDGE_LOOP('',(#6103,#6104,#6105,#6106));
#870=EDGE_LOOP('',(#6107,#6108,#6109,#6110));
#871=EDGE_LOOP('',(#6111,#6112,#6113,#6114));
#872=EDGE_LOOP('',(#6115,#6116,#6117,#6118));
#873=EDGE_LOOP('',(#6119,#6120,#6121,#6122));
#874=EDGE_LOOP('',(#6123,#6124,#6125,#6126));
#875=EDGE_LOOP('',(#6127,#6128,#6129,#6130));
#876=EDGE_LOOP('',(#6131,#6132,#6133,#6134));
#877=EDGE_LOOP('',(#6135,#6136,#6137,#6138));
#878=EDGE_LOOP('',(#6139,#6140,#6141,#6142));
#879=EDGE_LOOP('',(#6143,#6144,#6145,#6146));
#880=EDGE_LOOP('',(#6147,#6148,#6149,#6150));
#881=EDGE_LOOP('',(#6151,#6152,#6153,#6154));
#882=EDGE_LOOP('',(#6155,#6156,#6157,#6158));
#883=EDGE_LOOP('',(#6159,#6160,#6161,#6162));
#884=EDGE_LOOP('',(#6163,#6164,#6165,#6166));
#885=EDGE_LOOP('',(#6167,#6168,#6169,#6170));
#886=EDGE_LOOP('',(#6171,#6172,#6173,#6174));
#887=EDGE_LOOP('',(#6175,#6176,#6177,#6178));
#888=EDGE_LOOP('',(#6179,#6180,#6181,#6182));
#889=EDGE_LOOP('',(#6183,#6184,#6185,#6186));
#890=EDGE_LOOP('',(#6187,#6188,#6189,#6190));
#891=EDGE_LOOP('',(#6191,#6192,#6193,#6194));
#892=EDGE_LOOP('',(#6195,#6196,#6197,#6198));
#893=EDGE_LOOP('',(#6199,#6200,#6201,#6202));
#894=EDGE_LOOP('',(#6203,#6204,#6205,#6206));
#895=EDGE_LOOP('',(#6207,#6208,#6209,#6210));
#896=EDGE_LOOP('',(#6211,#6212,#6213,#6214));
#897=EDGE_LOOP('',(#6215,#6216,#6217,#6218,#6219,#6220));
#898=EDGE_LOOP('',(#6221,#6222,#6223,#6224,#6225));
#899=EDGE_LOOP('',(#6226,#6227,#6228,#6229));
#900=EDGE_LOOP('',(#6230,#6231,#6232,#6233,#6234,#6235));
#901=EDGE_LOOP('',(#6236,#6237,#6238,#6239,#6240,#6241));
#902=EDGE_LOOP('',(#6242,#6243,#6244,#6245));
#903=EDGE_LOOP('',(#6246,#6247,#6248,#6249));
#904=EDGE_LOOP('',(#6250,#6251,#6252,#6253));
#905=EDGE_LOOP('',(#6254,#6255,#6256,#6257));
#906=EDGE_LOOP('',(#6258,#6259,#6260,#6261,#6262));
#907=EDGE_LOOP('',(#6263,#6264,#6265,#6266));
#908=EDGE_LOOP('',(#6267,#6268,#6269,#6270));
#909=EDGE_LOOP('',(#6271,#6272,#6273,#6274));
#910=EDGE_LOOP('',(#6275,#6276,#6277,#6278));
#911=EDGE_LOOP('',(#6279,#6280,#6281,#6282));
#912=EDGE_LOOP('',(#6283,#6284,#6285,#6286));
#913=EDGE_LOOP('',(#6287,#6288,#6289,#6290));
#914=EDGE_LOOP('',(#6291,#6292,#6293,#6294));
#915=EDGE_LOOP('',(#6295,#6296,#6297,#6298));
#916=EDGE_LOOP('',(#6299,#6300,#6301,#6302));
#917=EDGE_LOOP('',(#6303,#6304,#6305,#6306,#6307,#6308,#6309,#6310,#6311,
#6312));
#918=EDGE_LOOP('',(#6313,#6314,#6315,#6316,#6317,#6318,#6319,#6320));
#919=EDGE_LOOP('',(#6321,#6322,#6323,#6324));
#920=EDGE_LOOP('',(#6325,#6326,#6327,#6328,#6329,#6330,#6331,#6332,#6333,
#6334,#6335,#6336,#6337,#6338,#6339,#6340,#6341,#6342,#6343,#6344,#6345,
#6346,#6347));
#921=EDGE_LOOP('',(#6348,#6349,#6350,#6351,#6352,#6353,#6354,#6355));
#922=EDGE_LOOP('',(#6356));
#923=EDGE_LOOP('',(#6357));
#924=EDGE_LOOP('',(#6358,#6359,#6360,#6361,#6362,#6363));
#925=EDGE_LOOP('',(#6364,#6365,#6366,#6367,#6368,#6369));
#926=EDGE_LOOP('',(#6370,#6371,#6372,#6373,#6374,#6375));
#927=EDGE_LOOP('',(#6376,#6377,#6378,#6379));
#928=EDGE_LOOP('',(#6380,#6381,#6382,#6383,#6384,#6385));
#929=EDGE_LOOP('',(#6386,#6387,#6388,#6389,#6390,#6391));
#930=EDGE_LOOP('',(#6392,#6393,#6394,#6395,#6396,#6397));
#931=EDGE_LOOP('',(#6398,#6399,#6400,#6401));
#932=EDGE_LOOP('',(#6402,#6403,#6404,#6405,#6406,#6407,#6408,#6409,#6410,
#6411,#6412,#6413,#6414,#6415,#6416,#6417,#6418,#6419,#6420,#6421,#6422,
#6423,#6424));
#933=EDGE_LOOP('',(#6425));
#934=EDGE_LOOP('',(#6426,#6427,#6428,#6429,#6430,#6431,#6432,#6433));
#935=EDGE_LOOP('',(#6434));
#936=EDGE_LOOP('',(#6435,#6436,#6437,#6438));
#937=EDGE_LOOP('',(#6439,#6440,#6441,#6442));
#938=EDGE_LOOP('',(#6443,#6444,#6445,#6446));
#939=EDGE_LOOP('',(#6447,#6448,#6449,#6450));
#940=EDGE_LOOP('',(#6451,#6452,#6453,#6454));
#941=EDGE_LOOP('',(#6455,#6456,#6457,#6458));
#942=EDGE_LOOP('',(#6459,#6460,#6461,#6462,#6463,#6464));
#943=EDGE_LOOP('',(#6465,#6466,#6467,#6468,#6469,#6470));
#944=EDGE_LOOP('',(#6471,#6472,#6473,#6474));
#945=EDGE_LOOP('',(#6475,#6476,#6477,#6478));
#946=EDGE_LOOP('',(#6479,#6480,#6481,#6482));
#947=EDGE_LOOP('',(#6483,#6484,#6485,#6486,#6487,#6488));
#948=EDGE_LOOP('',(#6489,#6490,#6491,#6492));
#949=EDGE_LOOP('',(#6493,#6494,#6495,#6496));
#950=EDGE_LOOP('',(#6497,#6498,#6499,#6500));
#951=EDGE_LOOP('',(#6501,#6502,#6503,#6504));
#952=EDGE_LOOP('',(#6505,#6506,#6507,#6508,#6509,#6510));
#953=EDGE_LOOP('',(#6511,#6512,#6513,#6514));
#954=EDGE_LOOP('',(#6515,#6516,#6517,#6518,#6519,#6520,#6521));
#955=EDGE_LOOP('',(#6522,#6523,#6524,#6525,#6526,#6527));
#956=EDGE_LOOP('',(#6528,#6529,#6530,#6531));
#957=EDGE_LOOP('',(#6532,#6533,#6534,#6535));
#958=EDGE_LOOP('',(#6536,#6537,#6538,#6539));
#959=EDGE_LOOP('',(#6540,#6541,#6542,#6543));
#960=EDGE_LOOP('',(#6544,#6545,#6546,#6547));
#961=EDGE_LOOP('',(#6548,#6549,#6550,#6551));
#962=EDGE_LOOP('',(#6552,#6553,#6554,#6555));
#963=EDGE_LOOP('',(#6556,#6557,#6558,#6559));
#964=EDGE_LOOP('',(#6560,#6561,#6562,#6563));
#965=EDGE_LOOP('',(#6564,#6565,#6566,#6567));
#966=EDGE_LOOP('',(#6568,#6569,#6570,#6571));
#967=EDGE_LOOP('',(#6572,#6573,#6574,#6575));
#968=EDGE_LOOP('',(#6576,#6577,#6578,#6579));
#969=EDGE_LOOP('',(#6580,#6581,#6582,#6583));
#970=EDGE_LOOP('',(#6584,#6585,#6586,#6587));
#971=CIRCLE('',#7570,0.2);
#972=CIRCLE('',#7571,0.2);
#973=CIRCLE('',#7574,0.2);
#974=CIRCLE('',#7575,0.2);
#975=CIRCLE('',#7576,0.2);
#976=CIRCLE('',#7579,0.2);
#977=CIRCLE('',#7583,0.4);
#978=CIRCLE('',#7585,0.4);
#979=CIRCLE('',#7588,0.2);
#980=CIRCLE('',#7589,0.2);
#981=CIRCLE('',#7603,0.3);
#982=CIRCLE('',#7604,0.5);
#983=CIRCLE('',#7605,0.5);
#984=CIRCLE('',#7606,0.5);
#985=CIRCLE('',#7607,0.5);
#986=CIRCLE('',#7608,0.3);
#987=CIRCLE('',#7621,0.4);
#988=CIRCLE('',#7624,0.4);
#989=CIRCLE('',#7626,0.4);
#990=CIRCLE('',#7629,0.4);
#991=CIRCLE('',#7631,0.3);
#992=CIRCLE('',#7636,0.2);
#993=CIRCLE('',#7637,0.2);
#994=CIRCLE('',#7640,0.2);
#995=CIRCLE('',#7641,0.2);
#996=CIRCLE('',#7643,0.2);
#997=CIRCLE('',#7644,0.2);
#998=CIRCLE('',#7647,0.2);
#999=CIRCLE('',#7650,0.2);
#1000=CIRCLE('',#7656,0.5);
#1001=CIRCLE('',#7657,0.5);
#1002=CIRCLE('',#7658,0.5);
#1003=CIRCLE('',#7659,0.5);
#1004=CIRCLE('',#7661,0.03);
#1005=CIRCLE('',#7662,0.03);
#1006=CIRCLE('',#7664,0.03);
#1007=CIRCLE('',#7665,0.03);
#1008=CIRCLE('',#7667,0.47);
#1009=CIRCLE('',#7669,0.47);
#1010=CIRCLE('',#7672,0.47);
#1011=CIRCLE('',#7673,0.03);
#1012=CIRCLE('',#7674,0.03);
#1013=CIRCLE('',#7676,0.03);
#1014=CIRCLE('',#7678,0.03);
#1015=CIRCLE('',#7680,0.47);
#1016=CIRCLE('',#7686,0.5);
#1017=CIRCLE('',#7689,0.5);
#1018=CIRCLE('',#7690,0.4);
#1019=CIRCLE('',#7692,0.4);
#1020=CIRCLE('',#7693,0.4);
#1021=CIRCLE('',#7694,0.4);
#1022=CIRCLE('',#7695,0.4);
#1023=CIRCLE('',#7696,0.399999999999999);
#1024=CIRCLE('',#7697,0.273205080756889);
#1025=CIRCLE('',#7698,0.273205080756888);
#1026=CIRCLE('',#7699,0.273205080756889);
#1027=CIRCLE('',#7700,0.273205080756889);
#1028=CIRCLE('',#7701,0.273205080756889);
#1029=CIRCLE('',#7702,0.273205080756889);
#1030=CIRCLE('',#7706,0.2);
#1031=CIRCLE('',#7707,0.2);
#1032=CIRCLE('',#7709,0.2);
#1033=CIRCLE('',#7710,0.2);
#1034=CIRCLE('',#7715,0.2);
#1035=CIRCLE('',#7716,0.2);
#1036=CIRCLE('',#7717,0.2);
#1037=CIRCLE('',#7718,0.2);
#1038=CIRCLE('',#7719,0.150000000000002);
#1039=CIRCLE('',#7720,0.5);
#1040=CIRCLE('',#7721,0.5);
#1041=CIRCLE('',#7722,0.150000000000003);
#1042=CIRCLE('',#7723,0.3);
#1043=CIRCLE('',#7724,0.3);
#1044=CIRCLE('',#7726,0.15000000000001);
#1045=CIRCLE('',#7729,0.2);
#1046=CIRCLE('',#7730,0.2);
#1047=CIRCLE('',#7731,0.2);
#1048=CIRCLE('',#7732,0.2);
#1049=CIRCLE('',#7733,0.3);
#1050=CIRCLE('',#7734,0.15);
#1051=CIRCLE('',#7735,0.5);
#1052=CIRCLE('',#7736,0.5);
#1053=CIRCLE('',#7737,0.3);
#1054=CIRCLE('',#7746,0.2);
#1055=CIRCLE('',#7747,0.2);
#1056=CIRCLE('',#7749,0.4);
#1057=CIRCLE('',#7751,0.4);
#1058=CIRCLE('',#7754,0.2);
#1059=CIRCLE('',#7755,0.2);
#1060=CIRCLE('',#7757,0.2);
#1061=CIRCLE('',#7760,0.2);
#1062=CIRCLE('',#7765,0.4);
#1063=CIRCLE('',#7766,0.2);
#1064=CIRCLE('',#7771,0.2);
#1065=CIRCLE('',#7772,0.2);
#1066=CIRCLE('',#7773,0.4);
#1067=CIRCLE('',#7774,0.4);
#1068=CIRCLE('',#7776,0.15);
#1069=CIRCLE('',#7777,0.15);
#1070=CIRCLE('',#7779,0.4);
#1071=CIRCLE('',#7781,0.2);
#1072=CIRCLE('',#7793,0.4);
#1073=CIRCLE('',#7795,0.2);
#1074=CIRCLE('',#7799,0.5);
#1075=CIRCLE('',#7803,0.4);
#1076=CIRCLE('',#7806,0.2);
#1077=CIRCLE('',#7807,0.4);
#1078=CIRCLE('',#7808,0.2);
#1079=CIRCLE('',#7809,0.4);
#1080=CIRCLE('',#7811,0.2);
#1081=CIRCLE('',#7815,0.4);
#1082=CIRCLE('',#7823,0.3);
#1083=CIRCLE('',#7825,0.0999999999999996);
#1084=CIRCLE('',#7826,0.0999999999999996);
#1085=CIRCLE('',#7827,0.1);
#1086=CIRCLE('',#7828,0.1);
#1087=CIRCLE('',#7829,0.1);
#1088=CIRCLE('',#7830,0.1);
#1089=CIRCLE('',#7837,0.4);
#1090=CIRCLE('',#7839,0.2);
#1091=CIRCLE('',#7842,0.2);
#1092=CIRCLE('',#7844,0.3);
#1093=CIRCLE('',#7845,0.15);
#1094=CIRCLE('',#7846,0.2);
#1095=CIRCLE('',#7847,0.1);
#1096=CIRCLE('',#7850,0.2);
#1097=CIRCLE('',#7851,0.2);
#1098=CIRCLE('',#7853,0.2);
#1099=CIRCLE('',#7854,0.2);
#1100=CIRCLE('',#7856,0.2);
#1101=CIRCLE('',#7857,0.2);
#1102=CIRCLE('',#7858,0.2);
#1103=CIRCLE('',#7859,0.2);
#1104=CIRCLE('',#7860,0.2);
#1105=CIRCLE('',#7861,0.2);
#1106=CIRCLE('',#7863,0.2);
#1107=CIRCLE('',#7865,0.2);
#1108=CIRCLE('',#7872,4.);
#1109=CIRCLE('',#7873,4.);
#1110=CIRCLE('',#7875,0.2);
#1111=CIRCLE('',#7876,0.15);
#1112=CIRCLE('',#7877,1.35);
#1113=CIRCLE('',#7879,1.35);
#1114=CIRCLE('',#7880,0.15);
#1115=CIRCLE('',#7881,0.2);
#1116=CIRCLE('',#7892,0.3);
#1117=CIRCLE('',#7895,0.2);
#1118=CIRCLE('',#7896,0.2);
#1119=CIRCLE('',#7900,0.2);
#1120=CIRCLE('',#7903,0.2);
#1121=CIRCLE('',#7910,0.2);
#1122=CIRCLE('',#7911,0.2);
#1123=CIRCLE('',#7913,1.35);
#1124=CIRCLE('',#7914,1.35);
#1125=CIRCLE('',#7917,4.);
#1126=CIRCLE('',#7918,0.15);
#1127=CIRCLE('',#7921,0.15);
#1128=CIRCLE('',#7923,4.);
#1129=CIRCLE('',#7933,0.1);
#1130=CIRCLE('',#7934,0.2);
#1131=CIRCLE('',#7935,0.15);
#1132=CIRCLE('',#7936,0.3);
#1133=CIRCLE('',#7941,0.1);
#1134=CIRCLE('',#7943,0.2);
#1135=CIRCLE('',#7945,0.15);
#1136=CIRCLE('',#7949,0.3);
#1137=CIRCLE('',#7954,0.1);
#1138=CIRCLE('',#7955,0.2);
#1139=CIRCLE('',#7956,0.15);
#1140=CIRCLE('',#7957,0.3);
#1141=CIRCLE('',#7962,0.1);
#1142=CIRCLE('',#7964,0.2);
#1143=CIRCLE('',#7966,0.15);
#1144=CIRCLE('',#7970,0.3);
#1145=CIRCLE('',#7975,0.1);
#1146=CIRCLE('',#7976,0.2);
#1147=CIRCLE('',#7977,0.15);
#1148=CIRCLE('',#7978,0.3);
#1149=CIRCLE('',#7983,0.1);
#1150=CIRCLE('',#7985,0.2);
#1151=CIRCLE('',#7987,0.15);
#1152=CIRCLE('',#7991,0.3);
#1153=CIRCLE('',#7996,0.1);
#1154=CIRCLE('',#7997,0.2);
#1155=CIRCLE('',#7998,0.15);
#1156=CIRCLE('',#7999,0.3);
#1157=CIRCLE('',#8004,0.1);
#1158=CIRCLE('',#8006,0.2);
#1159=CIRCLE('',#8008,0.15);
#1160=CIRCLE('',#8012,0.3);
#1161=CIRCLE('',#8017,0.1);
#1162=CIRCLE('',#8018,0.2);
#1163=CIRCLE('',#8019,0.15);
#1164=CIRCLE('',#8028,0.2);
#1165=CIRCLE('',#8029,0.2);
#1166=CIRCLE('',#8032,0.4);
#1167=CIRCLE('',#8034,0.15);
#1168=CIRCLE('',#8036,0.4);
#1169=CIRCLE('',#8037,0.2);
#1170=CIRCLE('',#8040,0.2);
#1171=CIRCLE('',#8042,0.5);
#1172=CIRCLE('',#8046,0.2);
#1173=CIRCLE('',#8047,0.15);
#1174=CIRCLE('',#8048,0.15);
#1175=CIRCLE('',#8049,0.15);
#1176=CIRCLE('',#8050,0.15);
#1177=CIRCLE('',#8051,0.15);
#1178=CIRCLE('',#8052,0.15);
#1179=CIRCLE('',#8053,0.15);
#1180=CIRCLE('',#8054,0.15);
#1181=CIRCLE('',#8056,0.05);
#1182=CIRCLE('',#8057,0.05);
#1183=CIRCLE('',#8059,0.1);
#1184=CIRCLE('',#8060,0.05);
#1185=CIRCLE('',#8062,0.1);
#1186=CIRCLE('',#8063,0.05);
#1187=CIRCLE('',#8075,0.025);
#1188=CIRCLE('',#8076,0.025);
#1189=CIRCLE('',#8078,0.125);
#1190=CIRCLE('',#8079,0.025);
#1191=CIRCLE('',#8081,0.025);
#1192=CIRCLE('',#8083,0.125);
#1193=CIRCLE('',#8086,0.125);
#1194=CIRCLE('',#8087,0.025);
#1195=CIRCLE('',#8088,0.025);
#1196=CIRCLE('',#8090,0.025);
#1197=CIRCLE('',#8092,0.125);
#1198=CIRCLE('',#8093,0.025);
#1199=CIRCLE('',#8097,0.025);
#1200=CIRCLE('',#8098,0.025);
#1201=CIRCLE('',#8100,0.025);
#1202=CIRCLE('',#8101,0.025);
#1203=CIRCLE('',#8103,0.125);
#1204=CIRCLE('',#8105,0.125);
#1205=CIRCLE('',#8109,0.5);
#1206=CIRCLE('',#8110,0.5);
#1207=CIRCLE('',#8118,0.5);
#1208=CIRCLE('',#8122,0.5);
#1209=CIRCLE('',#8132,0.15);
#1210=CIRCLE('',#8134,0.4);
#1211=CIRCLE('',#8135,0.2);
#1212=CIRCLE('',#8137,0.2);
#1213=CIRCLE('',#8138,0.2);
#1214=CIRCLE('',#8140,0.2);
#1215=CIRCLE('',#8141,0.2);
#1216=CIRCLE('',#8142,0.2);
#1217=CIRCLE('',#8143,0.2);
#1218=CIRCLE('',#8144,0.2);
#1219=CIRCLE('',#8145,0.15000000000001);
#1220=CIRCLE('',#8146,0.5);
#1221=CIRCLE('',#8147,0.5);
#1222=CIRCLE('',#8148,0.150000000000007);
#1223=CIRCLE('',#8149,0.3);
#1224=CIRCLE('',#8150,0.3);
#1225=CIRCLE('',#8152,0.2);
#1226=CIRCLE('',#8153,0.4);
#1227=CIRCLE('',#8155,0.2);
#1228=CIRCLE('',#8156,0.2);
#1229=CIRCLE('',#8159,0.150000000000003);
#1230=CIRCLE('',#8161,0.2);
#1231=CIRCLE('',#8163,0.2);
#1232=CIRCLE('',#8165,0.2);
#1233=CIRCLE('',#8167,0.4);
#1234=CIRCLE('',#8170,0.5);
#1235=CIRCLE('',#8172,0.2);
#1236=CIRCLE('',#8173,0.2);
#1237=CIRCLE('',#8174,0.2);
#1238=CIRCLE('',#8175,0.2);
#1239=CIRCLE('',#8176,0.2);
#1240=CIRCLE('',#8177,0.3);
#1241=CIRCLE('',#8178,0.150000000000002);
#1242=CIRCLE('',#8179,0.5);
#1243=CIRCLE('',#8180,0.3);
#1244=CIRCLE('',#8198,0.4);
#1245=LINE('',#10268,#1994);
#1246=LINE('',#10270,#1995);
#1247=LINE('',#10272,#1996);
#1248=LINE('',#10274,#1997);
#1249=LINE('',#10276,#1998);
#1250=LINE('',#10278,#1999);
#1251=LINE('',#10280,#2000);
#1252=LINE('',#10282,#2001);
#1253=LINE('',#10284,#2002);
#1254=LINE('',#10288,#2003);
#1255=LINE('',#10292,#2004);
#1256=LINE('',#10293,#2005);
#1257=LINE('',#10297,#2006);
#1258=LINE('',#10299,#2007);
#1259=LINE('',#10301,#2008);
#1260=LINE('',#10303,#2009);
#1261=LINE('',#10305,#2010);
#1262=LINE('',#10307,#2011);
#1263=LINE('',#10309,#2012);
#1264=LINE('',#10311,#2013);
#1265=LINE('',#10313,#2014);
#1266=LINE('',#10315,#2015);
#1267=LINE('',#10317,#2016);
#1268=LINE('',#10318,#2017);
#1269=LINE('',#10329,#2018);
#1270=LINE('',#10331,#2019);
#1271=LINE('',#10333,#2020);
#1272=LINE('',#10335,#2021);
#1273=LINE('',#10337,#2022);
#1274=LINE('',#10339,#2023);
#1275=LINE('',#10341,#2024);
#1276=LINE('',#10343,#2025);
#1277=LINE('',#10345,#2026);
#1278=LINE('',#10347,#2027);
#1279=LINE('',#10349,#2028);
#1280=LINE('',#10350,#2029);
#1281=LINE('',#10353,#2030);
#1282=LINE('',#10356,#2031);
#1283=LINE('',#10358,#2032);
#1284=LINE('',#10359,#2033);
#1285=LINE('',#10372,#2034);
#1286=LINE('',#10374,#2035);
#1287=LINE('',#10375,#2036);
#1288=LINE('',#10376,#2037);
#1289=LINE('',#10378,#2038);
#1290=LINE('',#10381,#2039);
#1291=LINE('',#10383,#2040);
#1292=LINE('',#10387,#2041);
#1293=LINE('',#10390,#2042);
#1294=LINE('',#10394,#2043);
#1295=LINE('',#10396,#2044);
#1296=LINE('',#10398,#2045);
#1297=LINE('',#10400,#2046);
#1298=LINE('',#10402,#2047);
#1299=LINE('',#10404,#2048);
#1300=LINE('',#10406,#2049);
#1301=LINE('',#10408,#2050);
#1302=LINE('',#10410,#2051);
#1303=LINE('',#10412,#2052);
#1304=LINE('',#10414,#2053);
#1305=LINE('',#10415,#2054);
#1306=LINE('',#10423,#2055);
#1307=LINE('',#10424,#2056);
#1308=LINE('',#10425,#2057);
#1309=LINE('',#10427,#2058);
#1310=LINE('',#10429,#2059);
#1311=LINE('',#10431,#2060);
#1312=LINE('',#10435,#2061);
#1313=LINE('',#10437,#2062);
#1314=LINE('',#10439,#2063);
#1315=LINE('',#10443,#2064);
#1316=LINE('',#10447,#2065);
#1317=LINE('',#10449,#2066);
#1318=LINE('',#10451,#2067);
#1319=LINE('',#10453,#2068);
#1320=LINE('',#10455,#2069);
#1321=LINE('',#10459,#2070);
#1322=LINE('',#10463,#2071);
#1323=LINE('',#10465,#2072);
#1324=LINE('',#10467,#2073);
#1325=LINE('',#10471,#2074);
#1326=LINE('',#10472,#2075);
#1327=LINE('',#10475,#2076);
#1328=LINE('',#10477,#2077);
#1329=LINE('',#10479,#2078);
#1330=LINE('',#10480,#2079);
#1331=LINE('',#10483,#2080);
#1332=LINE('',#10485,#2081);
#1333=LINE('',#10486,#2082);
#1334=LINE('',#10489,#2083);
#1335=LINE('',#10490,#2084);
#1336=LINE('',#10492,#2085);
#1337=LINE('',#10493,#2086);
#1338=LINE('',#10496,#2087);
#1339=LINE('',#10498,#2088);
#1340=LINE('',#10500,#2089);
#1341=LINE('',#10501,#2090);
#1342=LINE('',#10504,#2091);
#1343=LINE('',#10506,#2092);
#1344=LINE('',#10507,#2093);
#1345=LINE('',#10510,#2094);
#1346=LINE('',#10511,#2095);
#1347=LINE('',#10513,#2096);
#1348=LINE('',#10514,#2097);
#1349=LINE('',#10520,#2098);
#1350=LINE('',#10522,#2099);
#1351=LINE('',#10524,#2100);
#1352=LINE('',#10526,#2101);
#1353=LINE('',#10528,#2102);
#1354=LINE('',#10530,#2103);
#1355=LINE('',#10532,#2104);
#1356=LINE('',#10533,#2105);
#1357=LINE('',#10546,#2106);
#1358=LINE('',#10575,#2107);
#1359=LINE('',#10579,#2108);
#1360=LINE('',#10581,#2109);
#1361=LINE('',#10583,#2110);
#1362=LINE('',#10584,#2111);
#1363=LINE('',#10587,#2112);
#1364=LINE('',#10588,#2113);
#1365=LINE('',#10591,#2114);
#1366=LINE('',#10593,#2115);
#1367=LINE('',#10594,#2116);
#1368=LINE('',#10598,#2117);
#1369=LINE('',#10602,#2118);
#1370=LINE('',#10607,#2119);
#1371=LINE('',#10608,#2120);
#1372=LINE('',#10609,#2121);
#1373=LINE('',#10614,#2122);
#1374=LINE('',#10616,#2123);
#1375=LINE('',#10618,#2124);
#1376=LINE('',#10621,#2125);
#1377=LINE('',#10627,#2126);
#1378=LINE('',#10629,#2127);
#1379=LINE('',#10631,#2128);
#1380=LINE('',#10632,#2129);
#1381=LINE('',#10636,#2130);
#1382=LINE('',#10638,#2131);
#1383=LINE('',#10640,#2132);
#1384=LINE('',#10642,#2133);
#1385=LINE('',#10644,#2134);
#1386=LINE('',#10646,#2135);
#1387=LINE('',#10648,#2136);
#1388=LINE('',#10649,#2137);
#1389=LINE('',#10652,#2138);
#1390=LINE('',#10653,#2139);
#1391=LINE('',#10656,#2140);
#1392=LINE('',#10659,#2141);
#1393=LINE('',#10662,#2142);
#1394=LINE('',#10664,#2143);
#1395=LINE('',#10666,#2144);
#1396=LINE('',#10668,#2145);
#1397=LINE('',#10670,#2146);
#1398=LINE('',#10671,#2147);
#1399=LINE('',#10674,#2148);
#1400=LINE('',#10675,#2149);
#1401=LINE('',#10678,#2150);
#1402=LINE('',#10680,#2151);
#1403=LINE('',#10682,#2152);
#1404=LINE('',#10683,#2153);
#1405=LINE('',#10686,#2154);
#1406=LINE('',#10688,#2155);
#1407=LINE('',#10689,#2156);
#1408=LINE('',#10691,#2157);
#1409=LINE('',#10693,#2158);
#1410=LINE('',#10694,#2159);
#1411=LINE('',#10697,#2160);
#1412=LINE('',#10701,#2161);
#1413=LINE('',#10707,#2162);
#1414=LINE('',#10710,#2163);
#1415=LINE('',#10714,#2164);
#1416=LINE('',#10720,#2165);
#1417=LINE('',#10736,#2166);
#1418=LINE('',#10740,#2167);
#1419=LINE('',#10746,#2168);
#1420=LINE('',#10748,#2169);
#1421=LINE('',#10753,#2170);
#1422=LINE('',#10756,#2171);
#1423=LINE('',#10757,#2172);
#1424=LINE('',#10762,#2173);
#1425=LINE('',#10765,#2174);
#1426=LINE('',#10769,#2175);
#1427=LINE('',#10772,#2176);
#1428=LINE('',#10774,#2177);
#1429=LINE('',#10778,#2178);
#1430=LINE('',#10782,#2179);
#1431=LINE('',#10786,#2180);
#1432=LINE('',#10790,#2181);
#1433=LINE('',#10794,#2182);
#1434=LINE('',#10798,#2183);
#1435=LINE('',#10802,#2184);
#1436=LINE('',#10806,#2185);
#1437=LINE('',#10810,#2186);
#1438=LINE('',#10814,#2187);
#1439=LINE('',#10816,#2188);
#1440=LINE('',#10817,#2189);
#1441=LINE('',#10821,#2190);
#1442=LINE('',#10823,#2191);
#1443=LINE('',#10825,#2192);
#1444=LINE('',#10826,#2193);
#1445=LINE('',#10830,#2194);
#1446=LINE('',#10834,#2195);
#1447=LINE('',#10839,#2196);
#1448=LINE('',#10843,#2197);
#1449=LINE('',#10848,#2198);
#1450=LINE('',#10850,#2199);
#1451=LINE('',#10852,#2200);
#1452=LINE('',#10853,#2201);
#1453=LINE('',#10857,#2202);
#1454=LINE('',#10859,#2203);
#1455=LINE('',#10861,#2204);
#1456=LINE('',#10862,#2205);
#1457=LINE('',#10866,#2206);
#1458=LINE('',#10868,#2207);
#1459=LINE('',#10870,#2208);
#1460=LINE('',#10871,#2209);
#1461=LINE('',#10875,#2210);
#1462=LINE('',#10877,#2211);
#1463=LINE('',#10878,#2212);
#1464=LINE('',#10879,#2213);
#1465=LINE('',#10880,#2214);
#1466=LINE('',#10881,#2215);
#1467=LINE('',#10883,#2216);
#1468=LINE('',#10885,#2217);
#1469=LINE('',#10887,#2218);
#1470=LINE('',#10893,#2219);
#1471=LINE('',#10895,#2220);
#1472=LINE('',#10897,#2221);
#1473=LINE('',#10899,#2222);
#1474=LINE('',#10903,#2223);
#1475=LINE('',#10907,#2224);
#1476=LINE('',#10911,#2225);
#1477=LINE('',#10915,#2226);
#1478=LINE('',#10928,#2227);
#1479=LINE('',#10933,#2228);
#1480=LINE('',#10937,#2229);
#1481=LINE('',#10941,#2230);
#1482=LINE('',#10943,#2231);
#1483=LINE('',#10945,#2232);
#1484=LINE('',#10947,#2233);
#1485=LINE('',#10953,#2234);
#1486=LINE('',#10955,#2235);
#1487=LINE('',#10956,#2236);
#1488=LINE('',#10957,#2237);
#1489=LINE('',#10958,#2238);
#1490=LINE('',#10959,#2239);
#1491=LINE('',#10960,#2240);
#1492=LINE('',#10961,#2241);
#1493=LINE('',#10968,#2242);
#1494=LINE('',#10970,#2243);
#1495=LINE('',#10974,#2244);
#1496=LINE('',#10977,#2245);
#1497=LINE('',#10981,#2246);
#1498=LINE('',#10983,#2247);
#1499=LINE('',#10985,#2248);
#1500=LINE('',#10986,#2249);
#1501=LINE('',#10988,#2250);
#1502=LINE('',#10990,#2251);
#1503=LINE('',#10992,#2252);
#1504=LINE('',#10997,#2253);
#1505=LINE('',#10999,#2254);
#1506=LINE('',#11003,#2255);
#1507=LINE('',#11006,#2256);
#1508=LINE('',#11014,#2257);
#1509=LINE('',#11022,#2258);
#1510=LINE('',#11026,#2259);
#1511=LINE('',#11028,#2260);
#1512=LINE('',#11030,#2261);
#1513=LINE('',#11033,#2262);
#1514=LINE('',#11036,#2263);
#1515=LINE('',#11040,#2264);
#1516=LINE('',#11042,#2265);
#1517=LINE('',#11046,#2266);
#1518=LINE('',#11050,#2267);
#1519=LINE('',#11053,#2268);
#1520=LINE('',#11106,#2269);
#1521=LINE('',#11134,#2270);
#1522=LINE('',#11164,#2271);
#1523=LINE('',#11169,#2272);
#1524=LINE('',#11173,#2273);
#1525=LINE('',#11175,#2274);
#1526=LINE('',#11177,#2275);
#1527=LINE('',#11181,#2276);
#1528=LINE('',#11186,#2277);
#1529=LINE('',#11188,#2278);
#1530=LINE('',#11192,#2279);
#1531=LINE('',#11193,#2280);
#1532=LINE('',#11195,#2281);
#1533=LINE('',#11197,#2282);
#1534=LINE('',#11200,#2283);
#1535=LINE('',#11204,#2284);
#1536=LINE('',#11206,#2285);
#1537=LINE('',#11208,#2286);
#1538=LINE('',#11211,#2287);
#1539=LINE('',#11213,#2288);
#1540=LINE('',#11214,#2289);
#1541=LINE('',#11217,#2290);
#1542=LINE('',#11226,#2291);
#1543=LINE('',#11229,#2292);
#1544=LINE('',#11231,#2293);
#1545=LINE('',#11234,#2294);
#1546=LINE('',#11238,#2295);
#1547=LINE('',#11244,#2296);
#1548=LINE('',#11246,#2297);
#1549=LINE('',#11252,#2298);
#1550=LINE('',#11254,#2299);
#1551=LINE('',#11258,#2300);
#1552=LINE('',#11261,#2301);
#1553=LINE('',#11263,#2302);
#1554=LINE('',#11269,#2303);
#1555=LINE('',#11270,#2304);
#1556=LINE('',#11273,#2305);
#1557=LINE('',#11275,#2306);
#1558=LINE('',#11279,#2307);
#1559=LINE('',#11281,#2308);
#1560=LINE('',#11283,#2309);
#1561=LINE('',#11285,#2310);
#1562=LINE('',#11287,#2311);
#1563=LINE('',#11288,#2312);
#1564=LINE('',#11290,#2313);
#1565=LINE('',#11291,#2314);
#1566=LINE('',#11296,#2315);
#1567=LINE('',#11297,#2316);
#1568=LINE('',#11300,#2317);
#1569=LINE('',#11302,#2318);
#1570=LINE('',#11303,#2319);
#1571=LINE('',#11304,#2320);
#1572=LINE('',#11305,#2321);
#1573=LINE('',#11308,#2322);
#1574=LINE('',#11310,#2323);
#1575=LINE('',#11312,#2324);
#1576=LINE('',#11314,#2325);
#1577=LINE('',#11316,#2326);
#1578=LINE('',#11317,#2327);
#1579=LINE('',#11319,#2328);
#1580=LINE('',#11323,#2329);
#1581=LINE('',#11324,#2330);
#1582=LINE('',#11325,#2331);
#1583=LINE('',#11329,#2332);
#1584=LINE('',#11330,#2333);
#1585=LINE('',#11331,#2334);
#1586=LINE('',#11333,#2335);
#1587=LINE('',#11334,#2336);
#1588=LINE('',#11337,#2337);
#1589=LINE('',#11366,#2338);
#1590=LINE('',#11370,#2339);
#1591=LINE('',#11374,#2340);
#1592=LINE('',#11378,#2341);
#1593=LINE('',#11382,#2342);
#1594=LINE('',#11386,#2343);
#1595=LINE('',#11390,#2344);
#1596=LINE('',#11393,#2345);
#1597=LINE('',#11394,#2346);
#1598=LINE('',#11395,#2347);
#1599=LINE('',#11397,#2348);
#1600=LINE('',#11398,#2349);
#1601=LINE('',#11400,#2350);
#1602=LINE('',#11402,#2351);
#1603=LINE('',#11403,#2352);
#1604=LINE('',#11406,#2353);
#1605=LINE('',#11408,#2354);
#1606=LINE('',#11410,#2355);
#1607=LINE('',#11412,#2356);
#1608=LINE('',#11414,#2357);
#1609=LINE('',#11416,#2358);
#1610=LINE('',#11418,#2359);
#1611=LINE('',#11420,#2360);
#1612=LINE('',#11422,#2361);
#1613=LINE('',#11424,#2362);
#1614=LINE('',#11426,#2363);
#1615=LINE('',#11428,#2364);
#1616=LINE('',#11430,#2365);
#1617=LINE('',#11432,#2366);
#1618=LINE('',#11434,#2367);
#1619=LINE('',#11436,#2368);
#1620=LINE('',#11438,#2369);
#1621=LINE('',#11440,#2370);
#1622=LINE('',#11442,#2371);
#1623=LINE('',#11444,#2372);
#1624=LINE('',#11446,#2373);
#1625=LINE('',#11447,#2374);
#1626=LINE('',#11450,#2375);
#1627=LINE('',#11452,#2376);
#1628=LINE('',#11454,#2377);
#1629=LINE('',#11455,#2378);
#1630=LINE('',#11457,#2379);
#1631=LINE('',#11459,#2380);
#1632=LINE('',#11460,#2381);
#1633=LINE('',#11462,#2382);
#1634=LINE('',#11464,#2383);
#1635=LINE('',#11465,#2384);
#1636=LINE('',#11467,#2385);
#1637=LINE('',#11469,#2386);
#1638=LINE('',#11470,#2387);
#1639=LINE('',#11472,#2388);
#1640=LINE('',#11474,#2389);
#1641=LINE('',#11475,#2390);
#1642=LINE('',#11476,#2391);
#1643=LINE('',#11478,#2392);
#1644=LINE('',#11482,#2393);
#1645=LINE('',#11485,#2394);
#1646=LINE('',#11487,#2395);
#1647=LINE('',#11492,#2396);
#1648=LINE('',#11494,#2397);
#1649=LINE('',#11496,#2398);
#1650=LINE('',#11497,#2399);
#1651=LINE('',#11502,#2400);
#1652=LINE('',#11507,#2401);
#1653=LINE('',#11509,#2402);
#1654=LINE('',#11513,#2403);
#1655=LINE('',#11517,#2404);
#1656=LINE('',#11518,#2405);
#1657=LINE('',#11521,#2406);
#1658=LINE('',#11522,#2407);
#1659=LINE('',#11596,#2408);
#1660=LINE('',#11598,#2409);
#1661=LINE('',#11600,#2410);
#1662=LINE('',#11602,#2411);
#1663=LINE('',#11606,#2412);
#1664=LINE('',#11610,#2413);
#1665=LINE('',#11614,#2414);
#1666=LINE('',#11616,#2415);
#1667=LINE('',#11620,#2416);
#1668=LINE('',#11624,#2417);
#1669=LINE('',#11627,#2418);
#1670=LINE('',#11630,#2419);
#1671=LINE('',#11632,#2420);
#1672=LINE('',#11636,#2421);
#1673=LINE('',#11640,#2422);
#1674=LINE('',#11643,#2423);
#1675=LINE('',#11645,#2424);
#1676=LINE('',#11646,#2425);
#1677=LINE('',#11648,#2426);
#1678=LINE('',#11649,#2427);
#1679=LINE('',#11652,#2428);
#1680=LINE('',#11654,#2429);
#1681=LINE('',#11656,#2430);
#1682=LINE('',#11660,#2431);
#1683=LINE('',#11662,#2432);
#1684=LINE('',#11663,#2433);
#1685=LINE('',#11667,#2434);
#1686=LINE('',#11669,#2435);
#1687=LINE('',#11671,#2436);
#1688=LINE('',#11672,#2437);
#1689=LINE('',#11675,#2438);
#1690=LINE('',#11677,#2439);
#1691=LINE('',#11679,#2440);
#1692=LINE('',#11680,#2441);
#1693=LINE('',#11683,#2442);
#1694=LINE('',#11687,#2443);
#1695=LINE('',#11689,#2444);
#1696=LINE('',#11690,#2445);
#1697=LINE('',#11694,#2446);
#1698=LINE('',#11695,#2447);
#1699=LINE('',#11697,#2448);
#1700=LINE('',#11701,#2449);
#1701=LINE('',#11706,#2450);
#1702=LINE('',#11707,#2451);
#1703=LINE('',#11708,#2452);
#1704=LINE('',#11710,#2453);
#1705=LINE('',#11713,#2454);
#1706=LINE('',#11715,#2455);
#1707=LINE('',#11719,#2456);
#1708=LINE('',#11720,#2457);
#1709=LINE('',#11723,#2458);
#1710=LINE('',#11732,#2459);
#1711=LINE('',#11736,#2460);
#1712=LINE('',#11743,#2461);
#1713=LINE('',#11746,#2462);
#1714=LINE('',#11748,#2463);
#1715=LINE('',#11749,#2464);
#1716=LINE('',#11753,#2465);
#1717=LINE('',#11755,#2466);
#1718=LINE('',#11758,#2467);
#1719=LINE('',#11761,#2468);
#1720=LINE('',#11762,#2469);
#1721=LINE('',#11765,#2470);
#1722=LINE('',#11770,#2471);
#1723=LINE('',#11772,#2472);
#1724=LINE('',#11773,#2473);
#1725=LINE('',#11778,#2474);
#1726=LINE('',#11779,#2475);
#1727=LINE('',#11783,#2476);
#1728=LINE('',#11785,#2477);
#1729=LINE('',#11787,#2478);
#1730=LINE('',#11788,#2479);
#1731=LINE('',#11790,#2480);
#1732=LINE('',#11795,#2481);
#1733=LINE('',#11796,#2482);
#1734=LINE('',#11797,#2483);
#1735=LINE('',#11800,#2484);
#1736=LINE('',#11802,#2485);
#1737=LINE('',#11806,#2486);
#1738=LINE('',#11810,#2487);
#1739=LINE('',#11812,#2488);
#1740=LINE('',#11816,#2489);
#1741=LINE('',#11820,#2490);
#1742=LINE('',#11822,#2491);
#1743=LINE('',#11823,#2492);
#1744=LINE('',#11826,#2493);
#1745=LINE('',#11828,#2494);
#1746=LINE('',#11829,#2495);
#1747=LINE('',#11831,#2496);
#1748=LINE('',#11836,#2497);
#1749=LINE('',#11840,#2498);
#1750=LINE('',#11842,#2499);
#1751=LINE('',#11846,#2500);
#1752=LINE('',#11847,#2501);
#1753=LINE('',#11849,#2502);
#1754=LINE('',#11853,#2503);
#1755=LINE('',#11855,#2504);
#1756=LINE('',#11860,#2505);
#1757=LINE('',#11861,#2506);
#1758=LINE('',#11862,#2507);
#1759=LINE('',#11865,#2508);
#1760=LINE('',#11867,#2509);
#1761=LINE('',#11871,#2510);
#1762=LINE('',#11875,#2511);
#1763=LINE('',#11877,#2512);
#1764=LINE('',#11881,#2513);
#1765=LINE('',#11885,#2514);
#1766=LINE('',#11887,#2515);
#1767=LINE('',#11888,#2516);
#1768=LINE('',#11891,#2517);
#1769=LINE('',#11893,#2518);
#1770=LINE('',#11894,#2519);
#1771=LINE('',#11896,#2520);
#1772=LINE('',#11901,#2521);
#1773=LINE('',#11905,#2522);
#1774=LINE('',#11907,#2523);
#1775=LINE('',#11911,#2524);
#1776=LINE('',#11912,#2525);
#1777=LINE('',#11914,#2526);
#1778=LINE('',#11918,#2527);
#1779=LINE('',#11920,#2528);
#1780=LINE('',#11925,#2529);
#1781=LINE('',#11926,#2530);
#1782=LINE('',#11927,#2531);
#1783=LINE('',#11930,#2532);
#1784=LINE('',#11932,#2533);
#1785=LINE('',#11936,#2534);
#1786=LINE('',#11940,#2535);
#1787=LINE('',#11942,#2536);
#1788=LINE('',#11946,#2537);
#1789=LINE('',#11950,#2538);
#1790=LINE('',#11952,#2539);
#1791=LINE('',#11953,#2540);
#1792=LINE('',#11956,#2541);
#1793=LINE('',#11958,#2542);
#1794=LINE('',#11959,#2543);
#1795=LINE('',#11961,#2544);
#1796=LINE('',#11966,#2545);
#1797=LINE('',#11970,#2546);
#1798=LINE('',#11972,#2547);
#1799=LINE('',#11976,#2548);
#1800=LINE('',#11977,#2549);
#1801=LINE('',#11979,#2550);
#1802=LINE('',#11983,#2551);
#1803=LINE('',#11985,#2552);
#1804=LINE('',#11990,#2553);
#1805=LINE('',#11991,#2554);
#1806=LINE('',#11992,#2555);
#1807=LINE('',#11995,#2556);
#1808=LINE('',#11997,#2557);
#1809=LINE('',#12001,#2558);
#1810=LINE('',#12005,#2559);
#1811=LINE('',#12007,#2560);
#1812=LINE('',#12011,#2561);
#1813=LINE('',#12015,#2562);
#1814=LINE('',#12017,#2563);
#1815=LINE('',#12018,#2564);
#1816=LINE('',#12021,#2565);
#1817=LINE('',#12023,#2566);
#1818=LINE('',#12024,#2567);
#1819=LINE('',#12026,#2568);
#1820=LINE('',#12031,#2569);
#1821=LINE('',#12035,#2570);
#1822=LINE('',#12037,#2571);
#1823=LINE('',#12041,#2572);
#1824=LINE('',#12042,#2573);
#1825=LINE('',#12044,#2574);
#1826=LINE('',#12048,#2575);
#1827=LINE('',#12050,#2576);
#1828=LINE('',#12053,#2577);
#1829=LINE('',#12056,#2578);
#1830=LINE('',#12058,#2579);
#1831=LINE('',#12062,#2580);
#1832=LINE('',#12066,#2581);
#1833=LINE('',#12067,#2582);
#1834=LINE('',#12069,#2583);
#1835=LINE('',#12070,#2584);
#1836=LINE('',#12078,#2585);
#1837=LINE('',#12079,#2586);
#1838=LINE('',#12080,#2587);
#1839=LINE('',#12084,#2588);
#1840=LINE('',#12156,#2589);
#1841=LINE('',#12158,#2590);
#1842=LINE('',#12159,#2591);
#1843=LINE('',#12162,#2592);
#1844=LINE('',#12165,#2593);
#1845=LINE('',#12168,#2594);
#1846=LINE('',#12172,#2595);
#1847=LINE('',#12176,#2596);
#1848=LINE('',#12180,#2597);
#1849=LINE('',#12181,#2598);
#1850=LINE('',#12182,#2599);
#1851=LINE('',#12184,#2600);
#1852=LINE('',#12220,#2601);
#1853=LINE('',#12221,#2602);
#1854=LINE('',#12223,#2603);
#1855=LINE('',#12225,#2604);
#1856=LINE('',#12226,#2605);
#1857=LINE('',#12228,#2606);
#1858=LINE('',#12230,#2607);
#1859=LINE('',#12232,#2608);
#1860=LINE('',#12234,#2609);
#1861=LINE('',#12236,#2610);
#1862=LINE('',#12240,#2611);
#1863=LINE('',#12244,#2612);
#1864=LINE('',#12248,#2613);
#1865=LINE('',#12250,#2614);
#1866=LINE('',#12252,#2615);
#1867=LINE('',#12253,#2616);
#1868=LINE('',#12256,#2617);
#1869=LINE('',#12258,#2618);
#1870=LINE('',#12260,#2619);
#1871=LINE('',#12261,#2620);
#1872=LINE('',#12264,#2621);
#1873=LINE('',#12268,#2622);
#1874=LINE('',#12274,#2623);
#1875=LINE('',#12277,#2624);
#1876=LINE('',#12282,#2625);
#1877=LINE('',#12285,#2626);
#1878=LINE('',#12289,#2627);
#1879=LINE('',#12301,#2628);
#1880=LINE('',#12304,#2629);
#1881=LINE('',#12305,#2630);
#1882=LINE('',#12307,#2631);
#1883=LINE('',#12309,#2632);
#1884=LINE('',#12312,#2633);
#1885=LINE('',#12313,#2634);
#1886=LINE('',#12315,#2635);
#1887=LINE('',#12317,#2636);
#1888=LINE('',#12322,#2637);
#1889=LINE('',#12331,#2638);
#1890=LINE('',#12344,#2639);
#1891=LINE('',#12351,#2640);
#1892=LINE('',#12356,#2641);
#1893=LINE('',#12362,#2642);
#1894=LINE('',#12372,#2643);
#1895=LINE('',#12401,#2644);
#1896=LINE('',#12405,#2645);
#1897=LINE('',#12406,#2646);
#1898=LINE('',#12408,#2647);
#1899=LINE('',#12411,#2648);
#1900=LINE('',#12412,#2649);
#1901=LINE('',#12415,#2650);
#1902=LINE('',#12418,#2651);
#1903=LINE('',#12421,#2652);
#1904=LINE('',#12425,#2653);
#1905=LINE('',#12427,#2654);
#1906=LINE('',#12429,#2655);
#1907=LINE('',#12432,#2656);
#1908=LINE('',#12435,#2657);
#1909=LINE('',#12438,#2658);
#1910=LINE('',#12441,#2659);
#1911=LINE('',#12442,#2660);
#1912=LINE('',#12447,#2661);
#1913=LINE('',#12449,#2662);
#1914=LINE('',#12451,#2663);
#1915=LINE('',#12456,#2664);
#1916=LINE('',#12462,#2665);
#1917=LINE('',#12463,#2666);
#1918=LINE('',#12467,#2667);
#1919=LINE('',#12469,#2668);
#1920=LINE('',#12471,#2669);
#1921=LINE('',#12473,#2670);
#1922=LINE('',#12475,#2671);
#1923=LINE('',#12479,#2672);
#1924=LINE('',#12483,#2673);
#1925=LINE('',#12485,#2674);
#1926=LINE('',#12487,#2675);
#1927=LINE('',#12489,#2676);
#1928=LINE('',#12491,#2677);
#1929=LINE('',#12493,#2678);
#1930=LINE('',#12497,#2679);
#1931=LINE('',#12501,#2680);
#1932=LINE('',#12505,#2681);
#1933=LINE('',#12509,#2682);
#1934=LINE('',#12518,#2683);
#1935=LINE('',#12522,#2684);
#1936=LINE('',#12524,#2685);
#1937=LINE('',#12526,#2686);
#1938=LINE('',#12531,#2687);
#1939=LINE('',#12534,#2688);
#1940=LINE('',#12536,#2689);
#1941=LINE('',#12547,#2690);
#1942=LINE('',#12550,#2691);
#1943=LINE('',#12554,#2692);
#1944=LINE('',#12556,#2693);
#1945=LINE('',#12559,#2694);
#1946=LINE('',#12572,#2695);
#1947=LINE('',#12575,#2696);
#1948=LINE('',#12577,#2697);
#1949=LINE('',#12582,#2698);
#1950=LINE('',#12586,#2699);
#1951=LINE('',#12588,#2700);
#1952=LINE('',#12590,#2701);
#1953=LINE('',#12592,#2702);
#1954=LINE('',#12594,#2703);
#1955=LINE('',#12596,#2704);
#1956=LINE('',#12600,#2705);
#1957=LINE('',#12604,#2706);
#1958=LINE('',#12606,#2707);
#1959=LINE('',#12608,#2708);
#1960=LINE('',#12610,#2709);
#1961=LINE('',#12612,#2710);
#1962=LINE('',#12614,#2711);
#1963=LINE('',#12616,#2712);
#1964=LINE('',#12622,#2713);
#1965=LINE('',#12624,#2714);
#1966=LINE('',#12627,#2715);
#1967=LINE('',#12631,#2716);
#1968=LINE('',#12633,#2717);
#1969=LINE('',#12635,#2718);
#1970=LINE('',#12636,#2719);
#1971=LINE('',#12640,#2720);
#1972=LINE('',#12642,#2721);
#1973=LINE('',#12644,#2722);
#1974=LINE('',#12646,#2723);
#1975=LINE('',#12649,#2724);
#1976=LINE('',#12682,#2725);
#1977=LINE('',#12711,#2726);
#1978=LINE('',#12713,#2727);
#1979=LINE('',#12715,#2728);
#1980=LINE('',#12717,#2729);
#1981=LINE('',#12719,#2730);
#1982=LINE('',#12721,#2731);
#1983=LINE('',#12723,#2732);
#1984=LINE('',#12725,#2733);
#1985=LINE('',#12727,#2734);
#1986=LINE('',#12729,#2735);
#1987=LINE('',#12731,#2736);
#1988=LINE('',#12733,#2737);
#1989=LINE('',#12735,#2738);
#1990=LINE('',#12737,#2739);
#1991=LINE('',#12739,#2740);
#1992=LINE('',#12741,#2741);
#1993=LINE('',#12743,#2742);
#1994=VECTOR('',#8221,1.);
#1995=VECTOR('',#8222,1.);
#1996=VECTOR('',#8223,1.);
#1997=VECTOR('',#8224,1.);
#1998=VECTOR('',#8225,1.);
#1999=VECTOR('',#8226,1.);
#2000=VECTOR('',#8227,1.);
#2001=VECTOR('',#8228,1.);
#2002=VECTOR('',#8229,1.);
#2003=VECTOR('',#8232,1.);
#2004=VECTOR('',#8235,1.);
#2005=VECTOR('',#8236,1.);
#2006=VECTOR('',#8239,1.);
#2007=VECTOR('',#8240,1.);
#2008=VECTOR('',#8241,1.);
#2009=VECTOR('',#8242,1.);
#2010=VECTOR('',#8243,1.);
#2011=VECTOR('',#8244,1.);
#2012=VECTOR('',#8245,1.);
#2013=VECTOR('',#8246,1.);
#2014=VECTOR('',#8247,1.);
#2015=VECTOR('',#8248,1.);
#2016=VECTOR('',#8249,1.);
#2017=VECTOR('',#8250,1.);
#2018=VECTOR('',#8261,1.);
#2019=VECTOR('',#8262,1.);
#2020=VECTOR('',#8263,1.);
#2021=VECTOR('',#8264,1.);
#2022=VECTOR('',#8265,1.);
#2023=VECTOR('',#8266,1.);
#2024=VECTOR('',#8267,1.);
#2025=VECTOR('',#8268,1.);
#2026=VECTOR('',#8269,1.);
#2027=VECTOR('',#8270,1.);
#2028=VECTOR('',#8271,1.);
#2029=VECTOR('',#8272,1.);
#2030=VECTOR('',#8275,1.);
#2031=VECTOR('',#8278,1.);
#2032=VECTOR('',#8281,1.);
#2033=VECTOR('',#8282,1.);
#2034=VECTOR('',#8303,1.);
#2035=VECTOR('',#8304,1.);
#2036=VECTOR('',#8305,1.);
#2037=VECTOR('',#8306,1.);
#2038=VECTOR('',#8309,1.);
#2039=VECTOR('',#8312,1.);
#2040=VECTOR('',#8313,1.);
#2041=VECTOR('',#8318,1.);
#2042=VECTOR('',#8321,1.);
#2043=VECTOR('',#8324,1.);
#2044=VECTOR('',#8325,1.);
#2045=VECTOR('',#8326,1.);
#2046=VECTOR('',#8327,1.);
#2047=VECTOR('',#8328,1.);
#2048=VECTOR('',#8329,1.);
#2049=VECTOR('',#8330,1.);
#2050=VECTOR('',#8331,1.);
#2051=VECTOR('',#8332,1.);
#2052=VECTOR('',#8333,1.);
#2053=VECTOR('',#8334,1.);
#2054=VECTOR('',#8335,1.);
#2055=VECTOR('',#8348,1.);
#2056=VECTOR('',#8349,1.);
#2057=VECTOR('',#8350,1.);
#2058=VECTOR('',#8351,1.);
#2059=VECTOR('',#8352,1.);
#2060=VECTOR('',#8353,1.);
#2061=VECTOR('',#8356,1.);
#2062=VECTOR('',#8357,1.);
#2063=VECTOR('',#8358,1.);
#2064=VECTOR('',#8361,1.);
#2065=VECTOR('',#8364,1.);
#2066=VECTOR('',#8365,1.);
#2067=VECTOR('',#8366,1.);
#2068=VECTOR('',#8367,1.);
#2069=VECTOR('',#8368,1.);
#2070=VECTOR('',#8371,1.);
#2071=VECTOR('',#8374,1.);
#2072=VECTOR('',#8375,1.);
#2073=VECTOR('',#8376,1.);
#2074=VECTOR('',#8379,1.);
#2075=VECTOR('',#8380,1.);
#2076=VECTOR('',#8383,1.);
#2077=VECTOR('',#8384,1.);
#2078=VECTOR('',#8385,1.);
#2079=VECTOR('',#8386,1.);
#2080=VECTOR('',#8389,1.);
#2081=VECTOR('',#8390,1.);
#2082=VECTOR('',#8391,1.);
#2083=VECTOR('',#8394,1.);
#2084=VECTOR('',#8395,1.);
#2085=VECTOR('',#8398,1.);
#2086=VECTOR('',#8399,1.);
#2087=VECTOR('',#8402,1.);
#2088=VECTOR('',#8403,1.);
#2089=VECTOR('',#8404,1.);
#2090=VECTOR('',#8405,1.);
#2091=VECTOR('',#8408,1.);
#2092=VECTOR('',#8409,1.);
#2093=VECTOR('',#8410,1.);
#2094=VECTOR('',#8413,1.);
#2095=VECTOR('',#8414,1.);
#2096=VECTOR('',#8417,1.);
#2097=VECTOR('',#8418,1.);
#2098=VECTOR('',#8425,1.);
#2099=VECTOR('',#8426,1.);
#2100=VECTOR('',#8427,1.);
#2101=VECTOR('',#8428,1.);
#2102=VECTOR('',#8429,1.);
#2103=VECTOR('',#8430,1.);
#2104=VECTOR('',#8431,1.);
#2105=VECTOR('',#8432,1.);
#2106=VECTOR('',#8455,1.);
#2107=VECTOR('',#8458,1.);
#2108=VECTOR('',#8461,1.);
#2109=VECTOR('',#8462,1.);
#2110=VECTOR('',#8463,1.);
#2111=VECTOR('',#8464,1.);
#2112=VECTOR('',#8467,1.);
#2113=VECTOR('',#8468,1.);
#2114=VECTOR('',#8471,1.);
#2115=VECTOR('',#8472,1.);
#2116=VECTOR('',#8473,1.);
#2117=VECTOR('',#8476,1.);
#2118=VECTOR('',#8479,1.);
#2119=VECTOR('',#8484,1.);
#2120=VECTOR('',#8485,1.);
#2121=VECTOR('',#8486,1.);
#2122=VECTOR('',#8491,1.);
#2123=VECTOR('',#8492,1.);
#2124=VECTOR('',#8493,1.);
#2125=VECTOR('',#8498,1.);
#2126=VECTOR('',#8505,1.);
#2127=VECTOR('',#8506,1.);
#2128=VECTOR('',#8507,1.);
#2129=VECTOR('',#8508,1.);
#2130=VECTOR('',#8513,1.);
#2131=VECTOR('',#8514,1.);
#2132=VECTOR('',#8515,1.);
#2133=VECTOR('',#8516,1.);
#2134=VECTOR('',#8517,1.);
#2135=VECTOR('',#8518,1.);
#2136=VECTOR('',#8519,1.);
#2137=VECTOR('',#8520,1.);
#2138=VECTOR('',#8523,1.);
#2139=VECTOR('',#8524,1.);
#2140=VECTOR('',#8527,1.);
#2141=VECTOR('',#8532,1.);
#2142=VECTOR('',#8535,1.);
#2143=VECTOR('',#8536,1.);
#2144=VECTOR('',#8537,1.);
#2145=VECTOR('',#8538,1.);
#2146=VECTOR('',#8539,1.);
#2147=VECTOR('',#8540,1.);
#2148=VECTOR('',#8543,1.);
#2149=VECTOR('',#8544,1.);
#2150=VECTOR('',#8547,1.);
#2151=VECTOR('',#8548,1.);
#2152=VECTOR('',#8549,1.);
#2153=VECTOR('',#8550,1.);
#2154=VECTOR('',#8553,1.);
#2155=VECTOR('',#8554,1.);
#2156=VECTOR('',#8555,1.);
#2157=VECTOR('',#8556,1.);
#2158=VECTOR('',#8557,1.);
#2159=VECTOR('',#8558,1.);
#2160=VECTOR('',#8559,1.);
#2161=VECTOR('',#8562,1.);
#2162=VECTOR('',#8567,1.);
#2163=VECTOR('',#8570,1.);
#2164=VECTOR('',#8573,1.);
#2165=VECTOR('',#8580,1.);
#2166=VECTOR('',#8605,1.);
#2167=VECTOR('',#8610,1.);
#2168=VECTOR('',#8621,1.);
#2169=VECTOR('',#8624,1.);
#2170=VECTOR('',#8631,1.);
#2171=VECTOR('',#8634,1.);
#2172=VECTOR('',#8635,1.);
#2173=VECTOR('',#8640,1.);
#2174=VECTOR('',#8643,1.);
#2175=VECTOR('',#8646,1.);
#2176=VECTOR('',#8649,1.);
#2177=VECTOR('',#8650,1.);
#2178=VECTOR('',#8653,1.);
#2179=VECTOR('',#8656,1.);
#2180=VECTOR('',#8659,1.);
#2181=VECTOR('',#8662,1.);
#2182=VECTOR('',#8665,1.);
#2183=VECTOR('',#8668,1.);
#2184=VECTOR('',#8671,1.);
#2185=VECTOR('',#8674,1.);
#2186=VECTOR('',#8677,1.);
#2187=VECTOR('',#8682,1.);
#2188=VECTOR('',#8683,1.);
#2189=VECTOR('',#8684,1.);
#2190=VECTOR('',#8687,1.);
#2191=VECTOR('',#8688,1.);
#2192=VECTOR('',#8689,1.);
#2193=VECTOR('',#8690,1.);
#2194=VECTOR('',#8693,1.);
#2195=VECTOR('',#8696,1.);
#2196=VECTOR('',#8701,1.);
#2197=VECTOR('',#8704,1.);
#2198=VECTOR('',#8709,1.);
#2199=VECTOR('',#8710,1.);
#2200=VECTOR('',#8711,1.);
#2201=VECTOR('',#8712,1.);
#2202=VECTOR('',#8715,1.);
#2203=VECTOR('',#8716,1.);
#2204=VECTOR('',#8717,1.);
#2205=VECTOR('',#8718,1.);
#2206=VECTOR('',#8721,1.);
#2207=VECTOR('',#8722,1.);
#2208=VECTOR('',#8723,1.);
#2209=VECTOR('',#8724,1.);
#2210=VECTOR('',#8727,1.);
#2211=VECTOR('',#8730,1.);
#2212=VECTOR('',#8731,1.);
#2213=VECTOR('',#8732,1.);
#2214=VECTOR('',#8733,1.);
#2215=VECTOR('',#8734,1.);
#2216=VECTOR('',#8735,1.);
#2217=VECTOR('',#8736,1.);
#2218=VECTOR('',#8737,1.);
#2219=VECTOR('',#8742,1.);
#2220=VECTOR('',#8743,1.);
#2221=VECTOR('',#8744,1.);
#2222=VECTOR('',#8745,1.);
#2223=VECTOR('',#8748,1.);
#2224=VECTOR('',#8751,1.);
#2225=VECTOR('',#8754,1.);
#2226=VECTOR('',#8757,1.);
#2227=VECTOR('',#8770,10.);
#2228=VECTOR('',#8771,1.);
#2229=VECTOR('',#8774,1.);
#2230=VECTOR('',#8777,1.);
#2231=VECTOR('',#8778,1.);
#2232=VECTOR('',#8779,1.);
#2233=VECTOR('',#8780,1.);
#2234=VECTOR('',#8785,1.);
#2235=VECTOR('',#8786,1.);
#2236=VECTOR('',#8787,1.);
#2237=VECTOR('',#8788,1.);
#2238=VECTOR('',#8789,1.);
#2239=VECTOR('',#8790,1.);
#2240=VECTOR('',#8791,1.);
#2241=VECTOR('',#8792,1.);
#2242=VECTOR('',#8799,1.);
#2243=VECTOR('',#8800,1.);
#2244=VECTOR('',#8803,1.);
#2245=VECTOR('',#8806,1.);
#2246=VECTOR('',#8811,0.3);
#2247=VECTOR('',#8814,0.3);
#2248=VECTOR('',#8817,1.);
#2249=VECTOR('',#8818,1.);
#2250=VECTOR('',#8821,1.);
#2251=VECTOR('',#8824,1.);
#2252=VECTOR('',#8827,1.);
#2253=VECTOR('',#8832,1.);
#2254=VECTOR('',#8833,1.);
#2255=VECTOR('',#8836,1.);
#2256=VECTOR('',#8839,1.);
#2257=VECTOR('',#8850,10.);
#2258=VECTOR('',#8853,1.);
#2259=VECTOR('',#8856,1.);
#2260=VECTOR('',#8857,1.);
#2261=VECTOR('',#8858,1.);
#2262=VECTOR('',#8863,1.);
#2263=VECTOR('',#8868,1.);
#2264=VECTOR('',#8875,1.);
#2265=VECTOR('',#8878,1.);
#2266=VECTOR('',#8883,1.);
#2267=VECTOR('',#8886,1.);
#2268=VECTOR('',#8889,1.);
#2269=VECTOR('',#8894,1.);
#2270=VECTOR('',#8895,1.);
#2271=VECTOR('',#8898,1.);
#2272=VECTOR('',#8903,1.);
#2273=VECTOR('',#8906,1.);
#2274=VECTOR('',#8907,1.);
#2275=VECTOR('',#8908,1.);
#2276=VECTOR('',#8911,1.);
#2277=VECTOR('',#8916,1.);
#2278=VECTOR('',#8917,1.);
#2279=VECTOR('',#8920,1.);
#2280=VECTOR('',#8921,1.);
#2281=VECTOR('',#8922,1.);
#2282=VECTOR('',#8923,1.);
#2283=VECTOR('',#8926,1.);
#2284=VECTOR('',#8933,1.);
#2285=VECTOR('',#8934,1.);
#2286=VECTOR('',#8935,1.);
#2287=VECTOR('',#8940,1.);
#2288=VECTOR('',#8943,1.);
#2289=VECTOR('',#8944,1.);
#2290=VECTOR('',#8949,1.);
#2291=VECTOR('',#8964,1.);
#2292=VECTOR('',#8969,1.);
#2293=VECTOR('',#8970,1.);
#2294=VECTOR('',#8975,1.);
#2295=VECTOR('',#8980,1.);
#2296=VECTOR('',#8989,1.);
#2297=VECTOR('',#8990,1.);
#2298=VECTOR('',#8997,1.);
#2299=VECTOR('',#8998,1.);
#2300=VECTOR('',#9001,1.);
#2301=VECTOR('',#9004,1.);
#2302=VECTOR('',#9005,1.);
#2303=VECTOR('',#9010,1.);
#2304=VECTOR('',#9011,1.);
#2305=VECTOR('',#9014,1.);
#2306=VECTOR('',#9015,1.);
#2307=VECTOR('',#9020,1.);
#2308=VECTOR('',#9021,1.);
#2309=VECTOR('',#9022,1.);
#2310=VECTOR('',#9023,1.);
#2311=VECTOR('',#9024,1.);
#2312=VECTOR('',#9025,1.);
#2313=VECTOR('',#9028,1.);
#2314=VECTOR('',#9029,1.);
#2315=VECTOR('',#9034,1.);
#2316=VECTOR('',#9035,1.);
#2317=VECTOR('',#9038,1.);
#2318=VECTOR('',#9039,1.);
#2319=VECTOR('',#9040,1.);
#2320=VECTOR('',#9041,1.);
#2321=VECTOR('',#9042,1.);
#2322=VECTOR('',#9045,1.);
#2323=VECTOR('',#9046,1.);
#2324=VECTOR('',#9047,1.);
#2325=VECTOR('',#9048,1.);
#2326=VECTOR('',#9049,1.);
#2327=VECTOR('',#9050,1.);
#2328=VECTOR('',#9053,1.);
#2329=VECTOR('',#9056,1.);
#2330=VECTOR('',#9057,1.);
#2331=VECTOR('',#9058,1.);
#2332=VECTOR('',#9061,1.);
#2333=VECTOR('',#9062,1.);
#2334=VECTOR('',#9063,1.);
#2335=VECTOR('',#9066,1.);
#2336=VECTOR('',#9067,1.);
#2337=VECTOR('',#9070,1.);
#2338=VECTOR('',#9073,1.);
#2339=VECTOR('',#9076,1.);
#2340=VECTOR('',#9079,1.);
#2341=VECTOR('',#9082,1.);
#2342=VECTOR('',#9085,1.);
#2343=VECTOR('',#9088,1.);
#2344=VECTOR('',#9091,1.);
#2345=VECTOR('',#9096,1.);
#2346=VECTOR('',#9097,1.);
#2347=VECTOR('',#9098,1.);
#2348=VECTOR('',#9101,1.);
#2349=VECTOR('',#9102,1.);
#2350=VECTOR('',#9103,1.);
#2351=VECTOR('',#9104,1.);
#2352=VECTOR('',#9105,1.);
#2353=VECTOR('',#9108,1.);
#2354=VECTOR('',#9109,1.);
#2355=VECTOR('',#9110,1.);
#2356=VECTOR('',#9111,1.);
#2357=VECTOR('',#9112,1.);
#2358=VECTOR('',#9113,1.);
#2359=VECTOR('',#9114,1.);
#2360=VECTOR('',#9115,1.);
#2361=VECTOR('',#9116,1.);
#2362=VECTOR('',#9117,1.);
#2363=VECTOR('',#9118,1.);
#2364=VECTOR('',#9119,1.);
#2365=VECTOR('',#9120,1.);
#2366=VECTOR('',#9121,1.);
#2367=VECTOR('',#9122,1.);
#2368=VECTOR('',#9123,1.);
#2369=VECTOR('',#9124,1.);
#2370=VECTOR('',#9125,1.);
#2371=VECTOR('',#9126,1.);
#2372=VECTOR('',#9127,1.);
#2373=VECTOR('',#9128,1.);
#2374=VECTOR('',#9129,1.);
#2375=VECTOR('',#9132,1.);
#2376=VECTOR('',#9133,1.);
#2377=VECTOR('',#9134,1.);
#2378=VECTOR('',#9135,1.);
#2379=VECTOR('',#9136,1.);
#2380=VECTOR('',#9137,1.);
#2381=VECTOR('',#9138,1.);
#2382=VECTOR('',#9139,1.);
#2383=VECTOR('',#9140,1.);
#2384=VECTOR('',#9141,1.);
#2385=VECTOR('',#9142,1.);
#2386=VECTOR('',#9143,1.);
#2387=VECTOR('',#9144,1.);
#2388=VECTOR('',#9145,1.);
#2389=VECTOR('',#9146,1.);
#2390=VECTOR('',#9147,1.);
#2391=VECTOR('',#9148,1.);
#2392=VECTOR('',#9151,1.);
#2393=VECTOR('',#9156,1.);
#2394=VECTOR('',#9159,1.);
#2395=VECTOR('',#9160,1.);
#2396=VECTOR('',#9165,1.);
#2397=VECTOR('',#9166,1.);
#2398=VECTOR('',#9167,1.);
#2399=VECTOR('',#9168,1.);
#2400=VECTOR('',#9175,1.);
#2401=VECTOR('',#9180,1.);
#2402=VECTOR('',#9181,1.);
#2403=VECTOR('',#9184,1.);
#2404=VECTOR('',#9187,1.);
#2405=VECTOR('',#9188,1.);
#2406=VECTOR('',#9191,1.);
#2407=VECTOR('',#9192,1.);
#2408=VECTOR('',#9231,1.);
#2409=VECTOR('',#9234,1.);
#2410=VECTOR('',#9237,1.);
#2411=VECTOR('',#9240,1.);
#2412=VECTOR('',#9243,1.);
#2413=VECTOR('',#9246,1.);
#2414=VECTOR('',#9251,1.);
#2415=VECTOR('',#9252,1.);
#2416=VECTOR('',#9255,1.);
#2417=VECTOR('',#9258,1.);
#2418=VECTOR('',#9261,1.);
#2419=VECTOR('',#9264,1.);
#2420=VECTOR('',#9265,1.);
#2421=VECTOR('',#9268,1.);
#2422=VECTOR('',#9271,1.);
#2423=VECTOR('',#9274,1.);
#2424=VECTOR('',#9277,1.);
#2425=VECTOR('',#9278,1.);
#2426=VECTOR('',#9281,1.);
#2427=VECTOR('',#9282,1.);
#2428=VECTOR('',#9287,1.);
#2429=VECTOR('',#9290,1.);
#2430=VECTOR('',#9293,1.);
#2431=VECTOR('',#9298,1.);
#2432=VECTOR('',#9299,1.);
#2433=VECTOR('',#9300,1.);
#2434=VECTOR('',#9303,1.);
#2435=VECTOR('',#9304,1.);
#2436=VECTOR('',#9305,1.);
#2437=VECTOR('',#9306,1.);
#2438=VECTOR('',#9307,1.);
#2439=VECTOR('',#9308,1.);
#2440=VECTOR('',#9309,1.);
#2441=VECTOR('',#9310,1.);
#2442=VECTOR('',#9313,1.);
#2443=VECTOR('',#9318,1.);
#2444=VECTOR('',#9319,1.);
#2445=VECTOR('',#9320,1.);
#2446=VECTOR('',#9323,1.);
#2447=VECTOR('',#9324,1.);
#2448=VECTOR('',#9325,1.);
#2449=VECTOR('',#9328,1.);
#2450=VECTOR('',#9333,1.);
#2451=VECTOR('',#9334,1.);
#2452=VECTOR('',#9335,1.);
#2453=VECTOR('',#9338,1.);
#2454=VECTOR('',#9341,1.);
#2455=VECTOR('',#9342,1.);
#2456=VECTOR('',#9347,1.);
#2457=VECTOR('',#9348,1.);
#2458=VECTOR('',#9353,1.);
#2459=VECTOR('',#9366,1.);
#2460=VECTOR('',#9369,1.);
#2461=VECTOR('',#9376,1.);
#2462=VECTOR('',#9379,1.);
#2463=VECTOR('',#9382,1.);
#2464=VECTOR('',#9383,1.);
#2465=VECTOR('',#9388,1.);
#2466=VECTOR('',#9389,1.);
#2467=VECTOR('',#9392,1.);
#2468=VECTOR('',#9395,1.);
#2469=VECTOR('',#9396,1.);
#2470=VECTOR('',#9399,1.);
#2471=VECTOR('',#9406,1.);
#2472=VECTOR('',#9409,1.);
#2473=VECTOR('',#9410,1.);
#2474=VECTOR('',#9417,1.);
#2475=VECTOR('',#9418,1.);
#2476=VECTOR('',#9421,1.);
#2477=VECTOR('',#9422,1.);
#2478=VECTOR('',#9423,1.);
#2479=VECTOR('',#9424,1.);
#2480=VECTOR('',#9427,1.);
#2481=VECTOR('',#9432,1.);
#2482=VECTOR('',#9433,1.);
#2483=VECTOR('',#9434,1.);
#2484=VECTOR('',#9437,1.);
#2485=VECTOR('',#9438,1.);
#2486=VECTOR('',#9441,1.);
#2487=VECTOR('',#9444,1.);
#2488=VECTOR('',#9445,1.);
#2489=VECTOR('',#9448,1.);
#2490=VECTOR('',#9453,1.);
#2491=VECTOR('',#9454,1.);
#2492=VECTOR('',#9455,1.);
#2493=VECTOR('',#9458,1.);
#2494=VECTOR('',#9459,1.);
#2495=VECTOR('',#9460,1.);
#2496=VECTOR('',#9463,1.);
#2497=VECTOR('',#9470,1.);
#2498=VECTOR('',#9475,1.);
#2499=VECTOR('',#9476,1.);
#2500=VECTOR('',#9481,1.);
#2501=VECTOR('',#9482,1.);
#2502=VECTOR('',#9485,1.);
#2503=VECTOR('',#9490,1.);
#2504=VECTOR('',#9493,1.);
#2505=VECTOR('',#9498,1.);
#2506=VECTOR('',#9499,1.);
#2507=VECTOR('',#9500,1.);
#2508=VECTOR('',#9503,1.);
#2509=VECTOR('',#9504,1.);
#2510=VECTOR('',#9507,1.);
#2511=VECTOR('',#9510,1.);
#2512=VECTOR('',#9511,1.);
#2513=VECTOR('',#9514,1.);
#2514=VECTOR('',#9519,1.);
#2515=VECTOR('',#9520,1.);
#2516=VECTOR('',#9521,1.);
#2517=VECTOR('',#9524,1.);
#2518=VECTOR('',#9525,1.);
#2519=VECTOR('',#9526,1.);
#2520=VECTOR('',#9529,1.);
#2521=VECTOR('',#9536,1.);
#2522=VECTOR('',#9541,1.);
#2523=VECTOR('',#9542,1.);
#2524=VECTOR('',#9547,1.);
#2525=VECTOR('',#9548,1.);
#2526=VECTOR('',#9551,1.);
#2527=VECTOR('',#9556,1.);
#2528=VECTOR('',#9559,1.);
#2529=VECTOR('',#9564,1.);
#2530=VECTOR('',#9565,1.);
#2531=VECTOR('',#9566,1.);
#2532=VECTOR('',#9569,1.);
#2533=VECTOR('',#9570,1.);
#2534=VECTOR('',#9573,1.);
#2535=VECTOR('',#9576,1.);
#2536=VECTOR('',#9577,1.);
#2537=VECTOR('',#9580,1.);
#2538=VECTOR('',#9585,1.);
#2539=VECTOR('',#9586,1.);
#2540=VECTOR('',#9587,1.);
#2541=VECTOR('',#9590,1.);
#2542=VECTOR('',#9591,1.);
#2543=VECTOR('',#9592,1.);
#2544=VECTOR('',#9595,1.);
#2545=VECTOR('',#9602,1.);
#2546=VECTOR('',#9607,1.);
#2547=VECTOR('',#9608,1.);
#2548=VECTOR('',#9613,1.);
#2549=VECTOR('',#9614,1.);
#2550=VECTOR('',#9617,1.);
#2551=VECTOR('',#9622,1.);
#2552=VECTOR('',#9625,1.);
#2553=VECTOR('',#9630,1.);
#2554=VECTOR('',#9631,1.);
#2555=VECTOR('',#9632,1.);
#2556=VECTOR('',#9635,1.);
#2557=VECTOR('',#9636,1.);
#2558=VECTOR('',#9639,1.);
#2559=VECTOR('',#9642,1.);
#2560=VECTOR('',#9643,1.);
#2561=VECTOR('',#9646,1.);
#2562=VECTOR('',#9651,1.);
#2563=VECTOR('',#9652,1.);
#2564=VECTOR('',#9653,1.);
#2565=VECTOR('',#9656,1.);
#2566=VECTOR('',#9657,1.);
#2567=VECTOR('',#9658,1.);
#2568=VECTOR('',#9661,1.);
#2569=VECTOR('',#9668,1.);
#2570=VECTOR('',#9673,1.);
#2571=VECTOR('',#9674,1.);
#2572=VECTOR('',#9679,1.);
#2573=VECTOR('',#9680,1.);
#2574=VECTOR('',#9683,1.);
#2575=VECTOR('',#9688,1.);
#2576=VECTOR('',#9691,1.);
#2577=VECTOR('',#9696,1.);
#2578=VECTOR('',#9699,1.);
#2579=VECTOR('',#9700,1.);
#2580=VECTOR('',#9703,1.);
#2581=VECTOR('',#9710,1.);
#2582=VECTOR('',#9711,1.);
#2583=VECTOR('',#9714,1.);
#2584=VECTOR('',#9715,1.);
#2585=VECTOR('',#9726,1.);
#2586=VECTOR('',#9727,1.);
#2587=VECTOR('',#9728,1.);
#2588=VECTOR('',#9731,1.);
#2589=VECTOR('',#9738,1.);
#2590=VECTOR('',#9739,1.);
#2591=VECTOR('',#9740,1.);
#2592=VECTOR('',#9743,1.);
#2593=VECTOR('',#9746,1.);
#2594=VECTOR('',#9749,1.);
#2595=VECTOR('',#9754,1.);
#2596=VECTOR('',#9757,1.);
#2597=VECTOR('',#9760,1.);
#2598=VECTOR('',#9761,1.);
#2599=VECTOR('',#9762,1.);
#2600=VECTOR('',#9765,1.);
#2601=VECTOR('',#9774,1.);
#2602=VECTOR('',#9775,1.);
#2603=VECTOR('',#9778,1.);
#2604=VECTOR('',#9779,1.);
#2605=VECTOR('',#9780,1.);
#2606=VECTOR('',#9783,1.);
#2607=VECTOR('',#9786,1.);
#2608=VECTOR('',#9787,1.);
#2609=VECTOR('',#9788,1.);
#2610=VECTOR('',#9789,1.);
#2611=VECTOR('',#9792,1.);
#2612=VECTOR('',#9795,1.);
#2613=VECTOR('',#9798,1.);
#2614=VECTOR('',#9799,1.);
#2615=VECTOR('',#9800,1.);
#2616=VECTOR('',#9801,1.);
#2617=VECTOR('',#9802,1.);
#2618=VECTOR('',#9803,1.);
#2619=VECTOR('',#9804,1.);
#2620=VECTOR('',#9805,1.);
#2621=VECTOR('',#9806,1.);
#2622=VECTOR('',#9809,1.);
#2623=VECTOR('',#9814,1.);
#2624=VECTOR('',#9817,1.);
#2625=VECTOR('',#9820,1.);
#2626=VECTOR('',#9823,1.);
#2627=VECTOR('',#9826,1.);
#2628=VECTOR('',#9845,1.);
#2629=VECTOR('',#9850,1.);
#2630=VECTOR('',#9851,1.);
#2631=VECTOR('',#9854,1.);
#2632=VECTOR('',#9857,1.);
#2633=VECTOR('',#9862,1.);
#2634=VECTOR('',#9863,1.);
#2635=VECTOR('',#9866,1.);
#2636=VECTOR('',#9869,1.);
#2637=VECTOR('',#9874,1.);
#2638=VECTOR('',#9887,1.);
#2639=VECTOR('',#9906,1.);
#2640=VECTOR('',#9917,1.);
#2641=VECTOR('',#9922,1.);
#2642=VECTOR('',#9929,1.);
#2643=VECTOR('',#9946,1.);
#2644=VECTOR('',#9951,1.);
#2645=VECTOR('',#9956,1.);
#2646=VECTOR('',#9957,1.);
#2647=VECTOR('',#9960,1.);
#2648=VECTOR('',#9965,1.);
#2649=VECTOR('',#9966,1.);
#2650=VECTOR('',#9971,1.);
#2651=VECTOR('',#9976,1.);
#2652=VECTOR('',#9981,1.);
#2653=VECTOR('',#9988,1.);
#2654=VECTOR('',#9991,1.);
#2655=VECTOR('',#9994,1.);
#2656=VECTOR('',#9999,1.);
#2657=VECTOR('',#10004,1.);
#2658=VECTOR('',#10009,1.);
#2659=VECTOR('',#10012,1.);
#2660=VECTOR('',#10013,1.);
#2661=VECTOR('',#10018,1.);
#2662=VECTOR('',#10019,1.);
#2663=VECTOR('',#10020,1.);
#2664=VECTOR('',#10025,1.);
#2665=VECTOR('',#10034,1.);
#2666=VECTOR('',#10035,1.);
#2667=VECTOR('',#10038,1.);
#2668=VECTOR('',#10039,1.);
#2669=VECTOR('',#10040,1.);
#2670=VECTOR('',#10041,1.);
#2671=VECTOR('',#10042,1.);
#2672=VECTOR('',#10045,1.);
#2673=VECTOR('',#10048,1.);
#2674=VECTOR('',#10049,1.);
#2675=VECTOR('',#10050,1.);
#2676=VECTOR('',#10051,1.);
#2677=VECTOR('',#10052,1.);
#2678=VECTOR('',#10053,1.);
#2679=VECTOR('',#10056,1.);
#2680=VECTOR('',#10059,1.);
#2681=VECTOR('',#10062,1.);
#2682=VECTOR('',#10065,1.);
#2683=VECTOR('',#10074,10.);
#2684=VECTOR('',#10077,1.);
#2685=VECTOR('',#10078,1.);
#2686=VECTOR('',#10079,1.);
#2687=VECTOR('',#10084,1.);
#2688=VECTOR('',#10087,1.);
#2689=VECTOR('',#10088,1.);
#2690=VECTOR('',#10097,1.);
#2691=VECTOR('',#10100,1.);
#2692=VECTOR('',#10105,1.);
#2693=VECTOR('',#10106,1.);
#2694=VECTOR('',#10109,1.);
#2695=VECTOR('',#10120,1.);
#2696=VECTOR('',#10123,1.);
#2697=VECTOR('',#10124,1.);
#2698=VECTOR('',#10129,1.);
#2699=VECTOR('',#10132,1.);
#2700=VECTOR('',#10133,1.);
#2701=VECTOR('',#10134,1.);
#2702=VECTOR('',#10135,1.);
#2703=VECTOR('',#10136,1.);
#2704=VECTOR('',#10137,1.);
#2705=VECTOR('',#10140,1.);
#2706=VECTOR('',#10143,1.);
#2707=VECTOR('',#10144,1.);
#2708=VECTOR('',#10145,1.);
#2709=VECTOR('',#10146,1.);
#2710=VECTOR('',#10147,1.);
#2711=VECTOR('',#10150,1.);
#2712=VECTOR('',#10151,1.);
#2713=VECTOR('',#10158,1.);
#2714=VECTOR('',#10159,1.);
#2715=VECTOR('',#10162,1.);
#2716=VECTOR('',#10167,0.3);
#2717=VECTOR('',#10170,0.3);
#2718=VECTOR('',#10173,1.);
#2719=VECTOR('',#10174,1.);
#2720=VECTOR('',#10181,1.);
#2721=VECTOR('',#10184,10.);
#2722=VECTOR('',#10187,1.);
#2723=VECTOR('',#10190,1.);
#2724=VECTOR('',#10195,1.);
#2725=VECTOR('',#10208,1.);
#2726=VECTOR('',#10213,1.);
#2727=VECTOR('',#10216,1.);
#2728=VECTOR('',#10219,1.);
#2729=VECTOR('',#10222,1.);
#2730=VECTOR('',#10225,1.);
#2731=VECTOR('',#10228,1.);
#2732=VECTOR('',#10231,1.);
#2733=VECTOR('',#10234,1.);
#2734=VECTOR('',#10237,1.);
#2735=VECTOR('',#10240,1.);
#2736=VECTOR('',#10243,1.);
#2737=VECTOR('',#10246,1.);
#2738=VECTOR('',#10249,1.);
#2739=VECTOR('',#10252,1.);
#2740=VECTOR('',#10255,1.);
#2741=VECTOR('',#10258,1.);
#2742=VECTOR('',#10261,1.);
#2743=VERTEX_POINT('',#10266);
#2744=VERTEX_POINT('',#10267);
#2745=VERTEX_POINT('',#10269);
#2746=VERTEX_POINT('',#10271);
#2747=VERTEX_POINT('',#10273);
#2748=VERTEX_POINT('',#10275);
#2749=VERTEX_POINT('',#10277);
#2750=VERTEX_POINT('',#10279);
#2751=VERTEX_POINT('',#10281);
#2752=VERTEX_POINT('',#10283);
#2753=VERTEX_POINT('',#10285);
#2754=VERTEX_POINT('',#10287);
#2755=VERTEX_POINT('',#10289);
#2756=VERTEX_POINT('',#10291);
#2757=VERTEX_POINT('',#10295);
#2758=VERTEX_POINT('',#10296);
#2759=VERTEX_POINT('',#10298);
#2760=VERTEX_POINT('',#10300);
#2761=VERTEX_POINT('',#10302);
#2762=VERTEX_POINT('',#10304);
#2763=VERTEX_POINT('',#10306);
#2764=VERTEX_POINT('',#10308);
#2765=VERTEX_POINT('',#10310);
#2766=VERTEX_POINT('',#10312);
#2767=VERTEX_POINT('',#10314);
#2768=VERTEX_POINT('',#10316);
#2769=VERTEX_POINT('',#10320);
#2770=VERTEX_POINT('',#10321);
#2771=VERTEX_POINT('',#10323);
#2772=VERTEX_POINT('',#10327);
#2773=VERTEX_POINT('',#10328);
#2774=VERTEX_POINT('',#10330);
#2775=VERTEX_POINT('',#10332);
#2776=VERTEX_POINT('',#10334);
#2777=VERTEX_POINT('',#10336);
#2778=VERTEX_POINT('',#10338);
#2779=VERTEX_POINT('',#10340);
#2780=VERTEX_POINT('',#10342);
#2781=VERTEX_POINT('',#10344);
#2782=VERTEX_POINT('',#10346);
#2783=VERTEX_POINT('',#10348);
#2784=VERTEX_POINT('',#10352);
#2785=VERTEX_POINT('',#10354);
#2786=VERTEX_POINT('',#10367);
#2787=VERTEX_POINT('',#10371);
#2788=VERTEX_POINT('',#10373);
#2789=VERTEX_POINT('',#10380);
#2790=VERTEX_POINT('',#10382);
#2791=VERTEX_POINT('',#10386);
#2792=VERTEX_POINT('',#10388);
#2793=VERTEX_POINT('',#10392);
#2794=VERTEX_POINT('',#10393);
#2795=VERTEX_POINT('',#10395);
#2796=VERTEX_POINT('',#10397);
#2797=VERTEX_POINT('',#10399);
#2798=VERTEX_POINT('',#10401);
#2799=VERTEX_POINT('',#10403);
#2800=VERTEX_POINT('',#10405);
#2801=VERTEX_POINT('',#10407);
#2802=VERTEX_POINT('',#10409);
#2803=VERTEX_POINT('',#10411);
#2804=VERTEX_POINT('',#10413);
#2805=VERTEX_POINT('',#10422);
#2806=VERTEX_POINT('',#10426);
#2807=VERTEX_POINT('',#10428);
#2808=VERTEX_POINT('',#10430);
#2809=VERTEX_POINT('',#10432);
#2810=VERTEX_POINT('',#10434);
#2811=VERTEX_POINT('',#10436);
#2812=VERTEX_POINT('',#10438);
#2813=VERTEX_POINT('',#10440);
#2814=VERTEX_POINT('',#10442);
#2815=VERTEX_POINT('',#10444);
#2816=VERTEX_POINT('',#10446);
#2817=VERTEX_POINT('',#10448);
#2818=VERTEX_POINT('',#10450);
#2819=VERTEX_POINT('',#10452);
#2820=VERTEX_POINT('',#10454);
#2821=VERTEX_POINT('',#10456);
#2822=VERTEX_POINT('',#10458);
#2823=VERTEX_POINT('',#10460);
#2824=VERTEX_POINT('',#10462);
#2825=VERTEX_POINT('',#10464);
#2826=VERTEX_POINT('',#10466);
#2827=VERTEX_POINT('',#10468);
#2828=VERTEX_POINT('',#10470);
#2829=VERTEX_POINT('',#10474);
#2830=VERTEX_POINT('',#10476);
#2831=VERTEX_POINT('',#10478);
#2832=VERTEX_POINT('',#10482);
#2833=VERTEX_POINT('',#10484);
#2834=VERTEX_POINT('',#10488);
#2835=VERTEX_POINT('',#10495);
#2836=VERTEX_POINT('',#10497);
#2837=VERTEX_POINT('',#10499);
#2838=VERTEX_POINT('',#10503);
#2839=VERTEX_POINT('',#10505);
#2840=VERTEX_POINT('',#10509);
#2841=VERTEX_POINT('',#10518);
#2842=VERTEX_POINT('',#10519);
#2843=VERTEX_POINT('',#10521);
#2844=VERTEX_POINT('',#10523);
#2845=VERTEX_POINT('',#10525);
#2846=VERTEX_POINT('',#10527);
#2847=VERTEX_POINT('',#10529);
#2848=VERTEX_POINT('',#10531);
#2849=VERTEX_POINT('',#10545);
#2850=VERTEX_POINT('',#10547);
#2851=VERTEX_POINT('',#10549);
#2852=VERTEX_POINT('',#10577);
#2853=VERTEX_POINT('',#10578);
#2854=VERTEX_POINT('',#10580);
#2855=VERTEX_POINT('',#10582);
#2856=VERTEX_POINT('',#10586);
#2857=VERTEX_POINT('',#10590);
#2858=VERTEX_POINT('',#10592);
#2859=VERTEX_POINT('',#10596);
#2860=VERTEX_POINT('',#10597);
#2861=VERTEX_POINT('',#10599);
#2862=VERTEX_POINT('',#10601);
#2863=VERTEX_POINT('',#10605);
#2864=VERTEX_POINT('',#10606);
#2865=VERTEX_POINT('',#10611);
#2866=VERTEX_POINT('',#10613);
#2867=VERTEX_POINT('',#10615);
#2868=VERTEX_POINT('',#10617);
#2869=VERTEX_POINT('',#10625);
#2870=VERTEX_POINT('',#10626);
#2871=VERTEX_POINT('',#10628);
#2872=VERTEX_POINT('',#10630);
#2873=VERTEX_POINT('',#10634);
#2874=VERTEX_POINT('',#10637);
#2875=VERTEX_POINT('',#10639);
#2876=VERTEX_POINT('',#10641);
#2877=VERTEX_POINT('',#10643);
#2878=VERTEX_POINT('',#10645);
#2879=VERTEX_POINT('',#10647);
#2880=VERTEX_POINT('',#10651);
#2881=VERTEX_POINT('',#10655);
#2882=VERTEX_POINT('',#10661);
#2883=VERTEX_POINT('',#10663);
#2884=VERTEX_POINT('',#10665);
#2885=VERTEX_POINT('',#10667);
#2886=VERTEX_POINT('',#10669);
#2887=VERTEX_POINT('',#10673);
#2888=VERTEX_POINT('',#10677);
#2889=VERTEX_POINT('',#10679);
#2890=VERTEX_POINT('',#10681);
#2891=VERTEX_POINT('',#10685);
#2892=VERTEX_POINT('',#10687);
#2893=VERTEX_POINT('',#10690);
#2894=VERTEX_POINT('',#10692);
#2895=VERTEX_POINT('',#10695);
#2896=VERTEX_POINT('',#10696);
#2897=VERTEX_POINT('',#10698);
#2898=VERTEX_POINT('',#10700);
#2899=VERTEX_POINT('',#10703);
#2900=VERTEX_POINT('',#10704);
#2901=VERTEX_POINT('',#10706);
#2902=VERTEX_POINT('',#10708);
#2903=VERTEX_POINT('',#10712);
#2904=VERTEX_POINT('',#10713);
#2905=VERTEX_POINT('',#10718);
#2906=VERTEX_POINT('',#10719);
#2907=VERTEX_POINT('',#10729);
#2908=VERTEX_POINT('',#10730);
#2909=VERTEX_POINT('',#10735);
#2910=VERTEX_POINT('',#10739);
#2911=VERTEX_POINT('',#10751);
#2912=VERTEX_POINT('',#10755);
#2913=VERTEX_POINT('',#10759);
#2914=VERTEX_POINT('',#10761);
#2915=VERTEX_POINT('',#10763);
#2916=VERTEX_POINT('',#10767);
#2917=VERTEX_POINT('',#10768);
#2918=VERTEX_POINT('',#10770);
#2919=VERTEX_POINT('',#10773);
#2920=VERTEX_POINT('',#10775);
#2921=VERTEX_POINT('',#10777);
#2922=VERTEX_POINT('',#10779);
#2923=VERTEX_POINT('',#10781);
#2924=VERTEX_POINT('',#10783);
#2925=VERTEX_POINT('',#10785);
#2926=VERTEX_POINT('',#10788);
#2927=VERTEX_POINT('',#10789);
#2928=VERTEX_POINT('',#10791);
#2929=VERTEX_POINT('',#10793);
#2930=VERTEX_POINT('',#10795);
#2931=VERTEX_POINT('',#10797);
#2932=VERTEX_POINT('',#10799);
#2933=VERTEX_POINT('',#10801);
#2934=VERTEX_POINT('',#10803);
#2935=VERTEX_POINT('',#10805);
#2936=VERTEX_POINT('',#10807);
#2937=VERTEX_POINT('',#10809);
#2938=VERTEX_POINT('',#10813);
#2939=VERTEX_POINT('',#10815);
#2940=VERTEX_POINT('',#10819);
#2941=VERTEX_POINT('',#10820);
#2942=VERTEX_POINT('',#10822);
#2943=VERTEX_POINT('',#10824);
#2944=VERTEX_POINT('',#10828);
#2945=VERTEX_POINT('',#10829);
#2946=VERTEX_POINT('',#10831);
#2947=VERTEX_POINT('',#10833);
#2948=VERTEX_POINT('',#10837);
#2949=VERTEX_POINT('',#10838);
#2950=VERTEX_POINT('',#10840);
#2951=VERTEX_POINT('',#10842);
#2952=VERTEX_POINT('',#10846);
#2953=VERTEX_POINT('',#10847);
#2954=VERTEX_POINT('',#10849);
#2955=VERTEX_POINT('',#10851);
#2956=VERTEX_POINT('',#10855);
#2957=VERTEX_POINT('',#10856);
#2958=VERTEX_POINT('',#10858);
#2959=VERTEX_POINT('',#10860);
#2960=VERTEX_POINT('',#10864);
#2961=VERTEX_POINT('',#10865);
#2962=VERTEX_POINT('',#10867);
#2963=VERTEX_POINT('',#10869);
#2964=VERTEX_POINT('',#10873);
#2965=VERTEX_POINT('',#10874);
#2966=VERTEX_POINT('',#10882);
#2967=VERTEX_POINT('',#10884);
#2968=VERTEX_POINT('',#10886);
#2969=VERTEX_POINT('',#10888);
#2970=VERTEX_POINT('',#10890);
#2971=VERTEX_POINT('',#10892);
#2972=VERTEX_POINT('',#10894);
#2973=VERTEX_POINT('',#10896);
#2974=VERTEX_POINT('',#10898);
#2975=VERTEX_POINT('',#10901);
#2976=VERTEX_POINT('',#10902);
#2977=VERTEX_POINT('',#10904);
#2978=VERTEX_POINT('',#10906);
#2979=VERTEX_POINT('',#10908);
#2980=VERTEX_POINT('',#10910);
#2981=VERTEX_POINT('',#10912);
#2982=VERTEX_POINT('',#10914);
#2983=VERTEX_POINT('',#10917);
#2984=VERTEX_POINT('',#10919);
#2985=VERTEX_POINT('',#10922);
#2986=VERTEX_POINT('',#10923);
#2987=VERTEX_POINT('',#10925);
#2988=VERTEX_POINT('',#10927);
#2989=VERTEX_POINT('',#10935);
#2990=VERTEX_POINT('',#10936);
#2991=VERTEX_POINT('',#10938);
#2992=VERTEX_POINT('',#10940);
#2993=VERTEX_POINT('',#10942);
#2994=VERTEX_POINT('',#10944);
#2995=VERTEX_POINT('',#10946);
#2996=VERTEX_POINT('',#10948);
#2997=VERTEX_POINT('',#10950);
#2998=VERTEX_POINT('',#10952);
#2999=VERTEX_POINT('',#10954);
#3000=VERTEX_POINT('',#10963);
#3001=VERTEX_POINT('',#10965);
#3002=VERTEX_POINT('',#10966);
#3003=VERTEX_POINT('',#10969);
#3004=VERTEX_POINT('',#10971);
#3005=VERTEX_POINT('',#10973);
#3006=VERTEX_POINT('',#10975);
#3007=VERTEX_POINT('',#10978);
#3008=VERTEX_POINT('',#10995);
#3009=VERTEX_POINT('',#10996);
#3010=VERTEX_POINT('',#10998);
#3011=VERTEX_POINT('',#11000);
#3012=VERTEX_POINT('',#11002);
#3013=VERTEX_POINT('',#11004);
#3014=VERTEX_POINT('',#11009);
#3015=VERTEX_POINT('',#11013);
#3016=VERTEX_POINT('',#11020);
#3017=VERTEX_POINT('',#11021);
#3018=VERTEX_POINT('',#11023);
#3019=VERTEX_POINT('',#11025);
#3020=VERTEX_POINT('',#11027);
#3021=VERTEX_POINT('',#11029);
#3022=VERTEX_POINT('',#11045);
#3023=VERTEX_POINT('',#11047);
#3024=VERTEX_POINT('',#11049);
#3025=VERTEX_POINT('',#11051);
#3026=VERTEX_POINT('',#11107);
#3027=VERTEX_POINT('',#11133);
#3028=VERTEX_POINT('',#11166);
#3029=VERTEX_POINT('',#11168);
#3030=VERTEX_POINT('',#11170);
#3031=VERTEX_POINT('',#11172);
#3032=VERTEX_POINT('',#11174);
#3033=VERTEX_POINT('',#11176);
#3034=VERTEX_POINT('',#11178);
#3035=VERTEX_POINT('',#11180);
#3036=VERTEX_POINT('',#11184);
#3037=VERTEX_POINT('',#11185);
#3038=VERTEX_POINT('',#11187);
#3039=VERTEX_POINT('',#11189);
#3040=VERTEX_POINT('',#11191);
#3041=VERTEX_POINT('',#11194);
#3042=VERTEX_POINT('',#11196);
#3043=VERTEX_POINT('',#11198);
#3044=VERTEX_POINT('',#11205);
#3045=VERTEX_POINT('',#11207);
#3046=VERTEX_POINT('',#11225);
#3047=VERTEX_POINT('',#11230);
#3048=VERTEX_POINT('',#11237);
#3049=VERTEX_POINT('',#11243);
#3050=VERTEX_POINT('',#11245);
#3051=VERTEX_POINT('',#11250);
#3052=VERTEX_POINT('',#11251);
#3053=VERTEX_POINT('',#11253);
#3054=VERTEX_POINT('',#11255);
#3055=VERTEX_POINT('',#11257);
#3056=VERTEX_POINT('',#11260);
#3057=VERTEX_POINT('',#11262);
#3058=VERTEX_POINT('',#11264);
#3059=VERTEX_POINT('',#11266);
#3060=VERTEX_POINT('',#11268);
#3061=VERTEX_POINT('',#11272);
#3062=VERTEX_POINT('',#11274);
#3063=VERTEX_POINT('',#11278);
#3064=VERTEX_POINT('',#11280);
#3065=VERTEX_POINT('',#11282);
#3066=VERTEX_POINT('',#11284);
#3067=VERTEX_POINT('',#11286);
#3068=VERTEX_POINT('',#11293);
#3069=VERTEX_POINT('',#11295);
#3070=VERTEX_POINT('',#11299);
#3071=VERTEX_POINT('',#11301);
#3072=VERTEX_POINT('',#11307);
#3073=VERTEX_POINT('',#11309);
#3074=VERTEX_POINT('',#11311);
#3075=VERTEX_POINT('',#11313);
#3076=VERTEX_POINT('',#11315);
#3077=VERTEX_POINT('',#11321);
#3078=VERTEX_POINT('',#11322);
#3079=VERTEX_POINT('',#11327);
#3080=VERTEX_POINT('',#11328);
#3081=VERTEX_POINT('',#11336);
#3082=VERTEX_POINT('',#11338);
#3083=VERTEX_POINT('',#11364);
#3084=VERTEX_POINT('',#11368);
#3085=VERTEX_POINT('',#11369);
#3086=VERTEX_POINT('',#11371);
#3087=VERTEX_POINT('',#11373);
#3088=VERTEX_POINT('',#11375);
#3089=VERTEX_POINT('',#11377);
#3090=VERTEX_POINT('',#11379);
#3091=VERTEX_POINT('',#11381);
#3092=VERTEX_POINT('',#11383);
#3093=VERTEX_POINT('',#11385);
#3094=VERTEX_POINT('',#11387);
#3095=VERTEX_POINT('',#11389);
#3096=VERTEX_POINT('',#11399);
#3097=VERTEX_POINT('',#11401);
#3098=VERTEX_POINT('',#11405);
#3099=VERTEX_POINT('',#11407);
#3100=VERTEX_POINT('',#11409);
#3101=VERTEX_POINT('',#11411);
#3102=VERTEX_POINT('',#11413);
#3103=VERTEX_POINT('',#11415);
#3104=VERTEX_POINT('',#11417);
#3105=VERTEX_POINT('',#11419);
#3106=VERTEX_POINT('',#11421);
#3107=VERTEX_POINT('',#11423);
#3108=VERTEX_POINT('',#11425);
#3109=VERTEX_POINT('',#11427);
#3110=VERTEX_POINT('',#11429);
#3111=VERTEX_POINT('',#11431);
#3112=VERTEX_POINT('',#11433);
#3113=VERTEX_POINT('',#11435);
#3114=VERTEX_POINT('',#11437);
#3115=VERTEX_POINT('',#11439);
#3116=VERTEX_POINT('',#11441);
#3117=VERTEX_POINT('',#11443);
#3118=VERTEX_POINT('',#11445);
#3119=VERTEX_POINT('',#11449);
#3120=VERTEX_POINT('',#11451);
#3121=VERTEX_POINT('',#11453);
#3122=VERTEX_POINT('',#11456);
#3123=VERTEX_POINT('',#11458);
#3124=VERTEX_POINT('',#11461);
#3125=VERTEX_POINT('',#11463);
#3126=VERTEX_POINT('',#11466);
#3127=VERTEX_POINT('',#11468);
#3128=VERTEX_POINT('',#11471);
#3129=VERTEX_POINT('',#11473);
#3130=VERTEX_POINT('',#11480);
#3131=VERTEX_POINT('',#11484);
#3132=VERTEX_POINT('',#11486);
#3133=VERTEX_POINT('',#11490);
#3134=VERTEX_POINT('',#11491);
#3135=VERTEX_POINT('',#11493);
#3136=VERTEX_POINT('',#11495);
#3137=VERTEX_POINT('',#11501);
#3138=VERTEX_POINT('',#11504);
#3139=VERTEX_POINT('',#11506);
#3140=VERTEX_POINT('',#11508);
#3141=VERTEX_POINT('',#11510);
#3142=VERTEX_POINT('',#11512);
#3143=VERTEX_POINT('',#11514);
#3144=VERTEX_POINT('',#11516);
#3145=VERTEX_POINT('',#11520);
#3146=VERTEX_POINT('',#11604);
#3147=VERTEX_POINT('',#11605);
#3148=VERTEX_POINT('',#11607);
#3149=VERTEX_POINT('',#11609);
#3150=VERTEX_POINT('',#11613);
#3151=VERTEX_POINT('',#11615);
#3152=VERTEX_POINT('',#11617);
#3153=VERTEX_POINT('',#11619);
#3154=VERTEX_POINT('',#11621);
#3155=VERTEX_POINT('',#11623);
#3156=VERTEX_POINT('',#11625);
#3157=VERTEX_POINT('',#11629);
#3158=VERTEX_POINT('',#11631);
#3159=VERTEX_POINT('',#11633);
#3160=VERTEX_POINT('',#11635);
#3161=VERTEX_POINT('',#11637);
#3162=VERTEX_POINT('',#11639);
#3163=VERTEX_POINT('',#11641);
#3164=VERTEX_POINT('',#11659);
#3165=VERTEX_POINT('',#11661);
#3166=VERTEX_POINT('',#11665);
#3167=VERTEX_POINT('',#11666);
#3168=VERTEX_POINT('',#11668);
#3169=VERTEX_POINT('',#11670);
#3170=VERTEX_POINT('',#11673);
#3171=VERTEX_POINT('',#11674);
#3172=VERTEX_POINT('',#11676);
#3173=VERTEX_POINT('',#11678);
#3174=VERTEX_POINT('',#11682);
#3175=VERTEX_POINT('',#11686);
#3176=VERTEX_POINT('',#11688);
#3177=VERTEX_POINT('',#11692);
#3178=VERTEX_POINT('',#11693);
#3179=VERTEX_POINT('',#11696);
#3180=VERTEX_POINT('',#11698);
#3181=VERTEX_POINT('',#11700);
#3182=VERTEX_POINT('',#11704);
#3183=VERTEX_POINT('',#11705);
#3184=VERTEX_POINT('',#11712);
#3185=VERTEX_POINT('',#11714);
#3186=VERTEX_POINT('',#11718);
#3187=VERTEX_POINT('',#11730);
#3188=VERTEX_POINT('',#11731);
#3189=VERTEX_POINT('',#11733);
#3190=VERTEX_POINT('',#11735);
#3191=VERTEX_POINT('',#11739);
#3192=VERTEX_POINT('',#11740);
#3193=VERTEX_POINT('',#11742);
#3194=VERTEX_POINT('',#11744);
#3195=VERTEX_POINT('',#11751);
#3196=VERTEX_POINT('',#11754);
#3197=VERTEX_POINT('',#11756);
#3198=VERTEX_POINT('',#11760);
#3199=VERTEX_POINT('',#11764);
#3200=VERTEX_POINT('',#11768);
#3201=VERTEX_POINT('',#11777);
#3202=VERTEX_POINT('',#11781);
#3203=VERTEX_POINT('',#11782);
#3204=VERTEX_POINT('',#11784);
#3205=VERTEX_POINT('',#11786);
#3206=VERTEX_POINT('',#11793);
#3207=VERTEX_POINT('',#11794);
#3208=VERTEX_POINT('',#11799);
#3209=VERTEX_POINT('',#11801);
#3210=VERTEX_POINT('',#11803);
#3211=VERTEX_POINT('',#11805);
#3212=VERTEX_POINT('',#11807);
#3213=VERTEX_POINT('',#11809);
#3214=VERTEX_POINT('',#11811);
#3215=VERTEX_POINT('',#11813);
#3216=VERTEX_POINT('',#11815);
#3217=VERTEX_POINT('',#11819);
#3218=VERTEX_POINT('',#11821);
#3219=VERTEX_POINT('',#11825);
#3220=VERTEX_POINT('',#11827);
#3221=VERTEX_POINT('',#11835);
#3222=VERTEX_POINT('',#11839);
#3223=VERTEX_POINT('',#11841);
#3224=VERTEX_POINT('',#11845);
#3225=VERTEX_POINT('',#11851);
#3226=VERTEX_POINT('',#11858);
#3227=VERTEX_POINT('',#11859);
#3228=VERTEX_POINT('',#11864);
#3229=VERTEX_POINT('',#11866);
#3230=VERTEX_POINT('',#11868);
#3231=VERTEX_POINT('',#11870);
#3232=VERTEX_POINT('',#11872);
#3233=VERTEX_POINT('',#11874);
#3234=VERTEX_POINT('',#11876);
#3235=VERTEX_POINT('',#11878);
#3236=VERTEX_POINT('',#11880);
#3237=VERTEX_POINT('',#11884);
#3238=VERTEX_POINT('',#11886);
#3239=VERTEX_POINT('',#11890);
#3240=VERTEX_POINT('',#11892);
#3241=VERTEX_POINT('',#11900);
#3242=VERTEX_POINT('',#11904);
#3243=VERTEX_POINT('',#11906);
#3244=VERTEX_POINT('',#11910);
#3245=VERTEX_POINT('',#11916);
#3246=VERTEX_POINT('',#11923);
#3247=VERTEX_POINT('',#11924);
#3248=VERTEX_POINT('',#11929);
#3249=VERTEX_POINT('',#11931);
#3250=VERTEX_POINT('',#11933);
#3251=VERTEX_POINT('',#11935);
#3252=VERTEX_POINT('',#11937);
#3253=VERTEX_POINT('',#11939);
#3254=VERTEX_POINT('',#11941);
#3255=VERTEX_POINT('',#11943);
#3256=VERTEX_POINT('',#11945);
#3257=VERTEX_POINT('',#11949);
#3258=VERTEX_POINT('',#11951);
#3259=VERTEX_POINT('',#11955);
#3260=VERTEX_POINT('',#11957);
#3261=VERTEX_POINT('',#11965);
#3262=VERTEX_POINT('',#11969);
#3263=VERTEX_POINT('',#11971);
#3264=VERTEX_POINT('',#11975);
#3265=VERTEX_POINT('',#11981);
#3266=VERTEX_POINT('',#11988);
#3267=VERTEX_POINT('',#11989);
#3268=VERTEX_POINT('',#11994);
#3269=VERTEX_POINT('',#11996);
#3270=VERTEX_POINT('',#11998);
#3271=VERTEX_POINT('',#12000);
#3272=VERTEX_POINT('',#12002);
#3273=VERTEX_POINT('',#12004);
#3274=VERTEX_POINT('',#12006);
#3275=VERTEX_POINT('',#12008);
#3276=VERTEX_POINT('',#12010);
#3277=VERTEX_POINT('',#12014);
#3278=VERTEX_POINT('',#12016);
#3279=VERTEX_POINT('',#12020);
#3280=VERTEX_POINT('',#12022);
#3281=VERTEX_POINT('',#12030);
#3282=VERTEX_POINT('',#12034);
#3283=VERTEX_POINT('',#12036);
#3284=VERTEX_POINT('',#12040);
#3285=VERTEX_POINT('',#12046);
#3286=VERTEX_POINT('',#12055);
#3287=VERTEX_POINT('',#12057);
#3288=VERTEX_POINT('',#12059);
#3289=VERTEX_POINT('',#12061);
#3290=VERTEX_POINT('',#12076);
#3291=VERTEX_POINT('',#12077);
#3292=VERTEX_POINT('',#12082);
#3293=VERTEX_POINT('',#12083);
#3294=VERTEX_POINT('',#12085);
#3295=VERTEX_POINT('',#12121);
#3296=VERTEX_POINT('',#12155);
#3297=VERTEX_POINT('',#12157);
#3298=VERTEX_POINT('',#12161);
#3299=VERTEX_POINT('',#12163);
#3300=VERTEX_POINT('',#12167);
#3301=VERTEX_POINT('',#12171);
#3302=VERTEX_POINT('',#12173);
#3303=VERTEX_POINT('',#12175);
#3304=VERTEX_POINT('',#12177);
#3305=VERTEX_POINT('',#12179);
#3306=VERTEX_POINT('',#12186);
#3307=VERTEX_POINT('',#12217);
#3308=VERTEX_POINT('',#12218);
#3309=VERTEX_POINT('',#12224);
#3310=VERTEX_POINT('',#12231);
#3311=VERTEX_POINT('',#12233);
#3312=VERTEX_POINT('',#12235);
#3313=VERTEX_POINT('',#12238);
#3314=VERTEX_POINT('',#12239);
#3315=VERTEX_POINT('',#12241);
#3316=VERTEX_POINT('',#12243);
#3317=VERTEX_POINT('',#12246);
#3318=VERTEX_POINT('',#12247);
#3319=VERTEX_POINT('',#12249);
#3320=VERTEX_POINT('',#12251);
#3321=VERTEX_POINT('',#12254);
#3322=VERTEX_POINT('',#12255);
#3323=VERTEX_POINT('',#12257);
#3324=VERTEX_POINT('',#12259);
#3325=VERTEX_POINT('',#12262);
#3326=VERTEX_POINT('',#12263);
#3327=VERTEX_POINT('',#12265);
#3328=VERTEX_POINT('',#12267);
#3329=VERTEX_POINT('',#12270);
#3330=VERTEX_POINT('',#12271);
#3331=VERTEX_POINT('',#12273);
#3332=VERTEX_POINT('',#12275);
#3333=VERTEX_POINT('',#12278);
#3334=VERTEX_POINT('',#12279);
#3335=VERTEX_POINT('',#12281);
#3336=VERTEX_POINT('',#12283);
#3337=VERTEX_POINT('',#12287);
#3338=VERTEX_POINT('',#12288);
#3339=VERTEX_POINT('',#12293);
#3340=VERTEX_POINT('',#12297);
#3341=VERTEX_POINT('',#12320);
#3342=VERTEX_POINT('',#12321);
#3343=VERTEX_POINT('',#12326);
#3344=VERTEX_POINT('',#12330);
#3345=VERTEX_POINT('',#12337);
#3346=VERTEX_POINT('',#12338);
#3347=VERTEX_POINT('',#12343);
#3348=VERTEX_POINT('',#12347);
#3349=VERTEX_POINT('',#12354);
#3350=VERTEX_POINT('',#12355);
#3351=VERTEX_POINT('',#12360);
#3352=VERTEX_POINT('',#12361);
#3353=VERTEX_POINT('',#12371);
#3354=VERTEX_POINT('',#12400);
#3355=VERTEX_POINT('',#12404);
#3356=VERTEX_POINT('',#12440);
#3357=VERTEX_POINT('',#12444);
#3358=VERTEX_POINT('',#12446);
#3359=VERTEX_POINT('',#12448);
#3360=VERTEX_POINT('',#12450);
#3361=VERTEX_POINT('',#12454);
#3362=VERTEX_POINT('',#12455);
#3363=VERTEX_POINT('',#12460);
#3364=VERTEX_POINT('',#12464);
#3365=VERTEX_POINT('',#12466);
#3366=VERTEX_POINT('',#12468);
#3367=VERTEX_POINT('',#12470);
#3368=VERTEX_POINT('',#12472);
#3369=VERTEX_POINT('',#12474);
#3370=VERTEX_POINT('',#12476);
#3371=VERTEX_POINT('',#12478);
#3372=VERTEX_POINT('',#12480);
#3373=VERTEX_POINT('',#12482);
#3374=VERTEX_POINT('',#12484);
#3375=VERTEX_POINT('',#12486);
#3376=VERTEX_POINT('',#12488);
#3377=VERTEX_POINT('',#12490);
#3378=VERTEX_POINT('',#12492);
#3379=VERTEX_POINT('',#12495);
#3380=VERTEX_POINT('',#12496);
#3381=VERTEX_POINT('',#12498);
#3382=VERTEX_POINT('',#12500);
#3383=VERTEX_POINT('',#12502);
#3384=VERTEX_POINT('',#12504);
#3385=VERTEX_POINT('',#12506);
#3386=VERTEX_POINT('',#12508);
#3387=VERTEX_POINT('',#12511);
#3388=VERTEX_POINT('',#12513);
#3389=VERTEX_POINT('',#12516);
#3390=VERTEX_POINT('',#12517);
#3391=VERTEX_POINT('',#12519);
#3392=VERTEX_POINT('',#12521);
#3393=VERTEX_POINT('',#12523);
#3394=VERTEX_POINT('',#12525);
#3395=VERTEX_POINT('',#12529);
#3396=VERTEX_POINT('',#12530);
#3397=VERTEX_POINT('',#12533);
#3398=VERTEX_POINT('',#12535);
#3399=VERTEX_POINT('',#12543);
#3400=VERTEX_POINT('',#12545);
#3401=VERTEX_POINT('',#12549);
#3402=VERTEX_POINT('',#12553);
#3403=VERTEX_POINT('',#12555);
#3404=VERTEX_POINT('',#12557);
#3405=VERTEX_POINT('',#12561);
#3406=VERTEX_POINT('',#12568);
#3407=VERTEX_POINT('',#12570);
#3408=VERTEX_POINT('',#12574);
#3409=VERTEX_POINT('',#12576);
#3410=VERTEX_POINT('',#12580);
#3411=VERTEX_POINT('',#12581);
#3412=VERTEX_POINT('',#12583);
#3413=VERTEX_POINT('',#12585);
#3414=VERTEX_POINT('',#12587);
#3415=VERTEX_POINT('',#12589);
#3416=VERTEX_POINT('',#12591);
#3417=VERTEX_POINT('',#12593);
#3418=VERTEX_POINT('',#12595);
#3419=VERTEX_POINT('',#12597);
#3420=VERTEX_POINT('',#12599);
#3421=VERTEX_POINT('',#12601);
#3422=VERTEX_POINT('',#12603);
#3423=VERTEX_POINT('',#12605);
#3424=VERTEX_POINT('',#12607);
#3425=VERTEX_POINT('',#12609);
#3426=VERTEX_POINT('',#12611);
#3427=VERTEX_POINT('',#12615);
#3428=VERTEX_POINT('',#12618);
#3429=VERTEX_POINT('',#12620);
#3430=VERTEX_POINT('',#12623);
#3431=VERTEX_POINT('',#12625);
#3432=VERTEX_POINT('',#12628);
#3433=VERTEX_POINT('',#12681);
#3434=VERTEX_POINT('',#12683);
#3435=EDGE_CURVE('',#2743,#2744,#1245,.T.);
#3436=EDGE_CURVE('',#2743,#2745,#1246,.T.);
#3437=EDGE_CURVE('',#2746,#2745,#1247,.T.);
#3438=EDGE_CURVE('',#2747,#2746,#1248,.T.);
#3439=EDGE_CURVE('',#2748,#2747,#1249,.T.);
#3440=EDGE_CURVE('',#2748,#2749,#1250,.T.);
#3441=EDGE_CURVE('',#2749,#2750,#1251,.T.);
#3442=EDGE_CURVE('',#2751,#2750,#1252,.T.);
#3443=EDGE_CURVE('',#2752,#2751,#1253,.T.);
#3444=EDGE_CURVE('',#2752,#2753,#971,.T.);
#3445=EDGE_CURVE('',#2754,#2753,#1254,.T.);
#3446=EDGE_CURVE('',#2754,#2755,#972,.T.);
#3447=EDGE_CURVE('',#2756,#2755,#1255,.T.);
#3448=EDGE_CURVE('',#2744,#2756,#1256,.T.);
#3449=EDGE_CURVE('',#2757,#2758,#1257,.T.);
#3450=EDGE_CURVE('',#2759,#2758,#1258,.T.);
#3451=EDGE_CURVE('',#2760,#2759,#1259,.T.);
#3452=EDGE_CURVE('',#2760,#2761,#1260,.T.);
#3453=EDGE_CURVE('',#2761,#2762,#1261,.T.);
#3454=EDGE_CURVE('',#2763,#2762,#1262,.T.);
#3455=EDGE_CURVE('',#2763,#2764,#1263,.T.);
#3456=EDGE_CURVE('',#2764,#2765,#1264,.T.);
#3457=EDGE_CURVE('',#2766,#2765,#1265,.T.);
#3458=EDGE_CURVE('',#2767,#2766,#1266,.T.);
#3459=EDGE_CURVE('',#2768,#2767,#1267,.T.);
#3460=EDGE_CURVE('',#2768,#2757,#1268,.T.);
#3461=EDGE_CURVE('',#2769,#2770,#973,.T.);
#3462=EDGE_CURVE('',#2769,#2771,#974,.T.);
#3463=EDGE_CURVE('',#2770,#2771,#975,.T.);
#3464=EDGE_CURVE('',#2772,#2773,#1269,.T.);
#3465=EDGE_CURVE('',#2773,#2774,#1270,.T.);
#3466=EDGE_CURVE('',#2775,#2774,#1271,.T.);
#3467=EDGE_CURVE('',#2775,#2776,#1272,.T.);
#3468=EDGE_CURVE('',#2776,#2777,#1273,.T.);
#3469=EDGE_CURVE('',#2778,#2777,#1274,.T.);
#3470=EDGE_CURVE('',#2779,#2778,#1275,.T.);
#3471=EDGE_CURVE('',#2780,#2779,#1276,.T.);
#3472=EDGE_CURVE('',#2781,#2780,#1277,.T.);
#3473=EDGE_CURVE('',#2782,#2781,#1278,.T.);
#3474=EDGE_CURVE('',#2783,#2782,#1279,.T.);
#3475=EDGE_CURVE('',#2783,#2772,#1280,.T.);
#3476=EDGE_CURVE('',#2754,#2784,#1281,.T.);
#3477=EDGE_CURVE('',#2784,#2785,#976,.T.);
#3478=EDGE_CURVE('',#2755,#2785,#1282,.T.);
#3479=EDGE_CURVE('',#2752,#2770,#1283,.T.);
#3480=EDGE_CURVE('',#2753,#2771,#1284,.T.);
#3481=EDGE_CURVE('',#2776,#2744,#77,.T.);
#3482=EDGE_CURVE('',#2775,#2743,#977,.T.);
#3483=EDGE_CURVE('',#2749,#2760,#978,.T.);
#3484=EDGE_CURVE('',#2759,#2750,#78,.T.);
#3485=EDGE_CURVE('',#2786,#2784,#979,.T.);
#3486=EDGE_CURVE('',#2786,#2785,#980,.T.);
#3487=EDGE_CURVE('',#2787,#2769,#1285,.T.);
#3488=EDGE_CURVE('',#2787,#2788,#1286,.T.);
#3489=EDGE_CURVE('',#2786,#2788,#1287,.T.);
#3490=EDGE_CURVE('',#2769,#2786,#1288,.T.);
#3491=EDGE_CURVE('',#2771,#2784,#1289,.T.);
#3492=EDGE_CURVE('',#2785,#2789,#1290,.T.);
#3493=EDGE_CURVE('',#2789,#2790,#1291,.T.);
#3494=EDGE_CURVE('',#2756,#2790,#79,.T.);
#3495=EDGE_CURVE('',#2791,#2770,#1292,.T.);
#3496=EDGE_CURVE('',#2792,#2751,#80,.T.);
#3497=EDGE_CURVE('',#2792,#2791,#1293,.T.);
#3498=EDGE_CURVE('',#2793,#2794,#1294,.T.);
#3499=EDGE_CURVE('',#2795,#2794,#1295,.T.);
#3500=EDGE_CURVE('',#2795,#2796,#1296,.T.);
#3501=EDGE_CURVE('',#2797,#2796,#1297,.T.);
#3502=EDGE_CURVE('',#2797,#2798,#1298,.T.);
#3503=EDGE_CURVE('',#2799,#2798,#1299,.T.);
#3504=EDGE_CURVE('',#2800,#2799,#1300,.T.);
#3505=EDGE_CURVE('',#2801,#2800,#1301,.T.);
#3506=EDGE_CURVE('',#2802,#2801,#1302,.T.);
#3507=EDGE_CURVE('',#2803,#2802,#1303,.T.);
#3508=EDGE_CURVE('',#2804,#2803,#1304,.T.);
#3509=EDGE_CURVE('',#2793,#2804,#1305,.T.);
#3510=EDGE_CURVE('',#2791,#2787,#81,.T.);
#3511=EDGE_CURVE('',#2788,#2789,#82,.T.);
#3512=EDGE_CURVE('',#2805,#2777,#1306,.T.);
#3513=EDGE_CURVE('',#2776,#2790,#1307,.T.);
#3514=EDGE_CURVE('',#2792,#2759,#1308,.T.);
#3515=EDGE_CURVE('',#2758,#2806,#1309,.T.);
#3516=EDGE_CURVE('',#2807,#2806,#1310,.T.);
#3517=EDGE_CURVE('',#2808,#2807,#1311,.T.);
#3518=EDGE_CURVE('',#2809,#2808,#981,.T.);
#3519=EDGE_CURVE('',#2810,#2809,#1312,.T.);
#3520=EDGE_CURVE('',#2811,#2810,#1313,.T.);
#3521=EDGE_CURVE('',#2812,#2811,#1314,.T.);
#3522=EDGE_CURVE('',#2813,#2812,#982,.T.);
#3523=EDGE_CURVE('',#2814,#2813,#1315,.T.);
#3524=EDGE_CURVE('',#2815,#2814,#983,.T.);
#3525=EDGE_CURVE('',#2816,#2815,#1316,.T.);
#3526=EDGE_CURVE('',#2816,#2817,#1317,.T.);
#3527=EDGE_CURVE('',#2818,#2817,#1318,.T.);
#3528=EDGE_CURVE('',#2818,#2819,#1319,.T.);
#3529=EDGE_CURVE('',#2820,#2819,#1320,.T.);
#3530=EDGE_CURVE('',#2821,#2820,#984,.T.);
#3531=EDGE_CURVE('',#2822,#2821,#1321,.T.);
#3532=EDGE_CURVE('',#2823,#2822,#985,.T.);
#3533=EDGE_CURVE('',#2824,#2823,#1322,.T.);
#3534=EDGE_CURVE('',#2825,#2824,#1323,.T.);
#3535=EDGE_CURVE('',#2826,#2825,#1324,.T.);
#3536=EDGE_CURVE('',#2827,#2826,#986,.T.);
#3537=EDGE_CURVE('',#2828,#2827,#1325,.T.);
#3538=EDGE_CURVE('',#2805,#2828,#1326,.T.);
#3539=EDGE_CURVE('',#2829,#2765,#1327,.T.);
#3540=EDGE_CURVE('',#2830,#2829,#1328,.T.);
#3541=EDGE_CURVE('',#2831,#2830,#1329,.T.);
#3542=EDGE_CURVE('',#2831,#2766,#1330,.T.);
#3543=EDGE_CURVE('',#2830,#2832,#1331,.T.);
#3544=EDGE_CURVE('',#2833,#2832,#1332,.T.);
#3545=EDGE_CURVE('',#2833,#2831,#1333,.T.);
#3546=EDGE_CURVE('',#2829,#2834,#1334,.T.);
#3547=EDGE_CURVE('',#2832,#2834,#1335,.T.);
#3548=EDGE_CURVE('',#2768,#2834,#1336,.T.);
#3549=EDGE_CURVE('',#2767,#2833,#1337,.T.);
#3550=EDGE_CURVE('',#2835,#2779,#1338,.T.);
#3551=EDGE_CURVE('',#2835,#2836,#1339,.T.);
#3552=EDGE_CURVE('',#2837,#2836,#1340,.T.);
#3553=EDGE_CURVE('',#2837,#2780,#1341,.T.);
#3554=EDGE_CURVE('',#2836,#2838,#1342,.T.);
#3555=EDGE_CURVE('',#2839,#2838,#1343,.T.);
#3556=EDGE_CURVE('',#2839,#2837,#1344,.T.);
#3557=EDGE_CURVE('',#2835,#2840,#1345,.T.);
#3558=EDGE_CURVE('',#2838,#2840,#1346,.T.);
#3559=EDGE_CURVE('',#2782,#2840,#1347,.T.);
#3560=EDGE_CURVE('',#2781,#2839,#1348,.T.);
#3561=EDGE_CURVE('',#2841,#2842,#1349,.T.);
#3562=EDGE_CURVE('',#2843,#2842,#1350,.T.);
#3563=EDGE_CURVE('',#2843,#2844,#1351,.T.);
#3564=EDGE_CURVE('',#2844,#2845,#1352,.T.);
#3565=EDGE_CURVE('',#2845,#2846,#1353,.T.);
#3566=EDGE_CURVE('',#2846,#2847,#1354,.T.);
#3567=EDGE_CURVE('',#2847,#2848,#1355,.T.);
#3568=EDGE_CURVE('',#2841,#2848,#1356,.T.);
#3569=EDGE_CURVE('',#2757,#2800,#987,.T.);
#3570=EDGE_CURVE('',#2758,#2799,#83,.T.);
#3571=EDGE_CURVE('',#2806,#2798,#988,.T.);
#3572=EDGE_CURVE('',#2805,#2795,#989,.T.);
#3573=EDGE_CURVE('',#2777,#2794,#84,.T.);
#3574=EDGE_CURVE('',#2793,#2778,#990,.T.);
#3575=EDGE_CURVE('',#2826,#2849,#1357,.T.);
#3576=EDGE_CURVE('',#2850,#2849,#991,.T.);
#3577=EDGE_CURVE('',#2850,#2851,#61,.T.);
#3578=EDGE_CURVE('',#2827,#2851,#1358,.T.);
#3579=EDGE_CURVE('',#2852,#2853,#1359,.T.);
#3580=EDGE_CURVE('',#2853,#2854,#1360,.T.);
#3581=EDGE_CURVE('',#2855,#2854,#1361,.T.);
#3582=EDGE_CURVE('',#2852,#2855,#1362,.T.);
#3583=EDGE_CURVE('',#2856,#2825,#1363,.T.);
#3584=EDGE_CURVE('',#2856,#2849,#1364,.T.);
#3585=EDGE_CURVE('',#2817,#2857,#1365,.T.);
#3586=EDGE_CURVE('',#2857,#2858,#1366,.T.);
#3587=EDGE_CURVE('',#2858,#2818,#1367,.T.);
#3588=EDGE_CURVE('',#2859,#2860,#1368,.T.);
#3589=EDGE_CURVE('',#2860,#2861,#992,.T.);
#3590=EDGE_CURVE('',#2862,#2861,#1369,.T.);
#3591=EDGE_CURVE('',#2859,#2862,#993,.T.);
#3592=EDGE_CURVE('',#2863,#2864,#1370,.T.);
#3593=EDGE_CURVE('',#2854,#2863,#1371,.T.);
#3594=EDGE_CURVE('',#2853,#2864,#1372,.T.);
#3595=EDGE_CURVE('',#2772,#2865,#994,.T.);
#3596=EDGE_CURVE('',#2865,#2866,#1373,.T.);
#3597=EDGE_CURVE('',#2866,#2867,#1374,.T.);
#3598=EDGE_CURVE('',#2867,#2868,#1375,.T.);
#3599=EDGE_CURVE('',#2773,#2868,#995,.T.);
#3600=EDGE_CURVE('',#2846,#2841,#1376,.T.);
#3601=EDGE_CURVE('',#2845,#2763,#996,.T.);
#3602=EDGE_CURVE('',#2842,#2762,#997,.T.);
#3603=EDGE_CURVE('',#2869,#2870,#1377,.T.);
#3604=EDGE_CURVE('',#2871,#2869,#1378,.T.);
#3605=EDGE_CURVE('',#2872,#2871,#1379,.T.);
#3606=EDGE_CURVE('',#2872,#2870,#1380,.T.);
#3607=EDGE_CURVE('',#2852,#2873,#998,.T.);
#3608=EDGE_CURVE('',#2859,#2873,#1381,.T.);
#3609=EDGE_CURVE('',#2874,#2862,#1382,.T.);
#3610=EDGE_CURVE('',#2874,#2875,#1383,.T.);
#3611=EDGE_CURVE('',#2875,#2876,#1384,.T.);
#3612=EDGE_CURVE('',#2876,#2877,#1385,.T.);
#3613=EDGE_CURVE('',#2877,#2878,#1386,.T.);
#3614=EDGE_CURVE('',#2878,#2879,#1387,.T.);
#3615=EDGE_CURVE('',#2879,#2864,#1388,.T.);
#3616=EDGE_CURVE('',#2880,#2861,#1389,.T.);
#3617=EDGE_CURVE('',#2874,#2880,#1390,.T.);
#3618=EDGE_CURVE('',#2873,#2881,#1391,.T.);
#3619=EDGE_CURVE('',#2855,#2881,#999,.T.);
#3620=EDGE_CURVE('',#2860,#2881,#1392,.T.);
#3621=EDGE_CURVE('',#2882,#2863,#1393,.T.);
#3622=EDGE_CURVE('',#2883,#2882,#1394,.T.);
#3623=EDGE_CURVE('',#2884,#2883,#1395,.T.);
#3624=EDGE_CURVE('',#2885,#2884,#1396,.T.);
#3625=EDGE_CURVE('',#2886,#2885,#1397,.T.);
#3626=EDGE_CURVE('',#2880,#2886,#1398,.T.);
#3627=EDGE_CURVE('',#2887,#2824,#1399,.T.);
#3628=EDGE_CURVE('',#2856,#2887,#1400,.T.);
#3629=EDGE_CURVE('',#2823,#2888,#1401,.T.);
#3630=EDGE_CURVE('',#2888,#2889,#1402,.T.);
#3631=EDGE_CURVE('',#2890,#2889,#1403,.T.);
#3632=EDGE_CURVE('',#2887,#2890,#1404,.T.);
#3633=EDGE_CURVE('',#2815,#2891,#1405,.T.);
#3634=EDGE_CURVE('',#2891,#2892,#1406,.T.);
#3635=EDGE_CURVE('',#2820,#2892,#1407,.T.);
#3636=EDGE_CURVE('',#2893,#2819,#1408,.T.);
#3637=EDGE_CURVE('',#2894,#2893,#1409,.T.);
#3638=EDGE_CURVE('',#2816,#2894,#1410,.T.);
#3639=EDGE_CURVE('',#2895,#2896,#1411,.T.);
#3640=EDGE_CURVE('',#2897,#2895,#1000,.T.);
#3641=EDGE_CURVE('',#2897,#2898,#1412,.T.);
#3642=EDGE_CURVE('',#2896,#2898,#1001,.T.);
#3643=EDGE_CURVE('',#2899,#2900,#1002,.T.);
#3644=EDGE_CURVE('',#2901,#2899,#1413,.T.);
#3645=EDGE_CURVE('',#2902,#2901,#1003,.T.);
#3646=EDGE_CURVE('',#2902,#2900,#1414,.T.);
#3647=EDGE_CURVE('',#2903,#2904,#1415,.T.);
#3648=EDGE_CURVE('',#2904,#2898,#1004,.T.);
#3649=EDGE_CURVE('',#2903,#2897,#1005,.T.);
#3650=EDGE_CURVE('',#2905,#2906,#1416,.T.);
#3651=EDGE_CURVE('',#2905,#2895,#1006,.T.);
#3652=EDGE_CURVE('',#2906,#2896,#1007,.T.);
#3653=EDGE_CURVE('',#2906,#2904,#1008,.T.);
#3654=EDGE_CURVE('',#2903,#2905,#1009,.T.);
#3655=EDGE_CURVE('',#2907,#2908,#1010,.T.);
#3656=EDGE_CURVE('',#2907,#2902,#1011,.T.);
#3657=EDGE_CURVE('',#2908,#2901,#1012,.T.);
#3658=EDGE_CURVE('',#2908,#2909,#1417,.T.);
#3659=EDGE_CURVE('',#2909,#2899,#1013,.T.);
#3660=EDGE_CURVE('',#2907,#2910,#1418,.T.);
#3661=EDGE_CURVE('',#2910,#2900,#1014,.T.);
#3662=EDGE_CURVE('',#2909,#2910,#1015,.T.);
#3663=EDGE_CURVE('',#2893,#2858,#1419,.T.);
#3664=EDGE_CURVE('',#2894,#2857,#1420,.T.);
#3665=EDGE_CURVE('',#2911,#2892,#1016,.T.);
#3666=EDGE_CURVE('',#2821,#2911,#1421,.T.);
#3667=EDGE_CURVE('',#2911,#2912,#1422,.T.);
#3668=EDGE_CURVE('',#2822,#2912,#1423,.T.);
#3669=EDGE_CURVE('',#2891,#2913,#1017,.T.);
#3670=EDGE_CURVE('',#2914,#2913,#1424,.T.);
#3671=EDGE_CURVE('',#2915,#2914,#1018,.T.);
#3672=EDGE_CURVE('',#2915,#2891,#1425,.T.);
#3673=EDGE_CURVE('',#2916,#2917,#1426,.T.);
#3674=EDGE_CURVE('',#2916,#2918,#1019,.T.);
#3675=EDGE_CURVE('',#2915,#2918,#1427,.T.);
#3676=EDGE_CURVE('',#2914,#2919,#1428,.T.);
#3677=EDGE_CURVE('',#2919,#2920,#1020,.T.);
#3678=EDGE_CURVE('',#2920,#2921,#1429,.T.);
#3679=EDGE_CURVE('',#2921,#2922,#1021,.T.);
#3680=EDGE_CURVE('',#2922,#2923,#1430,.T.);
#3681=EDGE_CURVE('',#2923,#2924,#1022,.T.);
#3682=EDGE_CURVE('',#2925,#2924,#1431,.T.);
#3683=EDGE_CURVE('',#2925,#2917,#1023,.T.);
#3684=EDGE_CURVE('',#2926,#2927,#1432,.T.);
#3685=EDGE_CURVE('',#2928,#2926,#1024,.T.);
#3686=EDGE_CURVE('',#2929,#2928,#1433,.T.);
#3687=EDGE_CURVE('',#2930,#2929,#1025,.T.);
#3688=EDGE_CURVE('',#2931,#2930,#1434,.T.);
#3689=EDGE_CURVE('',#2932,#2931,#1026,.T.);
#3690=EDGE_CURVE('',#2933,#2932,#1435,.T.);
#3691=EDGE_CURVE('',#2934,#2933,#1027,.T.);
#3692=EDGE_CURVE('',#2934,#2935,#1436,.T.);
#3693=EDGE_CURVE('',#2936,#2935,#1028,.T.);
#3694=EDGE_CURVE('',#2936,#2937,#1437,.T.);
#3695=EDGE_CURVE('',#2927,#2937,#1029,.T.);
#3696=EDGE_CURVE('',#2847,#2938,#1438,.T.);
#3697=EDGE_CURVE('',#2938,#2939,#1439,.T.);
#3698=EDGE_CURVE('',#2848,#2939,#1440,.T.);
#3699=EDGE_CURVE('',#2940,#2941,#1441,.T.);
#3700=EDGE_CURVE('',#2942,#2940,#1442,.T.);
#3701=EDGE_CURVE('',#2942,#2943,#1443,.T.);
#3702=EDGE_CURVE('',#2943,#2941,#1444,.T.);
#3703=EDGE_CURVE('',#2944,#2945,#1445,.T.);
#3704=EDGE_CURVE('',#2946,#2944,#1030,.T.);
#3705=EDGE_CURVE('',#2946,#2947,#1446,.T.);
#3706=EDGE_CURVE('',#2947,#2945,#1031,.T.);
#3707=EDGE_CURVE('',#2948,#2949,#1447,.T.);
#3708=EDGE_CURVE('',#2950,#2948,#1032,.T.);
#3709=EDGE_CURVE('',#2950,#2951,#1448,.T.);
#3710=EDGE_CURVE('',#2951,#2949,#1033,.T.);
#3711=EDGE_CURVE('',#2952,#2953,#1449,.T.);
#3712=EDGE_CURVE('',#2954,#2952,#1450,.T.);
#3713=EDGE_CURVE('',#2954,#2955,#1451,.T.);
#3714=EDGE_CURVE('',#2955,#2953,#1452,.T.);
#3715=EDGE_CURVE('',#2956,#2957,#1453,.T.);
#3716=EDGE_CURVE('',#2958,#2956,#1454,.T.);
#3717=EDGE_CURVE('',#2958,#2959,#1455,.T.);
#3718=EDGE_CURVE('',#2959,#2957,#1456,.T.);
#3719=EDGE_CURVE('',#2960,#2961,#1457,.T.);
#3720=EDGE_CURVE('',#2960,#2962,#1458,.T.);
#3721=EDGE_CURVE('',#2962,#2963,#1459,.T.);
#3722=EDGE_CURVE('',#2961,#2963,#1460,.T.);
#3723=EDGE_CURVE('',#2964,#2965,#1461,.T.);
#3724=EDGE_CURVE('',#2965,#2960,#1034,.T.);
#3725=EDGE_CURVE('',#2961,#2958,#1462,.T.);
#3726=EDGE_CURVE('',#2954,#2956,#1463,.T.);
#3727=EDGE_CURVE('',#2950,#2952,#1464,.T.);
#3728=EDGE_CURVE('',#2946,#2948,#1465,.T.);
#3729=EDGE_CURVE('',#2944,#2942,#1466,.T.);
#3730=EDGE_CURVE('',#2966,#2940,#1467,.T.);
#3731=EDGE_CURVE('',#2967,#2966,#1468,.T.);
#3732=EDGE_CURVE('',#2968,#2967,#1469,.T.);
#3733=EDGE_CURVE('',#2968,#2969,#1035,.T.);
#3734=EDGE_CURVE('',#2970,#2969,#1036,.T.);
#3735=EDGE_CURVE('',#2971,#2970,#1470,.T.);
#3736=EDGE_CURVE('',#2971,#2972,#1471,.T.);
#3737=EDGE_CURVE('',#2972,#2973,#1472,.T.);
#3738=EDGE_CURVE('',#2974,#2973,#1473,.T.);
#3739=EDGE_CURVE('',#2974,#2964,#1037,.T.);
#3740=EDGE_CURVE('',#2975,#2976,#1474,.T.);
#3741=EDGE_CURVE('',#2977,#2975,#1038,.T.);
#3742=EDGE_CURVE('',#2977,#2978,#1475,.T.);
#3743=EDGE_CURVE('',#2978,#2979,#1039,.T.);
#3744=EDGE_CURVE('',#2979,#2980,#1476,.T.);
#3745=EDGE_CURVE('',#2980,#2981,#1040,.T.);
#3746=EDGE_CURVE('',#2981,#2982,#1477,.T.);
#3747=EDGE_CURVE('',#2982,#2976,#1041,.T.);
#3748=EDGE_CURVE('',#2983,#2983,#1042,.T.);
#3749=EDGE_CURVE('',#2984,#2984,#1043,.T.);
#3750=EDGE_CURVE('',#2985,#2986,#1044,.T.);
#3751=EDGE_CURVE('',#2986,#2987,#85,.T.);
#3752=EDGE_CURVE('',#2988,#2987,#1478,.T.);
#3753=EDGE_CURVE('',#2976,#2988,#62,.T.);
#3754=EDGE_CURVE('',#2982,#2985,#1479,.T.);
#3755=EDGE_CURVE('',#2989,#2990,#1480,.T.);
#3756=EDGE_CURVE('',#2991,#2989,#1045,.T.);
#3757=EDGE_CURVE('',#2991,#2992,#1481,.T.);
#3758=EDGE_CURVE('',#2993,#2992,#1482,.T.);
#3759=EDGE_CURVE('',#2994,#2993,#1483,.T.);
#3760=EDGE_CURVE('',#2994,#2995,#1484,.T.);
#3761=EDGE_CURVE('',#2995,#2996,#1046,.T.);
#3762=EDGE_CURVE('',#2997,#2996,#1047,.T.);
#3763=EDGE_CURVE('',#2997,#2998,#1485,.T.);
#3764=EDGE_CURVE('',#2998,#2999,#1486,.T.);
#3765=EDGE_CURVE('',#2999,#2941,#1487,.T.);
#3766=EDGE_CURVE('',#2945,#2943,#1488,.T.);
#3767=EDGE_CURVE('',#2947,#2949,#1489,.T.);
#3768=EDGE_CURVE('',#2951,#2953,#1490,.T.);
#3769=EDGE_CURVE('',#2955,#2957,#1491,.T.);
#3770=EDGE_CURVE('',#2963,#2959,#1492,.T.);
#3771=EDGE_CURVE('',#2990,#2962,#1048,.T.);
#3772=EDGE_CURVE('',#3000,#3000,#1049,.T.);
#3773=EDGE_CURVE('',#3001,#3002,#1050,.T.);
#3774=EDGE_CURVE('',#3002,#2986,#1493,.T.);
#3775=EDGE_CURVE('',#3003,#2985,#1494,.T.);
#3776=EDGE_CURVE('',#3004,#3003,#1051,.T.);
#3777=EDGE_CURVE('',#3005,#3004,#1495,.T.);
#3778=EDGE_CURVE('',#3006,#3005,#1052,.T.);
#3779=EDGE_CURVE('',#3001,#3006,#1496,.T.);
#3780=EDGE_CURVE('',#3007,#3007,#1053,.T.);
#3781=EDGE_CURVE('',#2983,#3000,#1497,.T.);
#3782=EDGE_CURVE('',#2984,#3007,#1498,.T.);
#3783=EDGE_CURVE('',#2978,#3006,#1499,.T.);
#3784=EDGE_CURVE('',#2977,#3001,#1500,.T.);
#3785=EDGE_CURVE('',#2979,#3005,#1501,.T.);
#3786=EDGE_CURVE('',#2980,#3004,#1502,.T.);
#3787=EDGE_CURVE('',#2981,#3003,#1503,.T.);
#3788=EDGE_CURVE('',#3008,#3009,#1504,.T.);
#3789=EDGE_CURVE('',#3010,#3008,#1505,.T.);
#3790=EDGE_CURVE('',#3010,#3011,#1054,.T.);
#3791=EDGE_CURVE('',#3012,#3011,#1506,.T.);
#3792=EDGE_CURVE('',#3012,#3013,#1055,.T.);
#3793=EDGE_CURVE('',#3013,#3009,#1507,.T.);
#3794=EDGE_CURVE('',#2987,#3009,#1056,.T.);
#3795=EDGE_CURVE('',#3014,#3002,#86,.T.);
#3796=EDGE_CURVE('',#3014,#3008,#1057,.T.);
#3797=EDGE_CURVE('',#3015,#3014,#1508,.T.);
#3798=EDGE_CURVE('',#3015,#2975,#63,.T.);
#3799=EDGE_CURVE('',#3016,#3017,#1509,.T.);
#3800=EDGE_CURVE('',#3018,#3017,#1058,.T.);
#3801=EDGE_CURVE('',#3018,#3019,#1510,.T.);
#3802=EDGE_CURVE('',#3019,#3020,#1511,.T.);
#3803=EDGE_CURVE('',#3020,#3021,#1512,.T.);
#3804=EDGE_CURVE('',#3016,#3021,#1059,.T.);
#3805=EDGE_CURVE('',#3018,#3010,#1513,.T.);
#3806=EDGE_CURVE('',#3015,#3019,#1060,.T.);
#3807=EDGE_CURVE('',#3017,#3011,#1514,.T.);
#3808=EDGE_CURVE('',#2988,#3020,#1061,.T.);
#3809=EDGE_CURVE('',#3021,#3013,#1515,.T.);
#3810=EDGE_CURVE('',#3016,#3012,#1516,.T.);
#3811=EDGE_CURVE('',#2939,#3022,#1517,.T.);
#3812=EDGE_CURVE('',#3022,#3023,#1062,.T.);
#3813=EDGE_CURVE('',#3024,#3023,#1518,.T.);
#3814=EDGE_CURVE('',#3025,#3024,#1063,.T.);
#3815=EDGE_CURVE('',#2841,#3025,#1519,.T.);
#3816=EDGE_CURVE('',#3024,#2965,#64,.T.);
#3817=EDGE_CURVE('',#3023,#2990,#65,.T.);
#3818=EDGE_CURVE('',#2974,#2991,#1520,.T.);
#3819=EDGE_CURVE('',#2989,#3026,#66,.T.);
#3820=EDGE_CURVE('',#3027,#3026,#1521,.T.);
#3821=EDGE_CURVE('',#2964,#3027,#67,.T.);
#3822=EDGE_CURVE('',#2973,#2992,#1522,.T.);
#3823=EDGE_CURVE('',#3028,#2972,#1064,.T.);
#3824=EDGE_CURVE('',#3028,#3029,#1523,.T.);
#3825=EDGE_CURVE('',#3029,#3030,#1065,.T.);
#3826=EDGE_CURVE('',#3030,#3031,#1524,.T.);
#3827=EDGE_CURVE('',#3031,#3032,#1525,.T.);
#3828=EDGE_CURVE('',#3033,#3032,#1526,.T.);
#3829=EDGE_CURVE('',#3033,#3034,#1066,.T.);
#3830=EDGE_CURVE('',#3035,#3034,#1527,.T.);
#3831=EDGE_CURVE('',#3035,#2993,#1067,.T.);
#3832=EDGE_CURVE('',#3036,#3037,#1528,.T.);
#3833=EDGE_CURVE('',#3036,#3038,#1529,.T.);
#3834=EDGE_CURVE('',#3039,#3038,#1068,.T.);
#3835=EDGE_CURVE('',#3040,#3039,#1530,.T.);
#3836=EDGE_CURVE('',#3040,#3035,#1531,.T.);
#3837=EDGE_CURVE('',#3041,#3034,#1532,.T.);
#3838=EDGE_CURVE('',#3042,#3041,#1533,.T.);
#3839=EDGE_CURVE('',#3043,#3042,#1069,.T.);
#3840=EDGE_CURVE('',#3037,#3043,#1534,.T.);
#3841=EDGE_CURVE('',#3040,#2994,#1070,.T.);
#3842=EDGE_CURVE('',#2970,#2995,#1535,.T.);
#3843=EDGE_CURVE('',#3044,#3039,#1536,.T.);
#3844=EDGE_CURVE('',#3045,#3044,#1537,.T.);
#3845=EDGE_CURVE('',#3045,#2971,#1071,.T.);
#3846=EDGE_CURVE('',#2969,#2996,#1538,.T.);
#3847=EDGE_CURVE('',#2967,#2998,#1539,.T.);
#3848=EDGE_CURVE('',#2968,#2997,#1540,.T.);
#3849=EDGE_CURVE('',#2966,#2999,#1541,.T.);
#3850=EDGE_CURVE('',#3046,#3022,#1542,.T.);
#3851=EDGE_CURVE('',#3046,#3026,#1072,.T.);
#3852=EDGE_CURVE('',#2938,#3046,#1543,.T.);
#3853=EDGE_CURVE('',#2846,#3047,#1544,.T.);
#3854=EDGE_CURVE('',#3047,#3027,#1073,.T.);
#3855=EDGE_CURVE('',#3047,#3025,#1545,.T.);
#3856=EDGE_CURVE('',#3048,#2850,#1546,.T.);
#3857=EDGE_CURVE('',#3048,#2890,#1074,.T.);
#3858=EDGE_CURVE('',#2828,#3049,#1547,.T.);
#3859=EDGE_CURVE('',#3049,#3050,#1548,.T.);
#3860=EDGE_CURVE('',#3050,#2796,#1075,.T.);
#3861=EDGE_CURVE('',#3051,#3052,#1549,.T.);
#3862=EDGE_CURVE('',#3051,#3053,#1550,.T.);
#3863=EDGE_CURVE('',#3054,#3053,#1076,.T.);
#3864=EDGE_CURVE('',#3054,#3055,#1551,.T.);
#3865=EDGE_CURVE('',#3055,#3037,#1077,.T.);
#3866=EDGE_CURVE('',#3056,#3043,#1552,.T.);
#3867=EDGE_CURVE('',#3057,#3056,#1553,.T.);
#3868=EDGE_CURVE('',#3058,#3057,#1078,.T.);
#3869=EDGE_CURVE('',#3059,#3058,#1079,.T.);
#3870=EDGE_CURVE('',#3059,#3060,#1554,.T.);
#3871=EDGE_CURVE('',#3060,#3052,#1555,.T.);
#3872=EDGE_CURVE('',#3061,#3058,#1556,.T.);
#3873=EDGE_CURVE('',#3062,#3057,#1557,.T.);
#3874=EDGE_CURVE('',#3061,#3062,#1080,.T.);
#3875=EDGE_CURVE('',#2764,#3063,#1558,.T.);
#3876=EDGE_CURVE('',#3063,#3064,#1559,.T.);
#3877=EDGE_CURVE('',#3064,#3065,#1560,.T.);
#3878=EDGE_CURVE('',#3066,#3065,#1561,.T.);
#3879=EDGE_CURVE('',#3066,#3067,#1562,.T.);
#3880=EDGE_CURVE('',#3067,#2801,#1563,.T.);
#3881=EDGE_CURVE('',#3059,#3050,#1564,.T.);
#3882=EDGE_CURVE('',#3060,#3049,#1565,.T.);
#3883=EDGE_CURVE('',#3068,#2797,#1081,.T.);
#3884=EDGE_CURVE('',#3069,#3068,#1566,.T.);
#3885=EDGE_CURVE('',#3069,#2807,#1567,.T.);
#3886=EDGE_CURVE('',#3070,#2867,#1568,.T.);
#3887=EDGE_CURVE('',#3070,#3071,#1569,.T.);
#3888=EDGE_CURVE('',#3071,#2866,#1570,.T.);
#3889=EDGE_CURVE('',#2878,#2865,#1571,.T.);
#3890=EDGE_CURVE('',#2877,#2868,#1572,.T.);
#3891=EDGE_CURVE('',#3072,#2761,#1573,.T.);
#3892=EDGE_CURVE('',#2748,#3073,#1574,.T.);
#3893=EDGE_CURVE('',#3073,#3074,#1575,.T.);
#3894=EDGE_CURVE('',#3075,#3074,#1576,.T.);
#3895=EDGE_CURVE('',#3075,#3076,#1577,.T.);
#3896=EDGE_CURVE('',#3076,#3072,#1578,.T.);
#3897=EDGE_CURVE('',#2844,#3063,#1579,.T.);
#3898=EDGE_CURVE('',#3077,#3078,#1580,.T.);
#3899=EDGE_CURVE('',#2885,#3077,#1581,.T.);
#3900=EDGE_CURVE('',#3078,#2884,#1582,.T.);
#3901=EDGE_CURVE('',#3079,#3080,#1583,.T.);
#3902=EDGE_CURVE('',#3079,#2883,#1584,.T.);
#3903=EDGE_CURVE('',#3080,#2882,#1585,.T.);
#3904=EDGE_CURVE('',#3073,#2871,#1586,.T.);
#3905=EDGE_CURVE('',#3074,#2869,#1587,.T.);
#3906=EDGE_CURVE('',#2808,#3081,#1588,.T.);
#3907=EDGE_CURVE('',#3081,#3082,#68,.T.);
#3908=EDGE_CURVE('',#3083,#3082,#1082,.T.);
#3909=EDGE_CURVE('',#2809,#3083,#1589,.T.);
#3910=EDGE_CURVE('',#3084,#3085,#1590,.T.);
#3911=EDGE_CURVE('',#3085,#3086,#1083,.T.);
#3912=EDGE_CURVE('',#3086,#3087,#1591,.T.);
#3913=EDGE_CURVE('',#3087,#3088,#1084,.T.);
#3914=EDGE_CURVE('',#3088,#3089,#1592,.T.);
#3915=EDGE_CURVE('',#3089,#3090,#1085,.T.);
#3916=EDGE_CURVE('',#3091,#3090,#1593,.T.);
#3917=EDGE_CURVE('',#3091,#3092,#1086,.T.);
#3918=EDGE_CURVE('',#3093,#3092,#1594,.T.);
#3919=EDGE_CURVE('',#3093,#3094,#1087,.T.);
#3920=EDGE_CURVE('',#3094,#3095,#1595,.T.);
#3921=EDGE_CURVE('',#3095,#3084,#1088,.T.);
#3922=EDGE_CURVE('',#3077,#2745,#1596,.T.);
#3923=EDGE_CURVE('',#2774,#2876,#1597,.T.);
#3924=EDGE_CURVE('',#2875,#2886,#1598,.T.);
#3925=EDGE_CURVE('',#3078,#3079,#1599,.T.);
#3926=EDGE_CURVE('',#2804,#3080,#1600,.T.);
#3927=EDGE_CURVE('',#3096,#2803,#1601,.T.);
#3928=EDGE_CURVE('',#3097,#3096,#1602,.T.);
#3929=EDGE_CURVE('',#2746,#3097,#1603,.T.);
#3930=EDGE_CURVE('',#3098,#2802,#1604,.T.);
#3931=EDGE_CURVE('',#3099,#3098,#1605,.T.);
#3932=EDGE_CURVE('',#3099,#3100,#1606,.T.);
#3933=EDGE_CURVE('',#3100,#3101,#1607,.T.);
#3934=EDGE_CURVE('',#3102,#3101,#1608,.T.);
#3935=EDGE_CURVE('',#3103,#3102,#1609,.T.);
#3936=EDGE_CURVE('',#3103,#3104,#1610,.T.);
#3937=EDGE_CURVE('',#3104,#3105,#1611,.T.);
#3938=EDGE_CURVE('',#3106,#3105,#1612,.T.);
#3939=EDGE_CURVE('',#3107,#3106,#1613,.T.);
#3940=EDGE_CURVE('',#3107,#3108,#1614,.T.);
#3941=EDGE_CURVE('',#3108,#3109,#1615,.T.);
#3942=EDGE_CURVE('',#3110,#3109,#1616,.T.);
#3943=EDGE_CURVE('',#3111,#3110,#1617,.T.);
#3944=EDGE_CURVE('',#3111,#3112,#1618,.T.);
#3945=EDGE_CURVE('',#3112,#3113,#1619,.T.);
#3946=EDGE_CURVE('',#3114,#3113,#1620,.T.);
#3947=EDGE_CURVE('',#3115,#3114,#1621,.T.);
#3948=EDGE_CURVE('',#3115,#3116,#1622,.T.);
#3949=EDGE_CURVE('',#3116,#3117,#1623,.T.);
#3950=EDGE_CURVE('',#3118,#3117,#1624,.T.);
#3951=EDGE_CURVE('',#3096,#3118,#1625,.T.);
#3952=EDGE_CURVE('',#3097,#3119,#1626,.T.);
#3953=EDGE_CURVE('',#3118,#3120,#1627,.T.);
#3954=EDGE_CURVE('',#3121,#3120,#1628,.T.);
#3955=EDGE_CURVE('',#3115,#3121,#1629,.T.);
#3956=EDGE_CURVE('',#3114,#3122,#1630,.T.);
#3957=EDGE_CURVE('',#3123,#3122,#1631,.T.);
#3958=EDGE_CURVE('',#3111,#3123,#1632,.T.);
#3959=EDGE_CURVE('',#3110,#3124,#1633,.T.);
#3960=EDGE_CURVE('',#3125,#3124,#1634,.T.);
#3961=EDGE_CURVE('',#3107,#3125,#1635,.T.);
#3962=EDGE_CURVE('',#3106,#3126,#1636,.T.);
#3963=EDGE_CURVE('',#3127,#3126,#1637,.T.);
#3964=EDGE_CURVE('',#3103,#3127,#1638,.T.);
#3965=EDGE_CURVE('',#3102,#3128,#1639,.T.);
#3966=EDGE_CURVE('',#3129,#3128,#1640,.T.);
#3967=EDGE_CURVE('',#3099,#3129,#1641,.T.);
#3968=EDGE_CURVE('',#3098,#3119,#1642,.T.);
#3969=EDGE_CURVE('',#2879,#2783,#1643,.T.);
#3970=EDGE_CURVE('',#3130,#3061,#1089,.T.);
#3971=EDGE_CURVE('',#3068,#3130,#1644,.T.);
#3972=EDGE_CURVE('',#3069,#3131,#1645,.T.);
#3973=EDGE_CURVE('',#3131,#3132,#1646,.T.);
#3974=EDGE_CURVE('',#3081,#3132,#1090,.T.);
#3975=EDGE_CURVE('',#3133,#3134,#1647,.T.);
#3976=EDGE_CURVE('',#3134,#3135,#1648,.T.);
#3977=EDGE_CURVE('',#3136,#3135,#1649,.T.);
#3978=EDGE_CURVE('',#3133,#3136,#1650,.T.);
#3979=EDGE_CURVE('',#3052,#2851,#1091,.T.);
#3980=EDGE_CURVE('',#3137,#3129,#1651,.T.);
#3981=EDGE_CURVE('',#3137,#3135,#1092,.T.);
#3982=EDGE_CURVE('',#3134,#3138,#1093,.T.);
#3983=EDGE_CURVE('',#3138,#3139,#1652,.T.);
#3984=EDGE_CURVE('',#3139,#3140,#1653,.T.);
#3985=EDGE_CURVE('',#3141,#3140,#1094,.T.);
#3986=EDGE_CURVE('',#3141,#3142,#1654,.T.);
#3987=EDGE_CURVE('',#3143,#3142,#1095,.T.);
#3988=EDGE_CURVE('',#3144,#3143,#1655,.T.);
#3989=EDGE_CURVE('',#3144,#3100,#1656,.T.);
#3990=EDGE_CURVE('',#3083,#3145,#1657,.T.);
#3991=EDGE_CURVE('',#2810,#3145,#1658,.T.);
#3992=EDGE_CURVE('',#3088,#2926,#1096,.T.);
#3993=EDGE_CURVE('',#3089,#2927,#1097,.T.);
#3994=EDGE_CURVE('',#3094,#2933,#1098,.T.);
#3995=EDGE_CURVE('',#3095,#2932,#1099,.T.);
#3996=EDGE_CURVE('',#3090,#2937,#1100,.T.);
#3997=EDGE_CURVE('',#3091,#2936,#1101,.T.);
#3998=EDGE_CURVE('',#3084,#2931,#1102,.T.);
#3999=EDGE_CURVE('',#3092,#2935,#1103,.T.);
#4000=EDGE_CURVE('',#3087,#2928,#1104,.T.);
#4001=EDGE_CURVE('',#3093,#2934,#1105,.T.);
#4002=EDGE_CURVE('',#3086,#2929,#1106,.T.);
#4003=EDGE_CURVE('',#3085,#2930,#1107,.T.);
#4004=EDGE_CURVE('',#2747,#3119,#1659,.T.);
#4005=EDGE_CURVE('',#3067,#2872,#1660,.T.);
#4006=EDGE_CURVE('',#2870,#3066,#1661,.T.);
#4007=EDGE_CURVE('',#3072,#2843,#1662,.T.);
#4008=EDGE_CURVE('',#3146,#3147,#1663,.T.);
#4009=EDGE_CURVE('',#3148,#3146,#1108,.T.);
#4010=EDGE_CURVE('',#3148,#3149,#1664,.T.);
#4011=EDGE_CURVE('',#3149,#3147,#1109,.T.);
#4012=EDGE_CURVE('',#3150,#3147,#1665,.T.);
#4013=EDGE_CURVE('',#3149,#3151,#1666,.T.);
#4014=EDGE_CURVE('',#3152,#3151,#1110,.T.);
#4015=EDGE_CURVE('',#3152,#3153,#1667,.T.);
#4016=EDGE_CURVE('',#3153,#3154,#1111,.T.);
#4017=EDGE_CURVE('',#3154,#3155,#1668,.T.);
#4018=EDGE_CURVE('',#3155,#3156,#1112,.T.);
#4019=EDGE_CURVE('',#3150,#3156,#1669,.T.);
#4020=EDGE_CURVE('',#3157,#3146,#1670,.T.);
#4021=EDGE_CURVE('',#3157,#3158,#1671,.T.);
#4022=EDGE_CURVE('',#3159,#3158,#1113,.T.);
#4023=EDGE_CURVE('',#3160,#3159,#1672,.T.);
#4024=EDGE_CURVE('',#3161,#3160,#1114,.T.);
#4025=EDGE_CURVE('',#3162,#3161,#1673,.T.);
#4026=EDGE_CURVE('',#3162,#3163,#1115,.T.);
#4027=EDGE_CURVE('',#3148,#3163,#1674,.T.);
#4028=EDGE_CURVE('',#3159,#3155,#1675,.T.);
#4029=EDGE_CURVE('',#3160,#3154,#1676,.T.);
#4030=EDGE_CURVE('',#3157,#3150,#1677,.T.);
#4031=EDGE_CURVE('',#3158,#3156,#1678,.T.);
#4032=EDGE_CURVE('',#3163,#3151,#1679,.T.);
#4033=EDGE_CURVE('',#3162,#3152,#1680,.T.);
#4034=EDGE_CURVE('',#3161,#3153,#1681,.T.);
#4035=EDGE_CURVE('',#3164,#3140,#1682,.T.);
#4036=EDGE_CURVE('',#3165,#3139,#1683,.T.);
#4037=EDGE_CURVE('',#3165,#3164,#1684,.T.);
#4038=EDGE_CURVE('',#3166,#3167,#1685,.T.);
#4039=EDGE_CURVE('',#3167,#3168,#1686,.T.);
#4040=EDGE_CURVE('',#3168,#3169,#1687,.T.);
#4041=EDGE_CURVE('',#3169,#3166,#1688,.T.);
#4042=EDGE_CURVE('',#3170,#3171,#1689,.T.);
#4043=EDGE_CURVE('',#3170,#3172,#1690,.T.);
#4044=EDGE_CURVE('',#3172,#3173,#1691,.T.);
#4045=EDGE_CURVE('',#3171,#3173,#1692,.T.);
#4046=EDGE_CURVE('',#3174,#3137,#1693,.T.);
#4047=EDGE_CURVE('',#3174,#3136,#1116,.T.);
#4048=EDGE_CURVE('',#3175,#3075,#1694,.T.);
#4049=EDGE_CURVE('',#3175,#3176,#1695,.T.);
#4050=EDGE_CURVE('',#3176,#3076,#1696,.T.);
#4051=EDGE_CURVE('',#3177,#3178,#1697,.T.);
#4052=EDGE_CURVE('',#3178,#3064,#1698,.T.);
#4053=EDGE_CURVE('',#3176,#3179,#1699,.T.);
#4054=EDGE_CURVE('',#3180,#3179,#1117,.T.);
#4055=EDGE_CURVE('',#3180,#3181,#1700,.T.);
#4056=EDGE_CURVE('',#3177,#3181,#1118,.T.);
#4057=EDGE_CURVE('',#3182,#3183,#1701,.T.);
#4058=EDGE_CURVE('',#3183,#3178,#1702,.T.);
#4059=EDGE_CURVE('',#3182,#3177,#1703,.T.);
#4060=EDGE_CURVE('',#3183,#3065,#1704,.T.);
#4061=EDGE_CURVE('',#3184,#3180,#1705,.T.);
#4062=EDGE_CURVE('',#3185,#3179,#1706,.T.);
#4063=EDGE_CURVE('',#3184,#3185,#1119,.T.);
#4064=EDGE_CURVE('',#3184,#3186,#1707,.T.);
#4065=EDGE_CURVE('',#3186,#3181,#1708,.T.);
#4066=EDGE_CURVE('',#3182,#3186,#1120,.T.);
#4067=EDGE_CURVE('',#3175,#3185,#1709,.T.);
#4068=EDGE_CURVE('',#3187,#3188,#1710,.T.);
#4069=EDGE_CURVE('',#3189,#3187,#1121,.T.);
#4070=EDGE_CURVE('',#3189,#3190,#1711,.T.);
#4071=EDGE_CURVE('',#3190,#3188,#1122,.T.);
#4072=EDGE_CURVE('',#3191,#3192,#1123,.T.);
#4073=EDGE_CURVE('',#3192,#3193,#1712,.T.);
#4074=EDGE_CURVE('',#3194,#3193,#1124,.T.);
#4075=EDGE_CURVE('',#3191,#3194,#1713,.T.);
#4076=EDGE_CURVE('',#3170,#3192,#1714,.T.);
#4077=EDGE_CURVE('',#3171,#3193,#1715,.T.);
#4078=EDGE_CURVE('',#3195,#3173,#1125,.T.);
#4079=EDGE_CURVE('',#3195,#3188,#1716,.T.);
#4080=EDGE_CURVE('',#3190,#3196,#1717,.T.);
#4081=EDGE_CURVE('',#3196,#3197,#1126,.T.);
#4082=EDGE_CURVE('',#3197,#3194,#1718,.T.);
#4083=EDGE_CURVE('',#3198,#3191,#1719,.T.);
#4084=EDGE_CURVE('',#3198,#3197,#1720,.T.);
#4085=EDGE_CURVE('',#3199,#3196,#1721,.T.);
#4086=EDGE_CURVE('',#3199,#3198,#1127,.T.);
#4087=EDGE_CURVE('',#3200,#3172,#1128,.T.);
#4088=EDGE_CURVE('',#3200,#3195,#1722,.T.);
#4089=EDGE_CURVE('',#3189,#3199,#1723,.T.);
#4090=EDGE_CURVE('',#3200,#3187,#1724,.T.);
#4091=EDGE_CURVE('',#3201,#3165,#1725,.T.);
#4092=EDGE_CURVE('',#3201,#3138,#1726,.T.);
#4093=EDGE_CURVE('',#3202,#3203,#1727,.T.);
#4094=EDGE_CURVE('',#3203,#3204,#1728,.T.);
#4095=EDGE_CURVE('',#3204,#3205,#1729,.T.);
#4096=EDGE_CURVE('',#3205,#3202,#1730,.T.);
#4097=EDGE_CURVE('',#3130,#3131,#1731,.T.);
#4098=EDGE_CURVE('',#3206,#3207,#1732,.T.);
#4099=EDGE_CURVE('',#3207,#3121,#1733,.T.);
#4100=EDGE_CURVE('',#3206,#3120,#1734,.T.);
#4101=EDGE_CURVE('',#3208,#3117,#1735,.T.);
#4102=EDGE_CURVE('',#3208,#3209,#1736,.T.);
#4103=EDGE_CURVE('',#3209,#3210,#1129,.T.);
#4104=EDGE_CURVE('',#3211,#3210,#1737,.T.);
#4105=EDGE_CURVE('',#3211,#3212,#1130,.T.);
#4106=EDGE_CURVE('',#3213,#3212,#1738,.T.);
#4107=EDGE_CURVE('',#3214,#3213,#1739,.T.);
#4108=EDGE_CURVE('',#3215,#3214,#1131,.T.);
#4109=EDGE_CURVE('',#3215,#3216,#1740,.T.);
#4110=EDGE_CURVE('',#3206,#3216,#1132,.T.);
#4111=EDGE_CURVE('',#3210,#3217,#1741,.T.);
#4112=EDGE_CURVE('',#3218,#3217,#1742,.T.);
#4113=EDGE_CURVE('',#3211,#3218,#1743,.T.);
#4114=EDGE_CURVE('',#3208,#3219,#1744,.T.);
#4115=EDGE_CURVE('',#3219,#3220,#1745,.T.);
#4116=EDGE_CURVE('',#3209,#3220,#1746,.T.);
#4117=EDGE_CURVE('',#3219,#3116,#1747,.T.);
#4118=EDGE_CURVE('',#3220,#3217,#1133,.T.);
#4119=EDGE_CURVE('',#3212,#3221,#1748,.T.);
#4120=EDGE_CURVE('',#3218,#3221,#1134,.T.);
#4121=EDGE_CURVE('',#3215,#3222,#1749,.T.);
#4122=EDGE_CURVE('',#3214,#3223,#1750,.T.);
#4123=EDGE_CURVE('',#3222,#3223,#1135,.T.);
#4124=EDGE_CURVE('',#3224,#3221,#1751,.T.);
#4125=EDGE_CURVE('',#3213,#3224,#1752,.T.);
#4126=EDGE_CURVE('',#3223,#3224,#1753,.T.);
#4127=EDGE_CURVE('',#3207,#3225,#1136,.T.);
#4128=EDGE_CURVE('',#3222,#3225,#1754,.T.);
#4129=EDGE_CURVE('',#3216,#3225,#1755,.T.);
#4130=EDGE_CURVE('',#3226,#3227,#1756,.T.);
#4131=EDGE_CURVE('',#3227,#3123,#1757,.T.);
#4132=EDGE_CURVE('',#3226,#3122,#1758,.T.);
#4133=EDGE_CURVE('',#3228,#3113,#1759,.T.);
#4134=EDGE_CURVE('',#3228,#3229,#1760,.T.);
#4135=EDGE_CURVE('',#3229,#3230,#1137,.T.);
#4136=EDGE_CURVE('',#3231,#3230,#1761,.T.);
#4137=EDGE_CURVE('',#3231,#3232,#1138,.T.);
#4138=EDGE_CURVE('',#3233,#3232,#1762,.T.);
#4139=EDGE_CURVE('',#3234,#3233,#1763,.T.);
#4140=EDGE_CURVE('',#3235,#3234,#1139,.T.);
#4141=EDGE_CURVE('',#3235,#3236,#1764,.T.);
#4142=EDGE_CURVE('',#3226,#3236,#1140,.T.);
#4143=EDGE_CURVE('',#3230,#3237,#1765,.T.);
#4144=EDGE_CURVE('',#3238,#3237,#1766,.T.);
#4145=EDGE_CURVE('',#3231,#3238,#1767,.T.);
#4146=EDGE_CURVE('',#3228,#3239,#1768,.T.);
#4147=EDGE_CURVE('',#3239,#3240,#1769,.T.);
#4148=EDGE_CURVE('',#3229,#3240,#1770,.T.);
#4149=EDGE_CURVE('',#3239,#3112,#1771,.T.);
#4150=EDGE_CURVE('',#3240,#3237,#1141,.T.);
#4151=EDGE_CURVE('',#3232,#3241,#1772,.T.);
#4152=EDGE_CURVE('',#3238,#3241,#1142,.T.);
#4153=EDGE_CURVE('',#3235,#3242,#1773,.T.);
#4154=EDGE_CURVE('',#3234,#3243,#1774,.T.);
#4155=EDGE_CURVE('',#3242,#3243,#1143,.T.);
#4156=EDGE_CURVE('',#3244,#3241,#1775,.T.);
#4157=EDGE_CURVE('',#3233,#3244,#1776,.T.);
#4158=EDGE_CURVE('',#3243,#3244,#1777,.T.);
#4159=EDGE_CURVE('',#3227,#3245,#1144,.T.);
#4160=EDGE_CURVE('',#3242,#3245,#1778,.T.);
#4161=EDGE_CURVE('',#3236,#3245,#1779,.T.);
#4162=EDGE_CURVE('',#3246,#3247,#1780,.T.);
#4163=EDGE_CURVE('',#3247,#3125,#1781,.T.);
#4164=EDGE_CURVE('',#3246,#3124,#1782,.T.);
#4165=EDGE_CURVE('',#3248,#3109,#1783,.T.);
#4166=EDGE_CURVE('',#3248,#3249,#1784,.T.);
#4167=EDGE_CURVE('',#3249,#3250,#1145,.T.);
#4168=EDGE_CURVE('',#3251,#3250,#1785,.T.);
#4169=EDGE_CURVE('',#3251,#3252,#1146,.T.);
#4170=EDGE_CURVE('',#3253,#3252,#1786,.T.);
#4171=EDGE_CURVE('',#3254,#3253,#1787,.T.);
#4172=EDGE_CURVE('',#3255,#3254,#1147,.T.);
#4173=EDGE_CURVE('',#3255,#3256,#1788,.T.);
#4174=EDGE_CURVE('',#3246,#3256,#1148,.T.);
#4175=EDGE_CURVE('',#3250,#3257,#1789,.T.);
#4176=EDGE_CURVE('',#3258,#3257,#1790,.T.);
#4177=EDGE_CURVE('',#3251,#3258,#1791,.T.);
#4178=EDGE_CURVE('',#3248,#3259,#1792,.T.);
#4179=EDGE_CURVE('',#3259,#3260,#1793,.T.);
#4180=EDGE_CURVE('',#3249,#3260,#1794,.T.);
#4181=EDGE_CURVE('',#3259,#3108,#1795,.T.);
#4182=EDGE_CURVE('',#3260,#3257,#1149,.T.);
#4183=EDGE_CURVE('',#3252,#3261,#1796,.T.);
#4184=EDGE_CURVE('',#3258,#3261,#1150,.T.);
#4185=EDGE_CURVE('',#3255,#3262,#1797,.T.);
#4186=EDGE_CURVE('',#3254,#3263,#1798,.T.);
#4187=EDGE_CURVE('',#3262,#3263,#1151,.T.);
#4188=EDGE_CURVE('',#3264,#3261,#1799,.T.);
#4189=EDGE_CURVE('',#3253,#3264,#1800,.T.);
#4190=EDGE_CURVE('',#3263,#3264,#1801,.T.);
#4191=EDGE_CURVE('',#3247,#3265,#1152,.T.);
#4192=EDGE_CURVE('',#3262,#3265,#1802,.T.);
#4193=EDGE_CURVE('',#3256,#3265,#1803,.T.);
#4194=EDGE_CURVE('',#3266,#3267,#1804,.T.);
#4195=EDGE_CURVE('',#3267,#3127,#1805,.T.);
#4196=EDGE_CURVE('',#3266,#3126,#1806,.T.);
#4197=EDGE_CURVE('',#3268,#3105,#1807,.T.);
#4198=EDGE_CURVE('',#3268,#3269,#1808,.T.);
#4199=EDGE_CURVE('',#3269,#3270,#1153,.T.);
#4200=EDGE_CURVE('',#3271,#3270,#1809,.T.);
#4201=EDGE_CURVE('',#3271,#3272,#1154,.T.);
#4202=EDGE_CURVE('',#3273,#3272,#1810,.T.);
#4203=EDGE_CURVE('',#3274,#3273,#1811,.T.);
#4204=EDGE_CURVE('',#3275,#3274,#1155,.T.);
#4205=EDGE_CURVE('',#3275,#3276,#1812,.T.);
#4206=EDGE_CURVE('',#3266,#3276,#1156,.T.);
#4207=EDGE_CURVE('',#3270,#3277,#1813,.T.);
#4208=EDGE_CURVE('',#3278,#3277,#1814,.T.);
#4209=EDGE_CURVE('',#3271,#3278,#1815,.T.);
#4210=EDGE_CURVE('',#3268,#3279,#1816,.T.);
#4211=EDGE_CURVE('',#3279,#3280,#1817,.T.);
#4212=EDGE_CURVE('',#3269,#3280,#1818,.T.);
#4213=EDGE_CURVE('',#3279,#3104,#1819,.T.);
#4214=EDGE_CURVE('',#3280,#3277,#1157,.T.);
#4215=EDGE_CURVE('',#3272,#3281,#1820,.T.);
#4216=EDGE_CURVE('',#3278,#3281,#1158,.T.);
#4217=EDGE_CURVE('',#3275,#3282,#1821,.T.);
#4218=EDGE_CURVE('',#3274,#3283,#1822,.T.);
#4219=EDGE_CURVE('',#3282,#3283,#1159,.T.);
#4220=EDGE_CURVE('',#3284,#3281,#1823,.T.);
#4221=EDGE_CURVE('',#3273,#3284,#1824,.T.);
#4222=EDGE_CURVE('',#3283,#3284,#1825,.T.);
#4223=EDGE_CURVE('',#3267,#3285,#1160,.T.);
#4224=EDGE_CURVE('',#3282,#3285,#1826,.T.);
#4225=EDGE_CURVE('',#3276,#3285,#1827,.T.);
#4226=EDGE_CURVE('',#3174,#3128,#1828,.T.);
#4227=EDGE_CURVE('',#3286,#3101,#1829,.T.);
#4228=EDGE_CURVE('',#3286,#3287,#1830,.T.);
#4229=EDGE_CURVE('',#3287,#3288,#1161,.T.);
#4230=EDGE_CURVE('',#3289,#3288,#1831,.T.);
#4231=EDGE_CURVE('',#3289,#3164,#1162,.T.);
#4232=EDGE_CURVE('',#3133,#3201,#1163,.T.);
#4233=EDGE_CURVE('',#3288,#3142,#1832,.T.);
#4234=EDGE_CURVE('',#3289,#3141,#1833,.T.);
#4235=EDGE_CURVE('',#3286,#3144,#1834,.T.);
#4236=EDGE_CURVE('',#3287,#3143,#1835,.T.);
#4237=EDGE_CURVE('',#3290,#3291,#1836,.T.);
#4238=EDGE_CURVE('',#2867,#3290,#1837,.T.);
#4239=EDGE_CURVE('',#2866,#3291,#1838,.T.);
#4240=EDGE_CURVE('',#3292,#3293,#1839,.T.);
#4241=EDGE_CURVE('',#3292,#3294,#69,.T.);
#4242=EDGE_CURVE('',#3290,#3294,#1164,.T.);
#4243=EDGE_CURVE('',#3291,#3295,#1165,.T.);
#4244=EDGE_CURVE('',#3295,#3293,#70,.T.);
#4245=EDGE_CURVE('',#3071,#3296,#1840,.T.);
#4246=EDGE_CURVE('',#3070,#3297,#1841,.T.);
#4247=EDGE_CURVE('',#3296,#3297,#1842,.T.);
#4248=EDGE_CURVE('',#3296,#3298,#1843,.T.);
#4249=EDGE_CURVE('',#3299,#3298,#1166,.T.);
#4250=EDGE_CURVE('',#3299,#3295,#1844,.T.);
#4251=EDGE_CURVE('',#3300,#3042,#1845,.T.);
#4252=EDGE_CURVE('',#3056,#3300,#1167,.T.);
#4253=EDGE_CURVE('',#3301,#3038,#1846,.T.);
#4254=EDGE_CURVE('',#3302,#3036,#1168,.T.);
#4255=EDGE_CURVE('',#3303,#3302,#1847,.T.);
#4256=EDGE_CURVE('',#3303,#3304,#1169,.T.);
#4257=EDGE_CURVE('',#3304,#3305,#1848,.T.);
#4258=EDGE_CURVE('',#3305,#3132,#1849,.T.);
#4259=EDGE_CURVE('',#3062,#3301,#1850,.T.);
#4260=EDGE_CURVE('',#2918,#2892,#1851,.T.);
#4261=EDGE_CURVE('',#3306,#3048,#71,.T.);
#4262=EDGE_CURVE('',#3051,#3306,#1170,.T.);
#4263=EDGE_CURVE('',#3307,#3308,#1171,.T.);
#4264=EDGE_CURVE('',#2813,#3307,#1852,.T.);
#4265=EDGE_CURVE('',#2812,#3308,#1853,.T.);
#4266=EDGE_CURVE('',#2920,#3308,#1854,.T.);
#4267=EDGE_CURVE('',#3308,#3309,#1855,.T.);
#4268=EDGE_CURVE('',#2921,#3309,#1856,.T.);
#4269=EDGE_CURVE('',#3302,#3055,#1857,.T.);
#4270=EDGE_CURVE('',#3304,#3053,#1858,.T.);
#4271=EDGE_CURVE('',#3306,#3310,#1859,.T.);
#4272=EDGE_CURVE('',#3311,#3310,#1860,.T.);
#4273=EDGE_CURVE('',#3312,#3311,#1861,.T.);
#4274=EDGE_CURVE('',#3312,#3305,#1172,.T.);
#4275=EDGE_CURVE('',#3313,#3314,#1862,.T.);
#4276=EDGE_CURVE('',#3315,#3313,#1173,.T.);
#4277=EDGE_CURVE('',#3316,#3315,#1863,.T.);
#4278=EDGE_CURVE('',#3314,#3316,#1174,.T.);
#4279=EDGE_CURVE('',#3317,#3318,#1864,.T.);
#4280=EDGE_CURVE('',#3319,#3317,#1865,.T.);
#4281=EDGE_CURVE('',#3320,#3319,#1866,.T.);
#4282=EDGE_CURVE('',#3318,#3320,#1867,.T.);
#4283=EDGE_CURVE('',#3321,#3322,#1868,.T.);
#4284=EDGE_CURVE('',#3323,#3321,#1869,.T.);
#4285=EDGE_CURVE('',#3324,#3323,#1870,.T.);
#4286=EDGE_CURVE('',#3322,#3324,#1871,.T.);
#4287=EDGE_CURVE('',#3325,#3326,#1872,.T.);
#4288=EDGE_CURVE('',#3327,#3326,#1175,.T.);
#4289=EDGE_CURVE('',#3328,#3327,#1873,.T.);
#4290=EDGE_CURVE('',#3325,#3328,#1176,.T.);
#4291=EDGE_CURVE('',#3329,#3330,#1177,.T.);
#4292=EDGE_CURVE('',#3329,#3331,#1874,.T.);
#4293=EDGE_CURVE('',#3332,#3331,#1178,.T.);
#4294=EDGE_CURVE('',#3330,#3332,#1875,.T.);
#4295=EDGE_CURVE('',#3333,#3334,#1179,.T.);
#4296=EDGE_CURVE('',#3333,#3335,#1876,.T.);
#4297=EDGE_CURVE('',#3336,#3335,#1180,.T.);
#4298=EDGE_CURVE('',#3334,#3336,#1877,.T.);
#4299=EDGE_CURVE('',#3337,#3338,#1878,.T.);
#4300=EDGE_CURVE('',#3313,#3338,#1181,.T.);
#4301=EDGE_CURVE('',#3337,#3314,#1182,.T.);
#4302=EDGE_CURVE('',#3339,#3338,#1183,.T.);
#4303=EDGE_CURVE('',#3339,#3315,#1184,.T.);
#4304=EDGE_CURVE('',#3337,#3340,#1185,.T.);
#4305=EDGE_CURVE('',#3340,#3316,#1186,.T.);
#4306=EDGE_CURVE('',#3340,#3339,#1879,.T.);
#4307=EDGE_CURVE('',#3318,#3204,#1880,.T.);
#4308=EDGE_CURVE('',#3320,#3205,#1881,.T.);
#4309=EDGE_CURVE('',#3317,#3203,#1882,.T.);
#4310=EDGE_CURVE('',#3319,#3202,#1883,.T.);
#4311=EDGE_CURVE('',#3323,#3167,#1884,.T.);
#4312=EDGE_CURVE('',#3321,#3168,#1885,.T.);
#4313=EDGE_CURVE('',#3324,#3166,#1886,.T.);
#4314=EDGE_CURVE('',#3322,#3169,#1887,.T.);
#4315=EDGE_CURVE('',#3341,#3342,#1888,.T.);
#4316=EDGE_CURVE('',#3342,#3326,#1187,.T.);
#4317=EDGE_CURVE('',#3341,#3325,#1188,.T.);
#4318=EDGE_CURVE('',#3341,#3343,#1189,.T.);
#4319=EDGE_CURVE('',#3343,#3328,#1190,.T.);
#4320=EDGE_CURVE('',#3343,#3344,#1889,.T.);
#4321=EDGE_CURVE('',#3344,#3327,#1191,.T.);
#4322=EDGE_CURVE('',#3344,#3342,#1192,.T.);
#4323=EDGE_CURVE('',#3345,#3346,#1193,.T.);
#4324=EDGE_CURVE('',#3345,#3329,#1194,.T.);
#4325=EDGE_CURVE('',#3346,#3330,#1195,.T.);
#4326=EDGE_CURVE('',#3346,#3347,#1890,.T.);
#4327=EDGE_CURVE('',#3347,#3332,#1196,.T.);
#4328=EDGE_CURVE('',#3347,#3348,#1197,.T.);
#4329=EDGE_CURVE('',#3348,#3331,#1198,.T.);
#4330=EDGE_CURVE('',#3345,#3348,#1891,.T.);
#4331=EDGE_CURVE('',#3349,#3350,#1892,.T.);
#4332=EDGE_CURVE('',#3349,#3334,#1199,.T.);
#4333=EDGE_CURVE('',#3350,#3336,#1200,.T.);
#4334=EDGE_CURVE('',#3351,#3352,#1893,.T.);
#4335=EDGE_CURVE('',#3352,#3335,#1201,.T.);
#4336=EDGE_CURVE('',#3351,#3333,#1202,.T.);
#4337=EDGE_CURVE('',#3350,#3352,#1203,.T.);
#4338=EDGE_CURVE('',#3351,#3349,#1204,.T.);
#4339=EDGE_CURVE('',#3353,#3082,#1894,.T.);
#4340=EDGE_CURVE('',#3353,#3312,#72,.T.);
#4341=EDGE_CURVE('',#3309,#3311,#1205,.T.);
#4342=EDGE_CURVE('',#3354,#3309,#1895,.T.);
#4343=EDGE_CURVE('',#3354,#3353,#1206,.T.);
#4344=EDGE_CURVE('',#2811,#3355,#1896,.T.);
#4345=EDGE_CURVE('',#3355,#3145,#1897,.T.);
#4346=EDGE_CURVE('',#3354,#3355,#1898,.T.);
#4347=EDGE_CURVE('',#2922,#3311,#1899,.T.);
#4348=EDGE_CURVE('',#3310,#2923,#1900,.T.);
#4349=EDGE_CURVE('',#3307,#2919,#1901,.T.);
#4350=EDGE_CURVE('',#3310,#2889,#1207,.T.);
#4351=EDGE_CURVE('',#2924,#2889,#1902,.T.);
#4352=EDGE_CURVE('',#2925,#2888,#1903,.T.);
#4353=EDGE_CURVE('',#2888,#2912,#1208,.T.);
#4354=EDGE_CURVE('',#2917,#2912,#1904,.T.);
#4355=EDGE_CURVE('',#2916,#2911,#1905,.T.);
#4356=EDGE_CURVE('',#2913,#3307,#1906,.T.);
#4357=EDGE_CURVE('',#2814,#2913,#1907,.T.);
#4358=EDGE_CURVE('',#3303,#3054,#1908,.T.);
#4359=EDGE_CURVE('',#3045,#3028,#1909,.T.);
#4360=EDGE_CURVE('',#3044,#3301,#1209,.T.);
#4361=EDGE_CURVE('',#3300,#3356,#1910,.T.);
#4362=EDGE_CURVE('',#3029,#3356,#1911,.T.);
#4363=EDGE_CURVE('',#3357,#3041,#1210,.T.);
#4364=EDGE_CURVE('',#3357,#3358,#1912,.T.);
#4365=EDGE_CURVE('',#3359,#3358,#1913,.T.);
#4366=EDGE_CURVE('',#3360,#3359,#1914,.T.);
#4367=EDGE_CURVE('',#3356,#3360,#1211,.T.);
#4368=EDGE_CURVE('',#3361,#3362,#1915,.T.);
#4369=EDGE_CURVE('',#3361,#3359,#1212,.T.);
#4370=EDGE_CURVE('',#3362,#3358,#1213,.T.);
#4371=EDGE_CURVE('',#3363,#3293,#1214,.T.);
#4372=EDGE_CURVE('',#3363,#3031,#1916,.T.);
#4373=EDGE_CURVE('',#3030,#3360,#1917,.T.);
#4374=EDGE_CURVE('',#3361,#3364,#1215,.T.);
#4375=EDGE_CURVE('',#3364,#3365,#1918,.T.);
#4376=EDGE_CURVE('',#3365,#3366,#1919,.T.);
#4377=EDGE_CURVE('',#3366,#3367,#1920,.T.);
#4378=EDGE_CURVE('',#3367,#3368,#1921,.T.);
#4379=EDGE_CURVE('',#3369,#3368,#1922,.T.);
#4380=EDGE_CURVE('',#3369,#3370,#1216,.T.);
#4381=EDGE_CURVE('',#3370,#3371,#1923,.T.);
#4382=EDGE_CURVE('',#3371,#3372,#1217,.T.);
#4383=EDGE_CURVE('',#3372,#3373,#1924,.T.);
#4384=EDGE_CURVE('',#3373,#3374,#1925,.T.);
#4385=EDGE_CURVE('',#3374,#3375,#1926,.T.);
#4386=EDGE_CURVE('',#3375,#3376,#1927,.T.);
#4387=EDGE_CURVE('',#3377,#3376,#1928,.T.);
#4388=EDGE_CURVE('',#3378,#3377,#1929,.T.);
#4389=EDGE_CURVE('',#3292,#3378,#1218,.T.);
#4390=EDGE_CURVE('',#3379,#3380,#1930,.T.);
#4391=EDGE_CURVE('',#3381,#3379,#1219,.T.);
#4392=EDGE_CURVE('',#3381,#3382,#1931,.T.);
#4393=EDGE_CURVE('',#3383,#3382,#1220,.T.);
#4394=EDGE_CURVE('',#3383,#3384,#1932,.T.);
#4395=EDGE_CURVE('',#3385,#3384,#1221,.T.);
#4396=EDGE_CURVE('',#3385,#3386,#1933,.T.);
#4397=EDGE_CURVE('',#3380,#3386,#1222,.T.);
#4398=EDGE_CURVE('',#3387,#3387,#1223,.T.);
#4399=EDGE_CURVE('',#3388,#3388,#1224,.T.);
#4400=EDGE_CURVE('',#3389,#3390,#1934,.T.);
#4401=EDGE_CURVE('',#3390,#3391,#1225,.T.);
#4402=EDGE_CURVE('',#3392,#3391,#1935,.T.);
#4403=EDGE_CURVE('',#3393,#3392,#1936,.T.);
#4404=EDGE_CURVE('',#3393,#3394,#1937,.T.);
#4405=EDGE_CURVE('',#3394,#3389,#1226,.T.);
#4406=EDGE_CURVE('',#3395,#3396,#1938,.T.);
#4407=EDGE_CURVE('',#3396,#3392,#1227,.T.);
#4408=EDGE_CURVE('',#3391,#3397,#1939,.T.);
#4409=EDGE_CURVE('',#3397,#3398,#1940,.T.);
#4410=EDGE_CURVE('',#3398,#3395,#1228,.T.);
#4411=EDGE_CURVE('',#3390,#3379,#73,.T.);
#4412=EDGE_CURVE('',#3389,#3399,#87,.T.);
#4413=EDGE_CURVE('',#3399,#3400,#1229,.T.);
#4414=EDGE_CURVE('',#3400,#3381,#1941,.T.);
#4415=EDGE_CURVE('',#3401,#3396,#1942,.T.);
#4416=EDGE_CURVE('',#3401,#3393,#1230,.T.);
#4417=EDGE_CURVE('',#3402,#3394,#1943,.T.);
#4418=EDGE_CURVE('',#3403,#3401,#1944,.T.);
#4419=EDGE_CURVE('',#3404,#3403,#1231,.T.);
#4420=EDGE_CURVE('',#3402,#3404,#1945,.T.);
#4421=EDGE_CURVE('',#3380,#3405,#74,.T.);
#4422=EDGE_CURVE('',#3405,#3397,#1232,.T.);
#4423=EDGE_CURVE('',#3402,#3406,#1233,.T.);
#4424=EDGE_CURVE('',#3407,#3406,#88,.T.);
#4425=EDGE_CURVE('',#3407,#3399,#1946,.T.);
#4426=EDGE_CURVE('',#3408,#3385,#1947,.T.);
#4427=EDGE_CURVE('',#3409,#3384,#1948,.T.);
#4428=EDGE_CURVE('',#3408,#3409,#1234,.T.);
#4429=EDGE_CURVE('',#3410,#3411,#1949,.T.);
#4430=EDGE_CURVE('',#3411,#3412,#1235,.T.);
#4431=EDGE_CURVE('',#3412,#3413,#1950,.T.);
#4432=EDGE_CURVE('',#3413,#3414,#1951,.T.);
#4433=EDGE_CURVE('',#3415,#3414,#1952,.T.);
#4434=EDGE_CURVE('',#3416,#3415,#1953,.T.);
#4435=EDGE_CURVE('',#3417,#3416,#1954,.T.);
#4436=EDGE_CURVE('',#3418,#3417,#1955,.T.);
#4437=EDGE_CURVE('',#3419,#3418,#1236,.T.);
#4438=EDGE_CURVE('',#3420,#3419,#1956,.T.);
#4439=EDGE_CURVE('',#3421,#3420,#1237,.T.);
#4440=EDGE_CURVE('',#3421,#3422,#1957,.T.);
#4441=EDGE_CURVE('',#3423,#3422,#1958,.T.);
#4442=EDGE_CURVE('',#3424,#3423,#1959,.T.);
#4443=EDGE_CURVE('',#3425,#3424,#1960,.T.);
#4444=EDGE_CURVE('',#3426,#3425,#1961,.T.);
#4445=EDGE_CURVE('',#3362,#3426,#1238,.T.);
#4446=EDGE_CURVE('',#3357,#3033,#1962,.T.);
#4447=EDGE_CURVE('',#3427,#3032,#1963,.T.);
#4448=EDGE_CURVE('',#3427,#3410,#1239,.T.);
#4449=EDGE_CURVE('',#3428,#3428,#1240,.T.);
#4450=EDGE_CURVE('',#3429,#3407,#1241,.T.);
#4451=EDGE_CURVE('',#3408,#3429,#1964,.T.);
#4452=EDGE_CURVE('',#3430,#3409,#1965,.T.);
#4453=EDGE_CURVE('',#3430,#3431,#1242,.T.);
#4454=EDGE_CURVE('',#3400,#3431,#1966,.T.);
#4455=EDGE_CURVE('',#3432,#3432,#1243,.T.);
#4456=EDGE_CURVE('',#3428,#3388,#1967,.T.);
#4457=EDGE_CURVE('',#3432,#3387,#1968,.T.);
#4458=EDGE_CURVE('',#3430,#3383,#1969,.T.);
#4459=EDGE_CURVE('',#3431,#3382,#1970,.T.);
#4460=EDGE_CURVE('',#3429,#3386,#1971,.T.);
#4461=EDGE_CURVE('',#3406,#3405,#1972,.T.);
#4462=EDGE_CURVE('',#3404,#3398,#1973,.T.);
#4463=EDGE_CURVE('',#3403,#3395,#1974,.T.);
#4464=EDGE_CURVE('',#3427,#3363,#1975,.T.);
#4465=EDGE_CURVE('',#3299,#3410,#75,.T.);
#4466=EDGE_CURVE('',#3298,#3433,#1976,.T.);
#4467=EDGE_CURVE('',#3434,#3433,#1244,.T.);
#4468=EDGE_CURVE('',#3411,#3434,#76,.T.);
#4469=EDGE_CURVE('',#3297,#3433,#1977,.T.);
#4470=EDGE_CURVE('',#3434,#3294,#1978,.T.);
#4471=EDGE_CURVE('',#3412,#3378,#1979,.T.);
#4472=EDGE_CURVE('',#3377,#3413,#1980,.T.);
#4473=EDGE_CURVE('',#3376,#3414,#1981,.T.);
#4474=EDGE_CURVE('',#3375,#3415,#1982,.T.);
#4475=EDGE_CURVE('',#3374,#3416,#1983,.T.);
#4476=EDGE_CURVE('',#3373,#3417,#1984,.T.);
#4477=EDGE_CURVE('',#3372,#3418,#1985,.T.);
#4478=EDGE_CURVE('',#3371,#3419,#1986,.T.);
#4479=EDGE_CURVE('',#3370,#3420,#1987,.T.);
#4480=EDGE_CURVE('',#3369,#3421,#1988,.T.);
#4481=EDGE_CURVE('',#3368,#3422,#1989,.T.);
#4482=EDGE_CURVE('',#3367,#3423,#1990,.T.);
#4483=EDGE_CURVE('',#3366,#3424,#1991,.T.);
#4484=EDGE_CURVE('',#3365,#3425,#1992,.T.);
#4485=EDGE_CURVE('',#3364,#3426,#1993,.T.);
#4486=ORIENTED_EDGE('',*,*,#3435,.F.);
#4487=ORIENTED_EDGE('',*,*,#3436,.T.);
#4488=ORIENTED_EDGE('',*,*,#3437,.F.);
#4489=ORIENTED_EDGE('',*,*,#3438,.F.);
#4490=ORIENTED_EDGE('',*,*,#3439,.F.);
#4491=ORIENTED_EDGE('',*,*,#3440,.T.);
#4492=ORIENTED_EDGE('',*,*,#3441,.T.);
#4493=ORIENTED_EDGE('',*,*,#3442,.F.);
#4494=ORIENTED_EDGE('',*,*,#3443,.F.);
#4495=ORIENTED_EDGE('',*,*,#3444,.T.);
#4496=ORIENTED_EDGE('',*,*,#3445,.F.);
#4497=ORIENTED_EDGE('',*,*,#3446,.T.);
#4498=ORIENTED_EDGE('',*,*,#3447,.F.);
#4499=ORIENTED_EDGE('',*,*,#3448,.F.);
#4500=ORIENTED_EDGE('',*,*,#3449,.T.);
#4501=ORIENTED_EDGE('',*,*,#3450,.F.);
#4502=ORIENTED_EDGE('',*,*,#3451,.F.);
#4503=ORIENTED_EDGE('',*,*,#3452,.T.);
#4504=ORIENTED_EDGE('',*,*,#3453,.T.);
#4505=ORIENTED_EDGE('',*,*,#3454,.F.);
#4506=ORIENTED_EDGE('',*,*,#3455,.T.);
#4507=ORIENTED_EDGE('',*,*,#3456,.T.);
#4508=ORIENTED_EDGE('',*,*,#3457,.F.);
#4509=ORIENTED_EDGE('',*,*,#3458,.F.);
#4510=ORIENTED_EDGE('',*,*,#3459,.F.);
#4511=ORIENTED_EDGE('',*,*,#3460,.T.);
#4512=ORIENTED_EDGE('',*,*,#3461,.F.);
#4513=ORIENTED_EDGE('',*,*,#3462,.T.);
#4514=ORIENTED_EDGE('',*,*,#3463,.F.);
#4515=ORIENTED_EDGE('',*,*,#3464,.T.);
#4516=ORIENTED_EDGE('',*,*,#3465,.T.);
#4517=ORIENTED_EDGE('',*,*,#3466,.F.);
#4518=ORIENTED_EDGE('',*,*,#3467,.T.);
#4519=ORIENTED_EDGE('',*,*,#3468,.T.);
#4520=ORIENTED_EDGE('',*,*,#3469,.F.);
#4521=ORIENTED_EDGE('',*,*,#3470,.F.);
#4522=ORIENTED_EDGE('',*,*,#3471,.F.);
#4523=ORIENTED_EDGE('',*,*,#3472,.F.);
#4524=ORIENTED_EDGE('',*,*,#3473,.F.);
#4525=ORIENTED_EDGE('',*,*,#3474,.F.);
#4526=ORIENTED_EDGE('',*,*,#3475,.T.);
#4527=ORIENTED_EDGE('',*,*,#3476,.T.);
#4528=ORIENTED_EDGE('',*,*,#3477,.T.);
#4529=ORIENTED_EDGE('',*,*,#3478,.F.);
#4530=ORIENTED_EDGE('',*,*,#3446,.F.);
#4531=ORIENTED_EDGE('',*,*,#3479,.T.);
#4532=ORIENTED_EDGE('',*,*,#3463,.T.);
#4533=ORIENTED_EDGE('',*,*,#3480,.F.);
#4534=ORIENTED_EDGE('',*,*,#3444,.F.);
#4535=ORIENTED_EDGE('',*,*,#3435,.T.);
#4536=ORIENTED_EDGE('',*,*,#3481,.F.);
#4537=ORIENTED_EDGE('',*,*,#3467,.F.);
#4538=ORIENTED_EDGE('',*,*,#3482,.T.);
#4539=ORIENTED_EDGE('',*,*,#3441,.F.);
#4540=ORIENTED_EDGE('',*,*,#3483,.T.);
#4541=ORIENTED_EDGE('',*,*,#3451,.T.);
#4542=ORIENTED_EDGE('',*,*,#3484,.T.);
#4543=ORIENTED_EDGE('',*,*,#3485,.F.);
#4544=ORIENTED_EDGE('',*,*,#3486,.T.);
#4545=ORIENTED_EDGE('',*,*,#3477,.F.);
#4546=ORIENTED_EDGE('',*,*,#3487,.F.);
#4547=ORIENTED_EDGE('',*,*,#3488,.T.);
#4548=ORIENTED_EDGE('',*,*,#3489,.F.);
#4549=ORIENTED_EDGE('',*,*,#3490,.F.);
#4550=ORIENTED_EDGE('',*,*,#3491,.T.);
#4551=ORIENTED_EDGE('',*,*,#3476,.F.);
#4552=ORIENTED_EDGE('',*,*,#3445,.T.);
#4553=ORIENTED_EDGE('',*,*,#3480,.T.);
#4554=ORIENTED_EDGE('',*,*,#3492,.T.);
#4555=ORIENTED_EDGE('',*,*,#3493,.T.);
#4556=ORIENTED_EDGE('',*,*,#3494,.F.);
#4557=ORIENTED_EDGE('',*,*,#3447,.T.);
#4558=ORIENTED_EDGE('',*,*,#3478,.T.);
#4559=ORIENTED_EDGE('',*,*,#3495,.T.);
#4560=ORIENTED_EDGE('',*,*,#3479,.F.);
#4561=ORIENTED_EDGE('',*,*,#3443,.T.);
#4562=ORIENTED_EDGE('',*,*,#3496,.F.);
#4563=ORIENTED_EDGE('',*,*,#3497,.T.);
#4564=ORIENTED_EDGE('',*,*,#3498,.T.);
#4565=ORIENTED_EDGE('',*,*,#3499,.F.);
#4566=ORIENTED_EDGE('',*,*,#3500,.T.);
#4567=ORIENTED_EDGE('',*,*,#3501,.F.);
#4568=ORIENTED_EDGE('',*,*,#3502,.T.);
#4569=ORIENTED_EDGE('',*,*,#3503,.F.);
#4570=ORIENTED_EDGE('',*,*,#3504,.F.);
#4571=ORIENTED_EDGE('',*,*,#3505,.F.);
#4572=ORIENTED_EDGE('',*,*,#3506,.F.);
#4573=ORIENTED_EDGE('',*,*,#3507,.F.);
#4574=ORIENTED_EDGE('',*,*,#3508,.F.);
#4575=ORIENTED_EDGE('',*,*,#3509,.F.);
#4576=ORIENTED_EDGE('',*,*,#3461,.T.);
#4577=ORIENTED_EDGE('',*,*,#3495,.F.);
#4578=ORIENTED_EDGE('',*,*,#3510,.T.);
#4579=ORIENTED_EDGE('',*,*,#3487,.T.);
#4580=ORIENTED_EDGE('',*,*,#3492,.F.);
#4581=ORIENTED_EDGE('',*,*,#3486,.F.);
#4582=ORIENTED_EDGE('',*,*,#3489,.T.);
#4583=ORIENTED_EDGE('',*,*,#3511,.T.);
#4584=ORIENTED_EDGE('',*,*,#3485,.T.);
#4585=ORIENTED_EDGE('',*,*,#3491,.F.);
#4586=ORIENTED_EDGE('',*,*,#3462,.F.);
#4587=ORIENTED_EDGE('',*,*,#3490,.T.);
#4588=ORIENTED_EDGE('',*,*,#3512,.T.);
#4589=ORIENTED_EDGE('',*,*,#3468,.F.);
#4590=ORIENTED_EDGE('',*,*,#3513,.T.);
#4591=ORIENTED_EDGE('',*,*,#3493,.F.);
#4592=ORIENTED_EDGE('',*,*,#3511,.F.);
#4593=ORIENTED_EDGE('',*,*,#3488,.F.);
#4594=ORIENTED_EDGE('',*,*,#3510,.F.);
#4595=ORIENTED_EDGE('',*,*,#3497,.F.);
#4596=ORIENTED_EDGE('',*,*,#3514,.T.);
#4597=ORIENTED_EDGE('',*,*,#3450,.T.);
#4598=ORIENTED_EDGE('',*,*,#3515,.T.);
#4599=ORIENTED_EDGE('',*,*,#3516,.F.);
#4600=ORIENTED_EDGE('',*,*,#3517,.F.);
#4601=ORIENTED_EDGE('',*,*,#3518,.F.);
#4602=ORIENTED_EDGE('',*,*,#3519,.F.);
#4603=ORIENTED_EDGE('',*,*,#3520,.F.);
#4604=ORIENTED_EDGE('',*,*,#3521,.F.);
#4605=ORIENTED_EDGE('',*,*,#3522,.F.);
#4606=ORIENTED_EDGE('',*,*,#3523,.F.);
#4607=ORIENTED_EDGE('',*,*,#3524,.F.);
#4608=ORIENTED_EDGE('',*,*,#3525,.F.);
#4609=ORIENTED_EDGE('',*,*,#3526,.T.);
#4610=ORIENTED_EDGE('',*,*,#3527,.F.);
#4611=ORIENTED_EDGE('',*,*,#3528,.T.);
#4612=ORIENTED_EDGE('',*,*,#3529,.F.);
#4613=ORIENTED_EDGE('',*,*,#3530,.F.);
#4614=ORIENTED_EDGE('',*,*,#3531,.F.);
#4615=ORIENTED_EDGE('',*,*,#3532,.F.);
#4616=ORIENTED_EDGE('',*,*,#3533,.F.);
#4617=ORIENTED_EDGE('',*,*,#3534,.F.);
#4618=ORIENTED_EDGE('',*,*,#3535,.F.);
#4619=ORIENTED_EDGE('',*,*,#3536,.F.);
#4620=ORIENTED_EDGE('',*,*,#3537,.F.);
#4621=ORIENTED_EDGE('',*,*,#3538,.F.);
#4622=ORIENTED_EDGE('',*,*,#3539,.F.);
#4623=ORIENTED_EDGE('',*,*,#3540,.F.);
#4624=ORIENTED_EDGE('',*,*,#3541,.F.);
#4625=ORIENTED_EDGE('',*,*,#3542,.T.);
#4626=ORIENTED_EDGE('',*,*,#3457,.T.);
#4627=ORIENTED_EDGE('',*,*,#3541,.T.);
#4628=ORIENTED_EDGE('',*,*,#3543,.T.);
#4629=ORIENTED_EDGE('',*,*,#3544,.F.);
#4630=ORIENTED_EDGE('',*,*,#3545,.T.);
#4631=ORIENTED_EDGE('',*,*,#3540,.T.);
#4632=ORIENTED_EDGE('',*,*,#3546,.T.);
#4633=ORIENTED_EDGE('',*,*,#3547,.F.);
#4634=ORIENTED_EDGE('',*,*,#3543,.F.);
#4635=ORIENTED_EDGE('',*,*,#3544,.T.);
#4636=ORIENTED_EDGE('',*,*,#3547,.T.);
#4637=ORIENTED_EDGE('',*,*,#3548,.F.);
#4638=ORIENTED_EDGE('',*,*,#3459,.T.);
#4639=ORIENTED_EDGE('',*,*,#3549,.T.);
#4640=ORIENTED_EDGE('',*,*,#3550,.F.);
#4641=ORIENTED_EDGE('',*,*,#3551,.T.);
#4642=ORIENTED_EDGE('',*,*,#3552,.F.);
#4643=ORIENTED_EDGE('',*,*,#3553,.T.);
#4644=ORIENTED_EDGE('',*,*,#3471,.T.);
#4645=ORIENTED_EDGE('',*,*,#3552,.T.);
#4646=ORIENTED_EDGE('',*,*,#3554,.T.);
#4647=ORIENTED_EDGE('',*,*,#3555,.F.);
#4648=ORIENTED_EDGE('',*,*,#3556,.T.);
#4649=ORIENTED_EDGE('',*,*,#3557,.T.);
#4650=ORIENTED_EDGE('',*,*,#3558,.F.);
#4651=ORIENTED_EDGE('',*,*,#3554,.F.);
#4652=ORIENTED_EDGE('',*,*,#3551,.F.);
#4653=ORIENTED_EDGE('',*,*,#3555,.T.);
#4654=ORIENTED_EDGE('',*,*,#3558,.T.);
#4655=ORIENTED_EDGE('',*,*,#3559,.F.);
#4656=ORIENTED_EDGE('',*,*,#3473,.T.);
#4657=ORIENTED_EDGE('',*,*,#3560,.T.);
#4658=ORIENTED_EDGE('',*,*,#3472,.T.);
#4659=ORIENTED_EDGE('',*,*,#3553,.F.);
#4660=ORIENTED_EDGE('',*,*,#3556,.F.);
#4661=ORIENTED_EDGE('',*,*,#3560,.F.);
#4662=ORIENTED_EDGE('',*,*,#3458,.T.);
#4663=ORIENTED_EDGE('',*,*,#3542,.F.);
#4664=ORIENTED_EDGE('',*,*,#3545,.F.);
#4665=ORIENTED_EDGE('',*,*,#3549,.F.);
#4666=ORIENTED_EDGE('',*,*,#3561,.T.);
#4667=ORIENTED_EDGE('',*,*,#3562,.F.);
#4668=ORIENTED_EDGE('',*,*,#3563,.T.);
#4669=ORIENTED_EDGE('',*,*,#3564,.T.);
#4670=ORIENTED_EDGE('',*,*,#3565,.T.);
#4671=ORIENTED_EDGE('',*,*,#3566,.T.);
#4672=ORIENTED_EDGE('',*,*,#3567,.T.);
#4673=ORIENTED_EDGE('',*,*,#3568,.F.);
#4674=ORIENTED_EDGE('',*,*,#3449,.F.);
#4675=ORIENTED_EDGE('',*,*,#3569,.T.);
#4676=ORIENTED_EDGE('',*,*,#3504,.T.);
#4677=ORIENTED_EDGE('',*,*,#3570,.F.);
#4678=ORIENTED_EDGE('',*,*,#3515,.F.);
#4679=ORIENTED_EDGE('',*,*,#3570,.T.);
#4680=ORIENTED_EDGE('',*,*,#3503,.T.);
#4681=ORIENTED_EDGE('',*,*,#3571,.F.);
#4682=ORIENTED_EDGE('',*,*,#3512,.F.);
#4683=ORIENTED_EDGE('',*,*,#3572,.T.);
#4684=ORIENTED_EDGE('',*,*,#3499,.T.);
#4685=ORIENTED_EDGE('',*,*,#3573,.F.);
#4686=ORIENTED_EDGE('',*,*,#3498,.F.);
#4687=ORIENTED_EDGE('',*,*,#3574,.T.);
#4688=ORIENTED_EDGE('',*,*,#3469,.T.);
#4689=ORIENTED_EDGE('',*,*,#3573,.T.);
#4690=ORIENTED_EDGE('',*,*,#3536,.T.);
#4691=ORIENTED_EDGE('',*,*,#3575,.T.);
#4692=ORIENTED_EDGE('',*,*,#3576,.F.);
#4693=ORIENTED_EDGE('',*,*,#3577,.T.);
#4694=ORIENTED_EDGE('',*,*,#3578,.F.);
#4695=ORIENTED_EDGE('',*,*,#3579,.T.);
#4696=ORIENTED_EDGE('',*,*,#3580,.T.);
#4697=ORIENTED_EDGE('',*,*,#3581,.F.);
#4698=ORIENTED_EDGE('',*,*,#3582,.F.);
#4699=ORIENTED_EDGE('',*,*,#3583,.F.);
#4700=ORIENTED_EDGE('',*,*,#3584,.T.);
#4701=ORIENTED_EDGE('',*,*,#3575,.F.);
#4702=ORIENTED_EDGE('',*,*,#3535,.T.);
#4703=ORIENTED_EDGE('',*,*,#3585,.T.);
#4704=ORIENTED_EDGE('',*,*,#3586,.T.);
#4705=ORIENTED_EDGE('',*,*,#3587,.T.);
#4706=ORIENTED_EDGE('',*,*,#3527,.T.);
#4707=ORIENTED_EDGE('',*,*,#3588,.T.);
#4708=ORIENTED_EDGE('',*,*,#3589,.T.);
#4709=ORIENTED_EDGE('',*,*,#3590,.F.);
#4710=ORIENTED_EDGE('',*,*,#3591,.F.);
#4711=ORIENTED_EDGE('',*,*,#3592,.F.);
#4712=ORIENTED_EDGE('',*,*,#3593,.F.);
#4713=ORIENTED_EDGE('',*,*,#3580,.F.);
#4714=ORIENTED_EDGE('',*,*,#3594,.T.);
#4715=ORIENTED_EDGE('',*,*,#3464,.F.);
#4716=ORIENTED_EDGE('',*,*,#3595,.T.);
#4717=ORIENTED_EDGE('',*,*,#3596,.T.);
#4718=ORIENTED_EDGE('',*,*,#3597,.T.);
#4719=ORIENTED_EDGE('',*,*,#3598,.T.);
#4720=ORIENTED_EDGE('',*,*,#3599,.F.);
#4721=ORIENTED_EDGE('',*,*,#3561,.F.);
#4722=ORIENTED_EDGE('',*,*,#3600,.F.);
#4723=ORIENTED_EDGE('',*,*,#3565,.F.);
#4724=ORIENTED_EDGE('',*,*,#3601,.T.);
#4725=ORIENTED_EDGE('',*,*,#3454,.T.);
#4726=ORIENTED_EDGE('',*,*,#3602,.F.);
#4727=ORIENTED_EDGE('',*,*,#3603,.F.);
#4728=ORIENTED_EDGE('',*,*,#3604,.F.);
#4729=ORIENTED_EDGE('',*,*,#3605,.F.);
#4730=ORIENTED_EDGE('',*,*,#3606,.T.);
#4731=ORIENTED_EDGE('',*,*,#3607,.T.);
#4732=ORIENTED_EDGE('',*,*,#3608,.F.);
#4733=ORIENTED_EDGE('',*,*,#3591,.T.);
#4734=ORIENTED_EDGE('',*,*,#3609,.F.);
#4735=ORIENTED_EDGE('',*,*,#3610,.T.);
#4736=ORIENTED_EDGE('',*,*,#3611,.T.);
#4737=ORIENTED_EDGE('',*,*,#3612,.T.);
#4738=ORIENTED_EDGE('',*,*,#3613,.T.);
#4739=ORIENTED_EDGE('',*,*,#3614,.T.);
#4740=ORIENTED_EDGE('',*,*,#3615,.T.);
#4741=ORIENTED_EDGE('',*,*,#3594,.F.);
#4742=ORIENTED_EDGE('',*,*,#3579,.F.);
#4743=ORIENTED_EDGE('',*,*,#3609,.T.);
#4744=ORIENTED_EDGE('',*,*,#3590,.T.);
#4745=ORIENTED_EDGE('',*,*,#3616,.F.);
#4746=ORIENTED_EDGE('',*,*,#3617,.F.);
#4747=ORIENTED_EDGE('',*,*,#3618,.F.);
#4748=ORIENTED_EDGE('',*,*,#3607,.F.);
#4749=ORIENTED_EDGE('',*,*,#3582,.T.);
#4750=ORIENTED_EDGE('',*,*,#3619,.T.);
#4751=ORIENTED_EDGE('',*,*,#3608,.T.);
#4752=ORIENTED_EDGE('',*,*,#3618,.T.);
#4753=ORIENTED_EDGE('',*,*,#3620,.F.);
#4754=ORIENTED_EDGE('',*,*,#3588,.F.);
#4755=ORIENTED_EDGE('',*,*,#3581,.T.);
#4756=ORIENTED_EDGE('',*,*,#3593,.T.);
#4757=ORIENTED_EDGE('',*,*,#3621,.F.);
#4758=ORIENTED_EDGE('',*,*,#3622,.F.);
#4759=ORIENTED_EDGE('',*,*,#3623,.F.);
#4760=ORIENTED_EDGE('',*,*,#3624,.F.);
#4761=ORIENTED_EDGE('',*,*,#3625,.F.);
#4762=ORIENTED_EDGE('',*,*,#3626,.F.);
#4763=ORIENTED_EDGE('',*,*,#3616,.T.);
#4764=ORIENTED_EDGE('',*,*,#3589,.F.);
#4765=ORIENTED_EDGE('',*,*,#3620,.T.);
#4766=ORIENTED_EDGE('',*,*,#3619,.F.);
#4767=ORIENTED_EDGE('',*,*,#3534,.T.);
#4768=ORIENTED_EDGE('',*,*,#3627,.F.);
#4769=ORIENTED_EDGE('',*,*,#3628,.F.);
#4770=ORIENTED_EDGE('',*,*,#3583,.T.);
#4771=ORIENTED_EDGE('',*,*,#3629,.T.);
#4772=ORIENTED_EDGE('',*,*,#3630,.T.);
#4773=ORIENTED_EDGE('',*,*,#3631,.F.);
#4774=ORIENTED_EDGE('',*,*,#3632,.F.);
#4775=ORIENTED_EDGE('',*,*,#3627,.T.);
#4776=ORIENTED_EDGE('',*,*,#3533,.T.);
#4777=ORIENTED_EDGE('',*,*,#3633,.T.);
#4778=ORIENTED_EDGE('',*,*,#3634,.T.);
#4779=ORIENTED_EDGE('',*,*,#3635,.F.);
#4780=ORIENTED_EDGE('',*,*,#3529,.T.);
#4781=ORIENTED_EDGE('',*,*,#3636,.F.);
#4782=ORIENTED_EDGE('',*,*,#3637,.F.);
#4783=ORIENTED_EDGE('',*,*,#3638,.F.);
#4784=ORIENTED_EDGE('',*,*,#3525,.T.);
#4785=ORIENTED_EDGE('',*,*,#3639,.F.);
#4786=ORIENTED_EDGE('',*,*,#3640,.F.);
#4787=ORIENTED_EDGE('',*,*,#3641,.T.);
#4788=ORIENTED_EDGE('',*,*,#3642,.F.);
#4789=ORIENTED_EDGE('',*,*,#3643,.F.);
#4790=ORIENTED_EDGE('',*,*,#3644,.F.);
#4791=ORIENTED_EDGE('',*,*,#3645,.F.);
#4792=ORIENTED_EDGE('',*,*,#3646,.T.);
#4793=ORIENTED_EDGE('',*,*,#3647,.T.);
#4794=ORIENTED_EDGE('',*,*,#3648,.T.);
#4795=ORIENTED_EDGE('',*,*,#3641,.F.);
#4796=ORIENTED_EDGE('',*,*,#3649,.F.);
#4797=ORIENTED_EDGE('',*,*,#3650,.F.);
#4798=ORIENTED_EDGE('',*,*,#3651,.T.);
#4799=ORIENTED_EDGE('',*,*,#3639,.T.);
#4800=ORIENTED_EDGE('',*,*,#3652,.F.);
#4801=ORIENTED_EDGE('',*,*,#3653,.F.);
#4802=ORIENTED_EDGE('',*,*,#3652,.T.);
#4803=ORIENTED_EDGE('',*,*,#3642,.T.);
#4804=ORIENTED_EDGE('',*,*,#3648,.F.);
#4805=ORIENTED_EDGE('',*,*,#3654,.F.);
#4806=ORIENTED_EDGE('',*,*,#3649,.T.);
#4807=ORIENTED_EDGE('',*,*,#3640,.T.);
#4808=ORIENTED_EDGE('',*,*,#3651,.F.);
#4809=ORIENTED_EDGE('',*,*,#3653,.T.);
#4810=ORIENTED_EDGE('',*,*,#3647,.F.);
#4811=ORIENTED_EDGE('',*,*,#3654,.T.);
#4812=ORIENTED_EDGE('',*,*,#3650,.T.);
#4813=ORIENTED_EDGE('',*,*,#3655,.F.);
#4814=ORIENTED_EDGE('',*,*,#3656,.T.);
#4815=ORIENTED_EDGE('',*,*,#3645,.T.);
#4816=ORIENTED_EDGE('',*,*,#3657,.F.);
#4817=ORIENTED_EDGE('',*,*,#3658,.F.);
#4818=ORIENTED_EDGE('',*,*,#3657,.T.);
#4819=ORIENTED_EDGE('',*,*,#3644,.T.);
#4820=ORIENTED_EDGE('',*,*,#3659,.F.);
#4821=ORIENTED_EDGE('',*,*,#3660,.T.);
#4822=ORIENTED_EDGE('',*,*,#3661,.T.);
#4823=ORIENTED_EDGE('',*,*,#3646,.F.);
#4824=ORIENTED_EDGE('',*,*,#3656,.F.);
#4825=ORIENTED_EDGE('',*,*,#3662,.F.);
#4826=ORIENTED_EDGE('',*,*,#3659,.T.);
#4827=ORIENTED_EDGE('',*,*,#3643,.T.);
#4828=ORIENTED_EDGE('',*,*,#3661,.F.);
#4829=ORIENTED_EDGE('',*,*,#3660,.F.);
#4830=ORIENTED_EDGE('',*,*,#3655,.T.);
#4831=ORIENTED_EDGE('',*,*,#3658,.T.);
#4832=ORIENTED_EDGE('',*,*,#3662,.T.);
#4833=ORIENTED_EDGE('',*,*,#3587,.F.);
#4834=ORIENTED_EDGE('',*,*,#3663,.F.);
#4835=ORIENTED_EDGE('',*,*,#3636,.T.);
#4836=ORIENTED_EDGE('',*,*,#3528,.F.);
#4837=ORIENTED_EDGE('',*,*,#3586,.F.);
#4838=ORIENTED_EDGE('',*,*,#3664,.F.);
#4839=ORIENTED_EDGE('',*,*,#3637,.T.);
#4840=ORIENTED_EDGE('',*,*,#3663,.T.);
#4841=ORIENTED_EDGE('',*,*,#3526,.F.);
#4842=ORIENTED_EDGE('',*,*,#3638,.T.);
#4843=ORIENTED_EDGE('',*,*,#3664,.T.);
#4844=ORIENTED_EDGE('',*,*,#3585,.F.);
#4845=ORIENTED_EDGE('',*,*,#3665,.F.);
#4846=ORIENTED_EDGE('',*,*,#3666,.F.);
#4847=ORIENTED_EDGE('',*,*,#3530,.T.);
#4848=ORIENTED_EDGE('',*,*,#3635,.T.);
#4849=ORIENTED_EDGE('',*,*,#3531,.T.);
#4850=ORIENTED_EDGE('',*,*,#3666,.T.);
#4851=ORIENTED_EDGE('',*,*,#3667,.T.);
#4852=ORIENTED_EDGE('',*,*,#3668,.F.);
#4853=ORIENTED_EDGE('',*,*,#3669,.T.);
#4854=ORIENTED_EDGE('',*,*,#3670,.F.);
#4855=ORIENTED_EDGE('',*,*,#3671,.F.);
#4856=ORIENTED_EDGE('',*,*,#3672,.T.);
#4857=ORIENTED_EDGE('',*,*,#3673,.F.);
#4858=ORIENTED_EDGE('',*,*,#3674,.T.);
#4859=ORIENTED_EDGE('',*,*,#3675,.F.);
#4860=ORIENTED_EDGE('',*,*,#3671,.T.);
#4861=ORIENTED_EDGE('',*,*,#3676,.T.);
#4862=ORIENTED_EDGE('',*,*,#3677,.T.);
#4863=ORIENTED_EDGE('',*,*,#3678,.T.);
#4864=ORIENTED_EDGE('',*,*,#3679,.T.);
#4865=ORIENTED_EDGE('',*,*,#3680,.T.);
#4866=ORIENTED_EDGE('',*,*,#3681,.T.);
#4867=ORIENTED_EDGE('',*,*,#3682,.F.);
#4868=ORIENTED_EDGE('',*,*,#3683,.T.);
#4869=ORIENTED_EDGE('',*,*,#3684,.F.);
#4870=ORIENTED_EDGE('',*,*,#3685,.F.);
#4871=ORIENTED_EDGE('',*,*,#3686,.F.);
#4872=ORIENTED_EDGE('',*,*,#3687,.F.);
#4873=ORIENTED_EDGE('',*,*,#3688,.F.);
#4874=ORIENTED_EDGE('',*,*,#3689,.F.);
#4875=ORIENTED_EDGE('',*,*,#3690,.F.);
#4876=ORIENTED_EDGE('',*,*,#3691,.F.);
#4877=ORIENTED_EDGE('',*,*,#3692,.T.);
#4878=ORIENTED_EDGE('',*,*,#3693,.F.);
#4879=ORIENTED_EDGE('',*,*,#3694,.T.);
#4880=ORIENTED_EDGE('',*,*,#3695,.F.);
#4881=ORIENTED_EDGE('',*,*,#3696,.T.);
#4882=ORIENTED_EDGE('',*,*,#3697,.T.);
#4883=ORIENTED_EDGE('',*,*,#3698,.F.);
#4884=ORIENTED_EDGE('',*,*,#3567,.F.);
#4885=ORIENTED_EDGE('',*,*,#3699,.F.);
#4886=ORIENTED_EDGE('',*,*,#3700,.F.);
#4887=ORIENTED_EDGE('',*,*,#3701,.T.);
#4888=ORIENTED_EDGE('',*,*,#3702,.T.);
#4889=ORIENTED_EDGE('',*,*,#3703,.F.);
#4890=ORIENTED_EDGE('',*,*,#3704,.F.);
#4891=ORIENTED_EDGE('',*,*,#3705,.T.);
#4892=ORIENTED_EDGE('',*,*,#3706,.T.);
#4893=ORIENTED_EDGE('',*,*,#3707,.F.);
#4894=ORIENTED_EDGE('',*,*,#3708,.F.);
#4895=ORIENTED_EDGE('',*,*,#3709,.T.);
#4896=ORIENTED_EDGE('',*,*,#3710,.T.);
#4897=ORIENTED_EDGE('',*,*,#3711,.F.);
#4898=ORIENTED_EDGE('',*,*,#3712,.F.);
#4899=ORIENTED_EDGE('',*,*,#3713,.T.);
#4900=ORIENTED_EDGE('',*,*,#3714,.T.);
#4901=ORIENTED_EDGE('',*,*,#3715,.F.);
#4902=ORIENTED_EDGE('',*,*,#3716,.F.);
#4903=ORIENTED_EDGE('',*,*,#3717,.T.);
#4904=ORIENTED_EDGE('',*,*,#3718,.T.);
#4905=ORIENTED_EDGE('',*,*,#3719,.F.);
#4906=ORIENTED_EDGE('',*,*,#3720,.T.);
#4907=ORIENTED_EDGE('',*,*,#3721,.T.);
#4908=ORIENTED_EDGE('',*,*,#3722,.F.);
#4909=ORIENTED_EDGE('',*,*,#3723,.T.);
#4910=ORIENTED_EDGE('',*,*,#3724,.T.);
#4911=ORIENTED_EDGE('',*,*,#3719,.T.);
#4912=ORIENTED_EDGE('',*,*,#3725,.T.);
#4913=ORIENTED_EDGE('',*,*,#3716,.T.);
#4914=ORIENTED_EDGE('',*,*,#3726,.F.);
#4915=ORIENTED_EDGE('',*,*,#3712,.T.);
#4916=ORIENTED_EDGE('',*,*,#3727,.F.);
#4917=ORIENTED_EDGE('',*,*,#3708,.T.);
#4918=ORIENTED_EDGE('',*,*,#3728,.F.);
#4919=ORIENTED_EDGE('',*,*,#3704,.T.);
#4920=ORIENTED_EDGE('',*,*,#3729,.T.);
#4921=ORIENTED_EDGE('',*,*,#3700,.T.);
#4922=ORIENTED_EDGE('',*,*,#3730,.F.);
#4923=ORIENTED_EDGE('',*,*,#3731,.F.);
#4924=ORIENTED_EDGE('',*,*,#3732,.F.);
#4925=ORIENTED_EDGE('',*,*,#3733,.T.);
#4926=ORIENTED_EDGE('',*,*,#3734,.F.);
#4927=ORIENTED_EDGE('',*,*,#3735,.F.);
#4928=ORIENTED_EDGE('',*,*,#3736,.T.);
#4929=ORIENTED_EDGE('',*,*,#3737,.T.);
#4930=ORIENTED_EDGE('',*,*,#3738,.F.);
#4931=ORIENTED_EDGE('',*,*,#3739,.T.);
#4932=ORIENTED_EDGE('',*,*,#3740,.F.);
#4933=ORIENTED_EDGE('',*,*,#3741,.F.);
#4934=ORIENTED_EDGE('',*,*,#3742,.T.);
#4935=ORIENTED_EDGE('',*,*,#3743,.T.);
#4936=ORIENTED_EDGE('',*,*,#3744,.T.);
#4937=ORIENTED_EDGE('',*,*,#3745,.T.);
#4938=ORIENTED_EDGE('',*,*,#3746,.T.);
#4939=ORIENTED_EDGE('',*,*,#3747,.T.);
#4940=ORIENTED_EDGE('',*,*,#3748,.T.);
#4941=ORIENTED_EDGE('',*,*,#3749,.T.);
#4942=ORIENTED_EDGE('',*,*,#3750,.T.);
#4943=ORIENTED_EDGE('',*,*,#3751,.T.);
#4944=ORIENTED_EDGE('',*,*,#3752,.F.);
#4945=ORIENTED_EDGE('',*,*,#3753,.F.);
#4946=ORIENTED_EDGE('',*,*,#3747,.F.);
#4947=ORIENTED_EDGE('',*,*,#3754,.T.);
#4948=ORIENTED_EDGE('',*,*,#3755,.F.);
#4949=ORIENTED_EDGE('',*,*,#3756,.F.);
#4950=ORIENTED_EDGE('',*,*,#3757,.T.);
#4951=ORIENTED_EDGE('',*,*,#3758,.F.);
#4952=ORIENTED_EDGE('',*,*,#3759,.F.);
#4953=ORIENTED_EDGE('',*,*,#3760,.T.);
#4954=ORIENTED_EDGE('',*,*,#3761,.T.);
#4955=ORIENTED_EDGE('',*,*,#3762,.F.);
#4956=ORIENTED_EDGE('',*,*,#3763,.T.);
#4957=ORIENTED_EDGE('',*,*,#3764,.T.);
#4958=ORIENTED_EDGE('',*,*,#3765,.T.);
#4959=ORIENTED_EDGE('',*,*,#3702,.F.);
#4960=ORIENTED_EDGE('',*,*,#3766,.F.);
#4961=ORIENTED_EDGE('',*,*,#3706,.F.);
#4962=ORIENTED_EDGE('',*,*,#3767,.T.);
#4963=ORIENTED_EDGE('',*,*,#3710,.F.);
#4964=ORIENTED_EDGE('',*,*,#3768,.T.);
#4965=ORIENTED_EDGE('',*,*,#3714,.F.);
#4966=ORIENTED_EDGE('',*,*,#3769,.T.);
#4967=ORIENTED_EDGE('',*,*,#3718,.F.);
#4968=ORIENTED_EDGE('',*,*,#3770,.F.);
#4969=ORIENTED_EDGE('',*,*,#3721,.F.);
#4970=ORIENTED_EDGE('',*,*,#3771,.F.);
#4971=ORIENTED_EDGE('',*,*,#3772,.F.);
#4972=ORIENTED_EDGE('',*,*,#3773,.T.);
#4973=ORIENTED_EDGE('',*,*,#3774,.T.);
#4974=ORIENTED_EDGE('',*,*,#3750,.F.);
#4975=ORIENTED_EDGE('',*,*,#3775,.F.);
#4976=ORIENTED_EDGE('',*,*,#3776,.F.);
#4977=ORIENTED_EDGE('',*,*,#3777,.F.);
#4978=ORIENTED_EDGE('',*,*,#3778,.F.);
#4979=ORIENTED_EDGE('',*,*,#3779,.F.);
#4980=ORIENTED_EDGE('',*,*,#3780,.F.);
#4981=ORIENTED_EDGE('',*,*,#3748,.F.);
#4982=ORIENTED_EDGE('',*,*,#3781,.T.);
#4983=ORIENTED_EDGE('',*,*,#3772,.T.);
#4984=ORIENTED_EDGE('',*,*,#3781,.F.);
#4985=ORIENTED_EDGE('',*,*,#3749,.F.);
#4986=ORIENTED_EDGE('',*,*,#3782,.T.);
#4987=ORIENTED_EDGE('',*,*,#3780,.T.);
#4988=ORIENTED_EDGE('',*,*,#3782,.F.);
#4989=ORIENTED_EDGE('',*,*,#3783,.F.);
#4990=ORIENTED_EDGE('',*,*,#3742,.F.);
#4991=ORIENTED_EDGE('',*,*,#3784,.T.);
#4992=ORIENTED_EDGE('',*,*,#3779,.T.);
#4993=ORIENTED_EDGE('',*,*,#3783,.T.);
#4994=ORIENTED_EDGE('',*,*,#3778,.T.);
#4995=ORIENTED_EDGE('',*,*,#3785,.F.);
#4996=ORIENTED_EDGE('',*,*,#3743,.F.);
#4997=ORIENTED_EDGE('',*,*,#3786,.F.);
#4998=ORIENTED_EDGE('',*,*,#3744,.F.);
#4999=ORIENTED_EDGE('',*,*,#3785,.T.);
#5000=ORIENTED_EDGE('',*,*,#3777,.T.);
#5001=ORIENTED_EDGE('',*,*,#3786,.T.);
#5002=ORIENTED_EDGE('',*,*,#3776,.T.);
#5003=ORIENTED_EDGE('',*,*,#3787,.F.);
#5004=ORIENTED_EDGE('',*,*,#3745,.F.);
#5005=ORIENTED_EDGE('',*,*,#3754,.F.);
#5006=ORIENTED_EDGE('',*,*,#3746,.F.);
#5007=ORIENTED_EDGE('',*,*,#3787,.T.);
#5008=ORIENTED_EDGE('',*,*,#3775,.T.);
#5009=ORIENTED_EDGE('',*,*,#3788,.F.);
#5010=ORIENTED_EDGE('',*,*,#3789,.F.);
#5011=ORIENTED_EDGE('',*,*,#3790,.T.);
#5012=ORIENTED_EDGE('',*,*,#3791,.F.);
#5013=ORIENTED_EDGE('',*,*,#3792,.T.);
#5014=ORIENTED_EDGE('',*,*,#3793,.T.);
#5015=ORIENTED_EDGE('',*,*,#3788,.T.);
#5016=ORIENTED_EDGE('',*,*,#3794,.F.);
#5017=ORIENTED_EDGE('',*,*,#3751,.F.);
#5018=ORIENTED_EDGE('',*,*,#3774,.F.);
#5019=ORIENTED_EDGE('',*,*,#3795,.F.);
#5020=ORIENTED_EDGE('',*,*,#3796,.T.);
#5021=ORIENTED_EDGE('',*,*,#3797,.T.);
#5022=ORIENTED_EDGE('',*,*,#3795,.T.);
#5023=ORIENTED_EDGE('',*,*,#3773,.F.);
#5024=ORIENTED_EDGE('',*,*,#3784,.F.);
#5025=ORIENTED_EDGE('',*,*,#3741,.T.);
#5026=ORIENTED_EDGE('',*,*,#3798,.F.);
#5027=ORIENTED_EDGE('',*,*,#3799,.T.);
#5028=ORIENTED_EDGE('',*,*,#3800,.F.);
#5029=ORIENTED_EDGE('',*,*,#3801,.T.);
#5030=ORIENTED_EDGE('',*,*,#3802,.T.);
#5031=ORIENTED_EDGE('',*,*,#3803,.T.);
#5032=ORIENTED_EDGE('',*,*,#3804,.F.);
#5033=ORIENTED_EDGE('',*,*,#3801,.F.);
#5034=ORIENTED_EDGE('',*,*,#3805,.T.);
#5035=ORIENTED_EDGE('',*,*,#3789,.T.);
#5036=ORIENTED_EDGE('',*,*,#3796,.F.);
#5037=ORIENTED_EDGE('',*,*,#3797,.F.);
#5038=ORIENTED_EDGE('',*,*,#3806,.T.);
#5039=ORIENTED_EDGE('',*,*,#3807,.T.);
#5040=ORIENTED_EDGE('',*,*,#3790,.F.);
#5041=ORIENTED_EDGE('',*,*,#3805,.F.);
#5042=ORIENTED_EDGE('',*,*,#3800,.T.);
#5043=ORIENTED_EDGE('',*,*,#3740,.T.);
#5044=ORIENTED_EDGE('',*,*,#3753,.T.);
#5045=ORIENTED_EDGE('',*,*,#3808,.T.);
#5046=ORIENTED_EDGE('',*,*,#3802,.F.);
#5047=ORIENTED_EDGE('',*,*,#3806,.F.);
#5048=ORIENTED_EDGE('',*,*,#3798,.T.);
#5049=ORIENTED_EDGE('',*,*,#3793,.F.);
#5050=ORIENTED_EDGE('',*,*,#3809,.F.);
#5051=ORIENTED_EDGE('',*,*,#3803,.F.);
#5052=ORIENTED_EDGE('',*,*,#3808,.F.);
#5053=ORIENTED_EDGE('',*,*,#3752,.T.);
#5054=ORIENTED_EDGE('',*,*,#3794,.T.);
#5055=ORIENTED_EDGE('',*,*,#3810,.F.);
#5056=ORIENTED_EDGE('',*,*,#3804,.T.);
#5057=ORIENTED_EDGE('',*,*,#3809,.T.);
#5058=ORIENTED_EDGE('',*,*,#3792,.F.);
#5059=ORIENTED_EDGE('',*,*,#3810,.T.);
#5060=ORIENTED_EDGE('',*,*,#3791,.T.);
#5061=ORIENTED_EDGE('',*,*,#3807,.F.);
#5062=ORIENTED_EDGE('',*,*,#3799,.F.);
#5063=ORIENTED_EDGE('',*,*,#3811,.T.);
#5064=ORIENTED_EDGE('',*,*,#3812,.T.);
#5065=ORIENTED_EDGE('',*,*,#3813,.F.);
#5066=ORIENTED_EDGE('',*,*,#3814,.F.);
#5067=ORIENTED_EDGE('',*,*,#3815,.F.);
#5068=ORIENTED_EDGE('',*,*,#3568,.T.);
#5069=ORIENTED_EDGE('',*,*,#3698,.T.);
#5070=ORIENTED_EDGE('',*,*,#3724,.F.);
#5071=ORIENTED_EDGE('',*,*,#3816,.F.);
#5072=ORIENTED_EDGE('',*,*,#3813,.T.);
#5073=ORIENTED_EDGE('',*,*,#3817,.T.);
#5074=ORIENTED_EDGE('',*,*,#3771,.T.);
#5075=ORIENTED_EDGE('',*,*,#3720,.F.);
#5076=ORIENTED_EDGE('',*,*,#3739,.F.);
#5077=ORIENTED_EDGE('',*,*,#3818,.T.);
#5078=ORIENTED_EDGE('',*,*,#3756,.T.);
#5079=ORIENTED_EDGE('',*,*,#3819,.T.);
#5080=ORIENTED_EDGE('',*,*,#3820,.F.);
#5081=ORIENTED_EDGE('',*,*,#3821,.F.);
#5082=ORIENTED_EDGE('',*,*,#3738,.T.);
#5083=ORIENTED_EDGE('',*,*,#3822,.T.);
#5084=ORIENTED_EDGE('',*,*,#3757,.F.);
#5085=ORIENTED_EDGE('',*,*,#3818,.F.);
#5086=ORIENTED_EDGE('',*,*,#3737,.F.);
#5087=ORIENTED_EDGE('',*,*,#3823,.F.);
#5088=ORIENTED_EDGE('',*,*,#3824,.T.);
#5089=ORIENTED_EDGE('',*,*,#3825,.T.);
#5090=ORIENTED_EDGE('',*,*,#3826,.T.);
#5091=ORIENTED_EDGE('',*,*,#3827,.T.);
#5092=ORIENTED_EDGE('',*,*,#3828,.F.);
#5093=ORIENTED_EDGE('',*,*,#3829,.T.);
#5094=ORIENTED_EDGE('',*,*,#3830,.F.);
#5095=ORIENTED_EDGE('',*,*,#3831,.T.);
#5096=ORIENTED_EDGE('',*,*,#3758,.T.);
#5097=ORIENTED_EDGE('',*,*,#3822,.F.);
#5098=ORIENTED_EDGE('',*,*,#3832,.F.);
#5099=ORIENTED_EDGE('',*,*,#3833,.T.);
#5100=ORIENTED_EDGE('',*,*,#3834,.F.);
#5101=ORIENTED_EDGE('',*,*,#3835,.F.);
#5102=ORIENTED_EDGE('',*,*,#3836,.T.);
#5103=ORIENTED_EDGE('',*,*,#3830,.T.);
#5104=ORIENTED_EDGE('',*,*,#3837,.F.);
#5105=ORIENTED_EDGE('',*,*,#3838,.F.);
#5106=ORIENTED_EDGE('',*,*,#3839,.F.);
#5107=ORIENTED_EDGE('',*,*,#3840,.F.);
#5108=ORIENTED_EDGE('',*,*,#3759,.T.);
#5109=ORIENTED_EDGE('',*,*,#3831,.F.);
#5110=ORIENTED_EDGE('',*,*,#3836,.F.);
#5111=ORIENTED_EDGE('',*,*,#3841,.T.);
#5112=ORIENTED_EDGE('',*,*,#3842,.T.);
#5113=ORIENTED_EDGE('',*,*,#3760,.F.);
#5114=ORIENTED_EDGE('',*,*,#3841,.F.);
#5115=ORIENTED_EDGE('',*,*,#3835,.T.);
#5116=ORIENTED_EDGE('',*,*,#3843,.F.);
#5117=ORIENTED_EDGE('',*,*,#3844,.F.);
#5118=ORIENTED_EDGE('',*,*,#3845,.T.);
#5119=ORIENTED_EDGE('',*,*,#3735,.T.);
#5120=ORIENTED_EDGE('',*,*,#3842,.F.);
#5121=ORIENTED_EDGE('',*,*,#3734,.T.);
#5122=ORIENTED_EDGE('',*,*,#3846,.T.);
#5123=ORIENTED_EDGE('',*,*,#3761,.F.);
#5124=ORIENTED_EDGE('',*,*,#3732,.T.);
#5125=ORIENTED_EDGE('',*,*,#3847,.T.);
#5126=ORIENTED_EDGE('',*,*,#3763,.F.);
#5127=ORIENTED_EDGE('',*,*,#3848,.F.);
#5128=ORIENTED_EDGE('',*,*,#3846,.F.);
#5129=ORIENTED_EDGE('',*,*,#3733,.F.);
#5130=ORIENTED_EDGE('',*,*,#3848,.T.);
#5131=ORIENTED_EDGE('',*,*,#3762,.T.);
#5132=ORIENTED_EDGE('',*,*,#3849,.T.);
#5133=ORIENTED_EDGE('',*,*,#3764,.F.);
#5134=ORIENTED_EDGE('',*,*,#3847,.F.);
#5135=ORIENTED_EDGE('',*,*,#3731,.T.);
#5136=ORIENTED_EDGE('',*,*,#3699,.T.);
#5137=ORIENTED_EDGE('',*,*,#3765,.F.);
#5138=ORIENTED_EDGE('',*,*,#3849,.F.);
#5139=ORIENTED_EDGE('',*,*,#3730,.T.);
#5140=ORIENTED_EDGE('',*,*,#3703,.T.);
#5141=ORIENTED_EDGE('',*,*,#3766,.T.);
#5142=ORIENTED_EDGE('',*,*,#3701,.F.);
#5143=ORIENTED_EDGE('',*,*,#3729,.F.);
#5144=ORIENTED_EDGE('',*,*,#3707,.T.);
#5145=ORIENTED_EDGE('',*,*,#3767,.F.);
#5146=ORIENTED_EDGE('',*,*,#3705,.F.);
#5147=ORIENTED_EDGE('',*,*,#3728,.T.);
#5148=ORIENTED_EDGE('',*,*,#3711,.T.);
#5149=ORIENTED_EDGE('',*,*,#3768,.F.);
#5150=ORIENTED_EDGE('',*,*,#3709,.F.);
#5151=ORIENTED_EDGE('',*,*,#3727,.T.);
#5152=ORIENTED_EDGE('',*,*,#3715,.T.);
#5153=ORIENTED_EDGE('',*,*,#3769,.F.);
#5154=ORIENTED_EDGE('',*,*,#3713,.F.);
#5155=ORIENTED_EDGE('',*,*,#3726,.T.);
#5156=ORIENTED_EDGE('',*,*,#3725,.F.);
#5157=ORIENTED_EDGE('',*,*,#3722,.T.);
#5158=ORIENTED_EDGE('',*,*,#3770,.T.);
#5159=ORIENTED_EDGE('',*,*,#3717,.F.);
#5160=ORIENTED_EDGE('',*,*,#3850,.F.);
#5161=ORIENTED_EDGE('',*,*,#3851,.T.);
#5162=ORIENTED_EDGE('',*,*,#3819,.F.);
#5163=ORIENTED_EDGE('',*,*,#3755,.T.);
#5164=ORIENTED_EDGE('',*,*,#3817,.F.);
#5165=ORIENTED_EDGE('',*,*,#3812,.F.);
#5166=ORIENTED_EDGE('',*,*,#3852,.F.);
#5167=ORIENTED_EDGE('',*,*,#3696,.F.);
#5168=ORIENTED_EDGE('',*,*,#3566,.F.);
#5169=ORIENTED_EDGE('',*,*,#3853,.T.);
#5170=ORIENTED_EDGE('',*,*,#3854,.T.);
#5171=ORIENTED_EDGE('',*,*,#3820,.T.);
#5172=ORIENTED_EDGE('',*,*,#3851,.F.);
#5173=ORIENTED_EDGE('',*,*,#3723,.F.);
#5174=ORIENTED_EDGE('',*,*,#3821,.T.);
#5175=ORIENTED_EDGE('',*,*,#3854,.F.);
#5176=ORIENTED_EDGE('',*,*,#3855,.T.);
#5177=ORIENTED_EDGE('',*,*,#3814,.T.);
#5178=ORIENTED_EDGE('',*,*,#3816,.T.);
#5179=ORIENTED_EDGE('',*,*,#3850,.T.);
#5180=ORIENTED_EDGE('',*,*,#3811,.F.);
#5181=ORIENTED_EDGE('',*,*,#3697,.F.);
#5182=ORIENTED_EDGE('',*,*,#3852,.T.);
#5183=ORIENTED_EDGE('',*,*,#3856,.T.);
#5184=ORIENTED_EDGE('',*,*,#3576,.T.);
#5185=ORIENTED_EDGE('',*,*,#3584,.F.);
#5186=ORIENTED_EDGE('',*,*,#3628,.T.);
#5187=ORIENTED_EDGE('',*,*,#3632,.T.);
#5188=ORIENTED_EDGE('',*,*,#3857,.F.);
#5189=ORIENTED_EDGE('',*,*,#3855,.F.);
#5190=ORIENTED_EDGE('',*,*,#3853,.F.);
#5191=ORIENTED_EDGE('',*,*,#3600,.T.);
#5192=ORIENTED_EDGE('',*,*,#3815,.T.);
#5193=ORIENTED_EDGE('',*,*,#3514,.F.);
#5194=ORIENTED_EDGE('',*,*,#3496,.T.);
#5195=ORIENTED_EDGE('',*,*,#3442,.T.);
#5196=ORIENTED_EDGE('',*,*,#3484,.F.);
#5197=ORIENTED_EDGE('',*,*,#3858,.T.);
#5198=ORIENTED_EDGE('',*,*,#3859,.T.);
#5199=ORIENTED_EDGE('',*,*,#3860,.T.);
#5200=ORIENTED_EDGE('',*,*,#3500,.F.);
#5201=ORIENTED_EDGE('',*,*,#3572,.F.);
#5202=ORIENTED_EDGE('',*,*,#3538,.T.);
#5203=ORIENTED_EDGE('',*,*,#3513,.F.);
#5204=ORIENTED_EDGE('',*,*,#3481,.T.);
#5205=ORIENTED_EDGE('',*,*,#3448,.T.);
#5206=ORIENTED_EDGE('',*,*,#3494,.T.);
#5207=ORIENTED_EDGE('',*,*,#3861,.F.);
#5208=ORIENTED_EDGE('',*,*,#3862,.T.);
#5209=ORIENTED_EDGE('',*,*,#3863,.F.);
#5210=ORIENTED_EDGE('',*,*,#3864,.T.);
#5211=ORIENTED_EDGE('',*,*,#3865,.T.);
#5212=ORIENTED_EDGE('',*,*,#3840,.T.);
#5213=ORIENTED_EDGE('',*,*,#3866,.F.);
#5214=ORIENTED_EDGE('',*,*,#3867,.F.);
#5215=ORIENTED_EDGE('',*,*,#3868,.F.);
#5216=ORIENTED_EDGE('',*,*,#3869,.F.);
#5217=ORIENTED_EDGE('',*,*,#3870,.T.);
#5218=ORIENTED_EDGE('',*,*,#3871,.T.);
#5219=ORIENTED_EDGE('',*,*,#3872,.T.);
#5220=ORIENTED_EDGE('',*,*,#3868,.T.);
#5221=ORIENTED_EDGE('',*,*,#3873,.F.);
#5222=ORIENTED_EDGE('',*,*,#3874,.F.);
#5223=ORIENTED_EDGE('',*,*,#3460,.F.);
#5224=ORIENTED_EDGE('',*,*,#3548,.T.);
#5225=ORIENTED_EDGE('',*,*,#3546,.F.);
#5226=ORIENTED_EDGE('',*,*,#3539,.T.);
#5227=ORIENTED_EDGE('',*,*,#3456,.F.);
#5228=ORIENTED_EDGE('',*,*,#3875,.T.);
#5229=ORIENTED_EDGE('',*,*,#3876,.T.);
#5230=ORIENTED_EDGE('',*,*,#3877,.T.);
#5231=ORIENTED_EDGE('',*,*,#3878,.F.);
#5232=ORIENTED_EDGE('',*,*,#3879,.T.);
#5233=ORIENTED_EDGE('',*,*,#3880,.T.);
#5234=ORIENTED_EDGE('',*,*,#3505,.T.);
#5235=ORIENTED_EDGE('',*,*,#3569,.F.);
#5236=ORIENTED_EDGE('',*,*,#3881,.T.);
#5237=ORIENTED_EDGE('',*,*,#3859,.F.);
#5238=ORIENTED_EDGE('',*,*,#3882,.F.);
#5239=ORIENTED_EDGE('',*,*,#3870,.F.);
#5240=ORIENTED_EDGE('',*,*,#3516,.T.);
#5241=ORIENTED_EDGE('',*,*,#3571,.T.);
#5242=ORIENTED_EDGE('',*,*,#3502,.F.);
#5243=ORIENTED_EDGE('',*,*,#3883,.F.);
#5244=ORIENTED_EDGE('',*,*,#3884,.F.);
#5245=ORIENTED_EDGE('',*,*,#3885,.T.);
#5246=ORIENTED_EDGE('',*,*,#3598,.F.);
#5247=ORIENTED_EDGE('',*,*,#3886,.F.);
#5248=ORIENTED_EDGE('',*,*,#3887,.T.);
#5249=ORIENTED_EDGE('',*,*,#3888,.T.);
#5250=ORIENTED_EDGE('',*,*,#3596,.F.);
#5251=ORIENTED_EDGE('',*,*,#3889,.F.);
#5252=ORIENTED_EDGE('',*,*,#3613,.F.);
#5253=ORIENTED_EDGE('',*,*,#3890,.T.);
#5254=ORIENTED_EDGE('',*,*,#3891,.T.);
#5255=ORIENTED_EDGE('',*,*,#3452,.F.);
#5256=ORIENTED_EDGE('',*,*,#3483,.F.);
#5257=ORIENTED_EDGE('',*,*,#3440,.F.);
#5258=ORIENTED_EDGE('',*,*,#3892,.T.);
#5259=ORIENTED_EDGE('',*,*,#3893,.T.);
#5260=ORIENTED_EDGE('',*,*,#3894,.F.);
#5261=ORIENTED_EDGE('',*,*,#3895,.T.);
#5262=ORIENTED_EDGE('',*,*,#3896,.T.);
#5263=ORIENTED_EDGE('',*,*,#3564,.F.);
#5264=ORIENTED_EDGE('',*,*,#3897,.T.);
#5265=ORIENTED_EDGE('',*,*,#3875,.F.);
#5266=ORIENTED_EDGE('',*,*,#3455,.F.);
#5267=ORIENTED_EDGE('',*,*,#3601,.F.);
#5268=ORIENTED_EDGE('',*,*,#3898,.F.);
#5269=ORIENTED_EDGE('',*,*,#3899,.F.);
#5270=ORIENTED_EDGE('',*,*,#3624,.T.);
#5271=ORIENTED_EDGE('',*,*,#3900,.F.);
#5272=ORIENTED_EDGE('',*,*,#3901,.F.);
#5273=ORIENTED_EDGE('',*,*,#3902,.T.);
#5274=ORIENTED_EDGE('',*,*,#3622,.T.);
#5275=ORIENTED_EDGE('',*,*,#3903,.F.);
#5276=ORIENTED_EDGE('',*,*,#3904,.T.);
#5277=ORIENTED_EDGE('',*,*,#3604,.T.);
#5278=ORIENTED_EDGE('',*,*,#3905,.F.);
#5279=ORIENTED_EDGE('',*,*,#3893,.F.);
#5280=ORIENTED_EDGE('',*,*,#3518,.T.);
#5281=ORIENTED_EDGE('',*,*,#3906,.T.);
#5282=ORIENTED_EDGE('',*,*,#3907,.T.);
#5283=ORIENTED_EDGE('',*,*,#3908,.F.);
#5284=ORIENTED_EDGE('',*,*,#3909,.F.);
#5285=ORIENTED_EDGE('',*,*,#3910,.T.);
#5286=ORIENTED_EDGE('',*,*,#3911,.T.);
#5287=ORIENTED_EDGE('',*,*,#3912,.T.);
#5288=ORIENTED_EDGE('',*,*,#3913,.T.);
#5289=ORIENTED_EDGE('',*,*,#3914,.T.);
#5290=ORIENTED_EDGE('',*,*,#3915,.T.);
#5291=ORIENTED_EDGE('',*,*,#3916,.F.);
#5292=ORIENTED_EDGE('',*,*,#3917,.T.);
#5293=ORIENTED_EDGE('',*,*,#3918,.F.);
#5294=ORIENTED_EDGE('',*,*,#3919,.T.);
#5295=ORIENTED_EDGE('',*,*,#3920,.T.);
#5296=ORIENTED_EDGE('',*,*,#3921,.T.);
#5297=ORIENTED_EDGE('',*,*,#3922,.T.);
#5298=ORIENTED_EDGE('',*,*,#3436,.F.);
#5299=ORIENTED_EDGE('',*,*,#3482,.F.);
#5300=ORIENTED_EDGE('',*,*,#3466,.T.);
#5301=ORIENTED_EDGE('',*,*,#3923,.T.);
#5302=ORIENTED_EDGE('',*,*,#3611,.F.);
#5303=ORIENTED_EDGE('',*,*,#3924,.T.);
#5304=ORIENTED_EDGE('',*,*,#3625,.T.);
#5305=ORIENTED_EDGE('',*,*,#3899,.T.);
#5306=ORIENTED_EDGE('',*,*,#3437,.T.);
#5307=ORIENTED_EDGE('',*,*,#3922,.F.);
#5308=ORIENTED_EDGE('',*,*,#3898,.T.);
#5309=ORIENTED_EDGE('',*,*,#3925,.T.);
#5310=ORIENTED_EDGE('',*,*,#3901,.T.);
#5311=ORIENTED_EDGE('',*,*,#3926,.F.);
#5312=ORIENTED_EDGE('',*,*,#3508,.T.);
#5313=ORIENTED_EDGE('',*,*,#3927,.F.);
#5314=ORIENTED_EDGE('',*,*,#3928,.F.);
#5315=ORIENTED_EDGE('',*,*,#3929,.F.);
#5316=ORIENTED_EDGE('',*,*,#3507,.T.);
#5317=ORIENTED_EDGE('',*,*,#3930,.F.);
#5318=ORIENTED_EDGE('',*,*,#3931,.F.);
#5319=ORIENTED_EDGE('',*,*,#3932,.T.);
#5320=ORIENTED_EDGE('',*,*,#3933,.T.);
#5321=ORIENTED_EDGE('',*,*,#3934,.F.);
#5322=ORIENTED_EDGE('',*,*,#3935,.F.);
#5323=ORIENTED_EDGE('',*,*,#3936,.T.);
#5324=ORIENTED_EDGE('',*,*,#3937,.T.);
#5325=ORIENTED_EDGE('',*,*,#3938,.F.);
#5326=ORIENTED_EDGE('',*,*,#3939,.F.);
#5327=ORIENTED_EDGE('',*,*,#3940,.T.);
#5328=ORIENTED_EDGE('',*,*,#3941,.T.);
#5329=ORIENTED_EDGE('',*,*,#3942,.F.);
#5330=ORIENTED_EDGE('',*,*,#3943,.F.);
#5331=ORIENTED_EDGE('',*,*,#3944,.T.);
#5332=ORIENTED_EDGE('',*,*,#3945,.T.);
#5333=ORIENTED_EDGE('',*,*,#3946,.F.);
#5334=ORIENTED_EDGE('',*,*,#3947,.F.);
#5335=ORIENTED_EDGE('',*,*,#3948,.T.);
#5336=ORIENTED_EDGE('',*,*,#3949,.T.);
#5337=ORIENTED_EDGE('',*,*,#3950,.F.);
#5338=ORIENTED_EDGE('',*,*,#3951,.F.);
#5339=ORIENTED_EDGE('',*,*,#3927,.T.);
#5340=ORIENTED_EDGE('',*,*,#3952,.F.);
#5341=ORIENTED_EDGE('',*,*,#3928,.T.);
#5342=ORIENTED_EDGE('',*,*,#3951,.T.);
#5343=ORIENTED_EDGE('',*,*,#3953,.T.);
#5344=ORIENTED_EDGE('',*,*,#3954,.F.);
#5345=ORIENTED_EDGE('',*,*,#3955,.F.);
#5346=ORIENTED_EDGE('',*,*,#3947,.T.);
#5347=ORIENTED_EDGE('',*,*,#3956,.T.);
#5348=ORIENTED_EDGE('',*,*,#3957,.F.);
#5349=ORIENTED_EDGE('',*,*,#3958,.F.);
#5350=ORIENTED_EDGE('',*,*,#3943,.T.);
#5351=ORIENTED_EDGE('',*,*,#3959,.T.);
#5352=ORIENTED_EDGE('',*,*,#3960,.F.);
#5353=ORIENTED_EDGE('',*,*,#3961,.F.);
#5354=ORIENTED_EDGE('',*,*,#3939,.T.);
#5355=ORIENTED_EDGE('',*,*,#3962,.T.);
#5356=ORIENTED_EDGE('',*,*,#3963,.F.);
#5357=ORIENTED_EDGE('',*,*,#3964,.F.);
#5358=ORIENTED_EDGE('',*,*,#3935,.T.);
#5359=ORIENTED_EDGE('',*,*,#3965,.T.);
#5360=ORIENTED_EDGE('',*,*,#3966,.F.);
#5361=ORIENTED_EDGE('',*,*,#3967,.F.);
#5362=ORIENTED_EDGE('',*,*,#3931,.T.);
#5363=ORIENTED_EDGE('',*,*,#3968,.T.);
#5364=ORIENTED_EDGE('',*,*,#3969,.T.);
#5365=ORIENTED_EDGE('',*,*,#3474,.T.);
#5366=ORIENTED_EDGE('',*,*,#3559,.T.);
#5367=ORIENTED_EDGE('',*,*,#3557,.F.);
#5368=ORIENTED_EDGE('',*,*,#3550,.T.);
#5369=ORIENTED_EDGE('',*,*,#3470,.T.);
#5370=ORIENTED_EDGE('',*,*,#3574,.F.);
#5371=ORIENTED_EDGE('',*,*,#3509,.T.);
#5372=ORIENTED_EDGE('',*,*,#3926,.T.);
#5373=ORIENTED_EDGE('',*,*,#3903,.T.);
#5374=ORIENTED_EDGE('',*,*,#3621,.T.);
#5375=ORIENTED_EDGE('',*,*,#3592,.T.);
#5376=ORIENTED_EDGE('',*,*,#3615,.F.);
#5377=ORIENTED_EDGE('',*,*,#3881,.F.);
#5378=ORIENTED_EDGE('',*,*,#3869,.T.);
#5379=ORIENTED_EDGE('',*,*,#3872,.F.);
#5380=ORIENTED_EDGE('',*,*,#3970,.F.);
#5381=ORIENTED_EDGE('',*,*,#3971,.F.);
#5382=ORIENTED_EDGE('',*,*,#3883,.T.);
#5383=ORIENTED_EDGE('',*,*,#3501,.T.);
#5384=ORIENTED_EDGE('',*,*,#3860,.F.);
#5385=ORIENTED_EDGE('',*,*,#3517,.T.);
#5386=ORIENTED_EDGE('',*,*,#3885,.F.);
#5387=ORIENTED_EDGE('',*,*,#3972,.T.);
#5388=ORIENTED_EDGE('',*,*,#3973,.T.);
#5389=ORIENTED_EDGE('',*,*,#3974,.F.);
#5390=ORIENTED_EDGE('',*,*,#3906,.F.);
#5391=ORIENTED_EDGE('',*,*,#3975,.T.);
#5392=ORIENTED_EDGE('',*,*,#3976,.T.);
#5393=ORIENTED_EDGE('',*,*,#3977,.F.);
#5394=ORIENTED_EDGE('',*,*,#3978,.F.);
#5395=ORIENTED_EDGE('',*,*,#3871,.F.);
#5396=ORIENTED_EDGE('',*,*,#3882,.T.);
#5397=ORIENTED_EDGE('',*,*,#3858,.F.);
#5398=ORIENTED_EDGE('',*,*,#3537,.T.);
#5399=ORIENTED_EDGE('',*,*,#3578,.T.);
#5400=ORIENTED_EDGE('',*,*,#3979,.F.);
#5401=ORIENTED_EDGE('',*,*,#3932,.F.);
#5402=ORIENTED_EDGE('',*,*,#3967,.T.);
#5403=ORIENTED_EDGE('',*,*,#3980,.F.);
#5404=ORIENTED_EDGE('',*,*,#3981,.T.);
#5405=ORIENTED_EDGE('',*,*,#3976,.F.);
#5406=ORIENTED_EDGE('',*,*,#3982,.T.);
#5407=ORIENTED_EDGE('',*,*,#3983,.T.);
#5408=ORIENTED_EDGE('',*,*,#3984,.T.);
#5409=ORIENTED_EDGE('',*,*,#3985,.F.);
#5410=ORIENTED_EDGE('',*,*,#3986,.T.);
#5411=ORIENTED_EDGE('',*,*,#3987,.F.);
#5412=ORIENTED_EDGE('',*,*,#3988,.F.);
#5413=ORIENTED_EDGE('',*,*,#3989,.T.);
#5414=ORIENTED_EDGE('',*,*,#3519,.T.);
#5415=ORIENTED_EDGE('',*,*,#3909,.T.);
#5416=ORIENTED_EDGE('',*,*,#3990,.T.);
#5417=ORIENTED_EDGE('',*,*,#3991,.F.);
#5418=ORIENTED_EDGE('',*,*,#3914,.F.);
#5419=ORIENTED_EDGE('',*,*,#3992,.T.);
#5420=ORIENTED_EDGE('',*,*,#3684,.T.);
#5421=ORIENTED_EDGE('',*,*,#3993,.F.);
#5422=ORIENTED_EDGE('',*,*,#3920,.F.);
#5423=ORIENTED_EDGE('',*,*,#3994,.T.);
#5424=ORIENTED_EDGE('',*,*,#3690,.T.);
#5425=ORIENTED_EDGE('',*,*,#3995,.F.);
#5426=ORIENTED_EDGE('',*,*,#3916,.T.);
#5427=ORIENTED_EDGE('',*,*,#3996,.T.);
#5428=ORIENTED_EDGE('',*,*,#3694,.F.);
#5429=ORIENTED_EDGE('',*,*,#3997,.F.);
#5430=ORIENTED_EDGE('',*,*,#3921,.F.);
#5431=ORIENTED_EDGE('',*,*,#3995,.T.);
#5432=ORIENTED_EDGE('',*,*,#3689,.T.);
#5433=ORIENTED_EDGE('',*,*,#3998,.F.);
#5434=ORIENTED_EDGE('',*,*,#3915,.F.);
#5435=ORIENTED_EDGE('',*,*,#3993,.T.);
#5436=ORIENTED_EDGE('',*,*,#3695,.T.);
#5437=ORIENTED_EDGE('',*,*,#3996,.F.);
#5438=ORIENTED_EDGE('',*,*,#3917,.F.);
#5439=ORIENTED_EDGE('',*,*,#3997,.T.);
#5440=ORIENTED_EDGE('',*,*,#3693,.T.);
#5441=ORIENTED_EDGE('',*,*,#3999,.F.);
#5442=ORIENTED_EDGE('',*,*,#3913,.F.);
#5443=ORIENTED_EDGE('',*,*,#4000,.T.);
#5444=ORIENTED_EDGE('',*,*,#3685,.T.);
#5445=ORIENTED_EDGE('',*,*,#3992,.F.);
#5446=ORIENTED_EDGE('',*,*,#3919,.F.);
#5447=ORIENTED_EDGE('',*,*,#4001,.T.);
#5448=ORIENTED_EDGE('',*,*,#3691,.T.);
#5449=ORIENTED_EDGE('',*,*,#3994,.F.);
#5450=ORIENTED_EDGE('',*,*,#3912,.F.);
#5451=ORIENTED_EDGE('',*,*,#4002,.T.);
#5452=ORIENTED_EDGE('',*,*,#3686,.T.);
#5453=ORIENTED_EDGE('',*,*,#4000,.F.);
#5454=ORIENTED_EDGE('',*,*,#3918,.T.);
#5455=ORIENTED_EDGE('',*,*,#3999,.T.);
#5456=ORIENTED_EDGE('',*,*,#3692,.F.);
#5457=ORIENTED_EDGE('',*,*,#4001,.F.);
#5458=ORIENTED_EDGE('',*,*,#3911,.F.);
#5459=ORIENTED_EDGE('',*,*,#4003,.T.);
#5460=ORIENTED_EDGE('',*,*,#3687,.T.);
#5461=ORIENTED_EDGE('',*,*,#4002,.F.);
#5462=ORIENTED_EDGE('',*,*,#3910,.F.);
#5463=ORIENTED_EDGE('',*,*,#3998,.T.);
#5464=ORIENTED_EDGE('',*,*,#3688,.T.);
#5465=ORIENTED_EDGE('',*,*,#4003,.F.);
#5466=ORIENTED_EDGE('',*,*,#3929,.T.);
#5467=ORIENTED_EDGE('',*,*,#3952,.T.);
#5468=ORIENTED_EDGE('',*,*,#4004,.F.);
#5469=ORIENTED_EDGE('',*,*,#3438,.T.);
#5470=ORIENTED_EDGE('',*,*,#4004,.T.);
#5471=ORIENTED_EDGE('',*,*,#3968,.F.);
#5472=ORIENTED_EDGE('',*,*,#3930,.T.);
#5473=ORIENTED_EDGE('',*,*,#3506,.T.);
#5474=ORIENTED_EDGE('',*,*,#3880,.F.);
#5475=ORIENTED_EDGE('',*,*,#4005,.T.);
#5476=ORIENTED_EDGE('',*,*,#3605,.T.);
#5477=ORIENTED_EDGE('',*,*,#3904,.F.);
#5478=ORIENTED_EDGE('',*,*,#3892,.F.);
#5479=ORIENTED_EDGE('',*,*,#3439,.T.);
#5480=ORIENTED_EDGE('',*,*,#4006,.F.);
#5481=ORIENTED_EDGE('',*,*,#3606,.F.);
#5482=ORIENTED_EDGE('',*,*,#4005,.F.);
#5483=ORIENTED_EDGE('',*,*,#3879,.F.);
#5484=ORIENTED_EDGE('',*,*,#4007,.T.);
#5485=ORIENTED_EDGE('',*,*,#3562,.T.);
#5486=ORIENTED_EDGE('',*,*,#3602,.T.);
#5487=ORIENTED_EDGE('',*,*,#3453,.F.);
#5488=ORIENTED_EDGE('',*,*,#3891,.F.);
#5489=ORIENTED_EDGE('',*,*,#4008,.F.);
#5490=ORIENTED_EDGE('',*,*,#4009,.F.);
#5491=ORIENTED_EDGE('',*,*,#4010,.T.);
#5492=ORIENTED_EDGE('',*,*,#4011,.T.);
#5493=ORIENTED_EDGE('',*,*,#4012,.T.);
#5494=ORIENTED_EDGE('',*,*,#4011,.F.);
#5495=ORIENTED_EDGE('',*,*,#4013,.T.);
#5496=ORIENTED_EDGE('',*,*,#4014,.F.);
#5497=ORIENTED_EDGE('',*,*,#4015,.T.);
#5498=ORIENTED_EDGE('',*,*,#4016,.T.);
#5499=ORIENTED_EDGE('',*,*,#4017,.T.);
#5500=ORIENTED_EDGE('',*,*,#4018,.T.);
#5501=ORIENTED_EDGE('',*,*,#4019,.F.);
#5502=ORIENTED_EDGE('',*,*,#4020,.F.);
#5503=ORIENTED_EDGE('',*,*,#4021,.T.);
#5504=ORIENTED_EDGE('',*,*,#4022,.F.);
#5505=ORIENTED_EDGE('',*,*,#4023,.F.);
#5506=ORIENTED_EDGE('',*,*,#4024,.F.);
#5507=ORIENTED_EDGE('',*,*,#4025,.F.);
#5508=ORIENTED_EDGE('',*,*,#4026,.T.);
#5509=ORIENTED_EDGE('',*,*,#4027,.F.);
#5510=ORIENTED_EDGE('',*,*,#4009,.T.);
#5511=ORIENTED_EDGE('',*,*,#4023,.T.);
#5512=ORIENTED_EDGE('',*,*,#4028,.T.);
#5513=ORIENTED_EDGE('',*,*,#4017,.F.);
#5514=ORIENTED_EDGE('',*,*,#4029,.F.);
#5515=ORIENTED_EDGE('',*,*,#4021,.F.);
#5516=ORIENTED_EDGE('',*,*,#4030,.T.);
#5517=ORIENTED_EDGE('',*,*,#4019,.T.);
#5518=ORIENTED_EDGE('',*,*,#4031,.F.);
#5519=ORIENTED_EDGE('',*,*,#4022,.T.);
#5520=ORIENTED_EDGE('',*,*,#4031,.T.);
#5521=ORIENTED_EDGE('',*,*,#4018,.F.);
#5522=ORIENTED_EDGE('',*,*,#4028,.F.);
#5523=ORIENTED_EDGE('',*,*,#4032,.T.);
#5524=ORIENTED_EDGE('',*,*,#4013,.F.);
#5525=ORIENTED_EDGE('',*,*,#4010,.F.);
#5526=ORIENTED_EDGE('',*,*,#4027,.T.);
#5527=ORIENTED_EDGE('',*,*,#4032,.F.);
#5528=ORIENTED_EDGE('',*,*,#4026,.F.);
#5529=ORIENTED_EDGE('',*,*,#4033,.T.);
#5530=ORIENTED_EDGE('',*,*,#4014,.T.);
#5531=ORIENTED_EDGE('',*,*,#4034,.T.);
#5532=ORIENTED_EDGE('',*,*,#4015,.F.);
#5533=ORIENTED_EDGE('',*,*,#4033,.F.);
#5534=ORIENTED_EDGE('',*,*,#4025,.T.);
#5535=ORIENTED_EDGE('',*,*,#4034,.F.);
#5536=ORIENTED_EDGE('',*,*,#4024,.T.);
#5537=ORIENTED_EDGE('',*,*,#4029,.T.);
#5538=ORIENTED_EDGE('',*,*,#4016,.F.);
#5539=ORIENTED_EDGE('',*,*,#4035,.T.);
#5540=ORIENTED_EDGE('',*,*,#3984,.F.);
#5541=ORIENTED_EDGE('',*,*,#4036,.F.);
#5542=ORIENTED_EDGE('',*,*,#4037,.T.);
#5543=ORIENTED_EDGE('',*,*,#4038,.T.);
#5544=ORIENTED_EDGE('',*,*,#4039,.T.);
#5545=ORIENTED_EDGE('',*,*,#4040,.T.);
#5546=ORIENTED_EDGE('',*,*,#4041,.T.);
#5547=ORIENTED_EDGE('',*,*,#4042,.F.);
#5548=ORIENTED_EDGE('',*,*,#4043,.T.);
#5549=ORIENTED_EDGE('',*,*,#4044,.T.);
#5550=ORIENTED_EDGE('',*,*,#4045,.F.);
#5551=ORIENTED_EDGE('',*,*,#4046,.F.);
#5552=ORIENTED_EDGE('',*,*,#4047,.T.);
#5553=ORIENTED_EDGE('',*,*,#3977,.T.);
#5554=ORIENTED_EDGE('',*,*,#3981,.F.);
#5555=ORIENTED_EDGE('',*,*,#3895,.F.);
#5556=ORIENTED_EDGE('',*,*,#4048,.F.);
#5557=ORIENTED_EDGE('',*,*,#4049,.T.);
#5558=ORIENTED_EDGE('',*,*,#4050,.T.);
#5559=ORIENTED_EDGE('',*,*,#4051,.T.);
#5560=ORIENTED_EDGE('',*,*,#4052,.T.);
#5561=ORIENTED_EDGE('',*,*,#3876,.F.);
#5562=ORIENTED_EDGE('',*,*,#3897,.F.);
#5563=ORIENTED_EDGE('',*,*,#3563,.F.);
#5564=ORIENTED_EDGE('',*,*,#4007,.F.);
#5565=ORIENTED_EDGE('',*,*,#3896,.F.);
#5566=ORIENTED_EDGE('',*,*,#4050,.F.);
#5567=ORIENTED_EDGE('',*,*,#4053,.T.);
#5568=ORIENTED_EDGE('',*,*,#4054,.F.);
#5569=ORIENTED_EDGE('',*,*,#4055,.T.);
#5570=ORIENTED_EDGE('',*,*,#4056,.F.);
#5571=ORIENTED_EDGE('',*,*,#4057,.T.);
#5572=ORIENTED_EDGE('',*,*,#4058,.T.);
#5573=ORIENTED_EDGE('',*,*,#4051,.F.);
#5574=ORIENTED_EDGE('',*,*,#4059,.F.);
#5575=ORIENTED_EDGE('',*,*,#3877,.F.);
#5576=ORIENTED_EDGE('',*,*,#4052,.F.);
#5577=ORIENTED_EDGE('',*,*,#4058,.F.);
#5578=ORIENTED_EDGE('',*,*,#4060,.T.);
#5579=ORIENTED_EDGE('',*,*,#4061,.T.);
#5580=ORIENTED_EDGE('',*,*,#4054,.T.);
#5581=ORIENTED_EDGE('',*,*,#4062,.F.);
#5582=ORIENTED_EDGE('',*,*,#4063,.F.);
#5583=ORIENTED_EDGE('',*,*,#4064,.T.);
#5584=ORIENTED_EDGE('',*,*,#4065,.T.);
#5585=ORIENTED_EDGE('',*,*,#4055,.F.);
#5586=ORIENTED_EDGE('',*,*,#4061,.F.);
#5587=ORIENTED_EDGE('',*,*,#4066,.T.);
#5588=ORIENTED_EDGE('',*,*,#4064,.F.);
#5589=ORIENTED_EDGE('',*,*,#4063,.T.);
#5590=ORIENTED_EDGE('',*,*,#4067,.F.);
#5591=ORIENTED_EDGE('',*,*,#4048,.T.);
#5592=ORIENTED_EDGE('',*,*,#3894,.T.);
#5593=ORIENTED_EDGE('',*,*,#3905,.T.);
#5594=ORIENTED_EDGE('',*,*,#3603,.T.);
#5595=ORIENTED_EDGE('',*,*,#4006,.T.);
#5596=ORIENTED_EDGE('',*,*,#3878,.T.);
#5597=ORIENTED_EDGE('',*,*,#4060,.F.);
#5598=ORIENTED_EDGE('',*,*,#4057,.F.);
#5599=ORIENTED_EDGE('',*,*,#4065,.F.);
#5600=ORIENTED_EDGE('',*,*,#4066,.F.);
#5601=ORIENTED_EDGE('',*,*,#4059,.T.);
#5602=ORIENTED_EDGE('',*,*,#4056,.T.);
#5603=ORIENTED_EDGE('',*,*,#4067,.T.);
#5604=ORIENTED_EDGE('',*,*,#4062,.T.);
#5605=ORIENTED_EDGE('',*,*,#4053,.F.);
#5606=ORIENTED_EDGE('',*,*,#4049,.F.);
#5607=ORIENTED_EDGE('',*,*,#3612,.F.);
#5608=ORIENTED_EDGE('',*,*,#3923,.F.);
#5609=ORIENTED_EDGE('',*,*,#3465,.F.);
#5610=ORIENTED_EDGE('',*,*,#3599,.T.);
#5611=ORIENTED_EDGE('',*,*,#3890,.F.);
#5612=ORIENTED_EDGE('',*,*,#3623,.T.);
#5613=ORIENTED_EDGE('',*,*,#3902,.F.);
#5614=ORIENTED_EDGE('',*,*,#3925,.F.);
#5615=ORIENTED_EDGE('',*,*,#3900,.T.);
#5616=ORIENTED_EDGE('',*,*,#3614,.F.);
#5617=ORIENTED_EDGE('',*,*,#3889,.T.);
#5618=ORIENTED_EDGE('',*,*,#3595,.F.);
#5619=ORIENTED_EDGE('',*,*,#3475,.F.);
#5620=ORIENTED_EDGE('',*,*,#3969,.F.);
#5621=ORIENTED_EDGE('',*,*,#4068,.F.);
#5622=ORIENTED_EDGE('',*,*,#4069,.F.);
#5623=ORIENTED_EDGE('',*,*,#4070,.T.);
#5624=ORIENTED_EDGE('',*,*,#4071,.T.);
#5625=ORIENTED_EDGE('',*,*,#4072,.T.);
#5626=ORIENTED_EDGE('',*,*,#4073,.T.);
#5627=ORIENTED_EDGE('',*,*,#4074,.F.);
#5628=ORIENTED_EDGE('',*,*,#4075,.F.);
#5629=ORIENTED_EDGE('',*,*,#4076,.F.);
#5630=ORIENTED_EDGE('',*,*,#4042,.T.);
#5631=ORIENTED_EDGE('',*,*,#4077,.T.);
#5632=ORIENTED_EDGE('',*,*,#4073,.F.);
#5633=ORIENTED_EDGE('',*,*,#4045,.T.);
#5634=ORIENTED_EDGE('',*,*,#4078,.F.);
#5635=ORIENTED_EDGE('',*,*,#4079,.T.);
#5636=ORIENTED_EDGE('',*,*,#4071,.F.);
#5637=ORIENTED_EDGE('',*,*,#4080,.T.);
#5638=ORIENTED_EDGE('',*,*,#4081,.T.);
#5639=ORIENTED_EDGE('',*,*,#4082,.T.);
#5640=ORIENTED_EDGE('',*,*,#4074,.T.);
#5641=ORIENTED_EDGE('',*,*,#4077,.F.);
#5642=ORIENTED_EDGE('',*,*,#4083,.T.);
#5643=ORIENTED_EDGE('',*,*,#4075,.T.);
#5644=ORIENTED_EDGE('',*,*,#4082,.F.);
#5645=ORIENTED_EDGE('',*,*,#4084,.F.);
#5646=ORIENTED_EDGE('',*,*,#4085,.F.);
#5647=ORIENTED_EDGE('',*,*,#4086,.T.);
#5648=ORIENTED_EDGE('',*,*,#4084,.T.);
#5649=ORIENTED_EDGE('',*,*,#4081,.F.);
#5650=ORIENTED_EDGE('',*,*,#4044,.F.);
#5651=ORIENTED_EDGE('',*,*,#4087,.F.);
#5652=ORIENTED_EDGE('',*,*,#4088,.T.);
#5653=ORIENTED_EDGE('',*,*,#4078,.T.);
#5654=ORIENTED_EDGE('',*,*,#4043,.F.);
#5655=ORIENTED_EDGE('',*,*,#4076,.T.);
#5656=ORIENTED_EDGE('',*,*,#4072,.F.);
#5657=ORIENTED_EDGE('',*,*,#4083,.F.);
#5658=ORIENTED_EDGE('',*,*,#4086,.F.);
#5659=ORIENTED_EDGE('',*,*,#4089,.F.);
#5660=ORIENTED_EDGE('',*,*,#4069,.T.);
#5661=ORIENTED_EDGE('',*,*,#4090,.F.);
#5662=ORIENTED_EDGE('',*,*,#4087,.T.);
#5663=ORIENTED_EDGE('',*,*,#4068,.T.);
#5664=ORIENTED_EDGE('',*,*,#4079,.F.);
#5665=ORIENTED_EDGE('',*,*,#4088,.F.);
#5666=ORIENTED_EDGE('',*,*,#4090,.T.);
#5667=ORIENTED_EDGE('',*,*,#4085,.T.);
#5668=ORIENTED_EDGE('',*,*,#4080,.F.);
#5669=ORIENTED_EDGE('',*,*,#4070,.F.);
#5670=ORIENTED_EDGE('',*,*,#4089,.T.);
#5671=ORIENTED_EDGE('',*,*,#4091,.T.);
#5672=ORIENTED_EDGE('',*,*,#4036,.T.);
#5673=ORIENTED_EDGE('',*,*,#3983,.F.);
#5674=ORIENTED_EDGE('',*,*,#4092,.F.);
#5675=ORIENTED_EDGE('',*,*,#4093,.T.);
#5676=ORIENTED_EDGE('',*,*,#4094,.T.);
#5677=ORIENTED_EDGE('',*,*,#4095,.T.);
#5678=ORIENTED_EDGE('',*,*,#4096,.T.);
#5679=ORIENTED_EDGE('',*,*,#4008,.T.);
#5680=ORIENTED_EDGE('',*,*,#4012,.F.);
#5681=ORIENTED_EDGE('',*,*,#4030,.F.);
#5682=ORIENTED_EDGE('',*,*,#4020,.T.);
#5683=ORIENTED_EDGE('',*,*,#4097,.T.);
#5684=ORIENTED_EDGE('',*,*,#3972,.F.);
#5685=ORIENTED_EDGE('',*,*,#3884,.T.);
#5686=ORIENTED_EDGE('',*,*,#3971,.T.);
#5687=ORIENTED_EDGE('',*,*,#3924,.F.);
#5688=ORIENTED_EDGE('',*,*,#3610,.F.);
#5689=ORIENTED_EDGE('',*,*,#3617,.T.);
#5690=ORIENTED_EDGE('',*,*,#3626,.T.);
#5691=ORIENTED_EDGE('',*,*,#4098,.T.);
#5692=ORIENTED_EDGE('',*,*,#4099,.T.);
#5693=ORIENTED_EDGE('',*,*,#3954,.T.);
#5694=ORIENTED_EDGE('',*,*,#4100,.F.);
#5695=ORIENTED_EDGE('',*,*,#3950,.T.);
#5696=ORIENTED_EDGE('',*,*,#4101,.F.);
#5697=ORIENTED_EDGE('',*,*,#4102,.T.);
#5698=ORIENTED_EDGE('',*,*,#4103,.T.);
#5699=ORIENTED_EDGE('',*,*,#4104,.F.);
#5700=ORIENTED_EDGE('',*,*,#4105,.T.);
#5701=ORIENTED_EDGE('',*,*,#4106,.F.);
#5702=ORIENTED_EDGE('',*,*,#4107,.F.);
#5703=ORIENTED_EDGE('',*,*,#4108,.F.);
#5704=ORIENTED_EDGE('',*,*,#4109,.T.);
#5705=ORIENTED_EDGE('',*,*,#4110,.F.);
#5706=ORIENTED_EDGE('',*,*,#4100,.T.);
#5707=ORIENTED_EDGE('',*,*,#3953,.F.);
#5708=ORIENTED_EDGE('',*,*,#4111,.T.);
#5709=ORIENTED_EDGE('',*,*,#4112,.F.);
#5710=ORIENTED_EDGE('',*,*,#4113,.F.);
#5711=ORIENTED_EDGE('',*,*,#4104,.T.);
#5712=ORIENTED_EDGE('',*,*,#4102,.F.);
#5713=ORIENTED_EDGE('',*,*,#4114,.T.);
#5714=ORIENTED_EDGE('',*,*,#4115,.T.);
#5715=ORIENTED_EDGE('',*,*,#4116,.F.);
#5716=ORIENTED_EDGE('',*,*,#3949,.F.);
#5717=ORIENTED_EDGE('',*,*,#4117,.F.);
#5718=ORIENTED_EDGE('',*,*,#4114,.F.);
#5719=ORIENTED_EDGE('',*,*,#4101,.T.);
#5720=ORIENTED_EDGE('',*,*,#4118,.T.);
#5721=ORIENTED_EDGE('',*,*,#4111,.F.);
#5722=ORIENTED_EDGE('',*,*,#4103,.F.);
#5723=ORIENTED_EDGE('',*,*,#4116,.T.);
#5724=ORIENTED_EDGE('',*,*,#4119,.F.);
#5725=ORIENTED_EDGE('',*,*,#4105,.F.);
#5726=ORIENTED_EDGE('',*,*,#4113,.T.);
#5727=ORIENTED_EDGE('',*,*,#4120,.T.);
#5728=ORIENTED_EDGE('',*,*,#4121,.F.);
#5729=ORIENTED_EDGE('',*,*,#4108,.T.);
#5730=ORIENTED_EDGE('',*,*,#4122,.T.);
#5731=ORIENTED_EDGE('',*,*,#4123,.F.);
#5732=ORIENTED_EDGE('',*,*,#4119,.T.);
#5733=ORIENTED_EDGE('',*,*,#4124,.F.);
#5734=ORIENTED_EDGE('',*,*,#4125,.F.);
#5735=ORIENTED_EDGE('',*,*,#4106,.T.);
#5736=ORIENTED_EDGE('',*,*,#4107,.T.);
#5737=ORIENTED_EDGE('',*,*,#4125,.T.);
#5738=ORIENTED_EDGE('',*,*,#4126,.F.);
#5739=ORIENTED_EDGE('',*,*,#4122,.F.);
#5740=ORIENTED_EDGE('',*,*,#3948,.F.);
#5741=ORIENTED_EDGE('',*,*,#3955,.T.);
#5742=ORIENTED_EDGE('',*,*,#4099,.F.);
#5743=ORIENTED_EDGE('',*,*,#4127,.T.);
#5744=ORIENTED_EDGE('',*,*,#4128,.F.);
#5745=ORIENTED_EDGE('',*,*,#4123,.T.);
#5746=ORIENTED_EDGE('',*,*,#4126,.T.);
#5747=ORIENTED_EDGE('',*,*,#4124,.T.);
#5748=ORIENTED_EDGE('',*,*,#4120,.F.);
#5749=ORIENTED_EDGE('',*,*,#4112,.T.);
#5750=ORIENTED_EDGE('',*,*,#4118,.F.);
#5751=ORIENTED_EDGE('',*,*,#4115,.F.);
#5752=ORIENTED_EDGE('',*,*,#4117,.T.);
#5753=ORIENTED_EDGE('',*,*,#4098,.F.);
#5754=ORIENTED_EDGE('',*,*,#4110,.T.);
#5755=ORIENTED_EDGE('',*,*,#4129,.T.);
#5756=ORIENTED_EDGE('',*,*,#4127,.F.);
#5757=ORIENTED_EDGE('',*,*,#4121,.T.);
#5758=ORIENTED_EDGE('',*,*,#4128,.T.);
#5759=ORIENTED_EDGE('',*,*,#4129,.F.);
#5760=ORIENTED_EDGE('',*,*,#4109,.F.);
#5761=ORIENTED_EDGE('',*,*,#4130,.T.);
#5762=ORIENTED_EDGE('',*,*,#4131,.T.);
#5763=ORIENTED_EDGE('',*,*,#3957,.T.);
#5764=ORIENTED_EDGE('',*,*,#4132,.F.);
#5765=ORIENTED_EDGE('',*,*,#3946,.T.);
#5766=ORIENTED_EDGE('',*,*,#4133,.F.);
#5767=ORIENTED_EDGE('',*,*,#4134,.T.);
#5768=ORIENTED_EDGE('',*,*,#4135,.T.);
#5769=ORIENTED_EDGE('',*,*,#4136,.F.);
#5770=ORIENTED_EDGE('',*,*,#4137,.T.);
#5771=ORIENTED_EDGE('',*,*,#4138,.F.);
#5772=ORIENTED_EDGE('',*,*,#4139,.F.);
#5773=ORIENTED_EDGE('',*,*,#4140,.F.);
#5774=ORIENTED_EDGE('',*,*,#4141,.T.);
#5775=ORIENTED_EDGE('',*,*,#4142,.F.);
#5776=ORIENTED_EDGE('',*,*,#4132,.T.);
#5777=ORIENTED_EDGE('',*,*,#3956,.F.);
#5778=ORIENTED_EDGE('',*,*,#4143,.T.);
#5779=ORIENTED_EDGE('',*,*,#4144,.F.);
#5780=ORIENTED_EDGE('',*,*,#4145,.F.);
#5781=ORIENTED_EDGE('',*,*,#4136,.T.);
#5782=ORIENTED_EDGE('',*,*,#4134,.F.);
#5783=ORIENTED_EDGE('',*,*,#4146,.T.);
#5784=ORIENTED_EDGE('',*,*,#4147,.T.);
#5785=ORIENTED_EDGE('',*,*,#4148,.F.);
#5786=ORIENTED_EDGE('',*,*,#3945,.F.);
#5787=ORIENTED_EDGE('',*,*,#4149,.F.);
#5788=ORIENTED_EDGE('',*,*,#4146,.F.);
#5789=ORIENTED_EDGE('',*,*,#4133,.T.);
#5790=ORIENTED_EDGE('',*,*,#4150,.T.);
#5791=ORIENTED_EDGE('',*,*,#4143,.F.);
#5792=ORIENTED_EDGE('',*,*,#4135,.F.);
#5793=ORIENTED_EDGE('',*,*,#4148,.T.);
#5794=ORIENTED_EDGE('',*,*,#4151,.F.);
#5795=ORIENTED_EDGE('',*,*,#4137,.F.);
#5796=ORIENTED_EDGE('',*,*,#4145,.T.);
#5797=ORIENTED_EDGE('',*,*,#4152,.T.);
#5798=ORIENTED_EDGE('',*,*,#4153,.F.);
#5799=ORIENTED_EDGE('',*,*,#4140,.T.);
#5800=ORIENTED_EDGE('',*,*,#4154,.T.);
#5801=ORIENTED_EDGE('',*,*,#4155,.F.);
#5802=ORIENTED_EDGE('',*,*,#4151,.T.);
#5803=ORIENTED_EDGE('',*,*,#4156,.F.);
#5804=ORIENTED_EDGE('',*,*,#4157,.F.);
#5805=ORIENTED_EDGE('',*,*,#4138,.T.);
#5806=ORIENTED_EDGE('',*,*,#4139,.T.);
#5807=ORIENTED_EDGE('',*,*,#4157,.T.);
#5808=ORIENTED_EDGE('',*,*,#4158,.F.);
#5809=ORIENTED_EDGE('',*,*,#4154,.F.);
#5810=ORIENTED_EDGE('',*,*,#3944,.F.);
#5811=ORIENTED_EDGE('',*,*,#3958,.T.);
#5812=ORIENTED_EDGE('',*,*,#4131,.F.);
#5813=ORIENTED_EDGE('',*,*,#4159,.T.);
#5814=ORIENTED_EDGE('',*,*,#4160,.F.);
#5815=ORIENTED_EDGE('',*,*,#4155,.T.);
#5816=ORIENTED_EDGE('',*,*,#4158,.T.);
#5817=ORIENTED_EDGE('',*,*,#4156,.T.);
#5818=ORIENTED_EDGE('',*,*,#4152,.F.);
#5819=ORIENTED_EDGE('',*,*,#4144,.T.);
#5820=ORIENTED_EDGE('',*,*,#4150,.F.);
#5821=ORIENTED_EDGE('',*,*,#4147,.F.);
#5822=ORIENTED_EDGE('',*,*,#4149,.T.);
#5823=ORIENTED_EDGE('',*,*,#4130,.F.);
#5824=ORIENTED_EDGE('',*,*,#4142,.T.);
#5825=ORIENTED_EDGE('',*,*,#4161,.T.);
#5826=ORIENTED_EDGE('',*,*,#4159,.F.);
#5827=ORIENTED_EDGE('',*,*,#4153,.T.);
#5828=ORIENTED_EDGE('',*,*,#4160,.T.);
#5829=ORIENTED_EDGE('',*,*,#4161,.F.);
#5830=ORIENTED_EDGE('',*,*,#4141,.F.);
#5831=ORIENTED_EDGE('',*,*,#4162,.T.);
#5832=ORIENTED_EDGE('',*,*,#4163,.T.);
#5833=ORIENTED_EDGE('',*,*,#3960,.T.);
#5834=ORIENTED_EDGE('',*,*,#4164,.F.);
#5835=ORIENTED_EDGE('',*,*,#3942,.T.);
#5836=ORIENTED_EDGE('',*,*,#4165,.F.);
#5837=ORIENTED_EDGE('',*,*,#4166,.T.);
#5838=ORIENTED_EDGE('',*,*,#4167,.T.);
#5839=ORIENTED_EDGE('',*,*,#4168,.F.);
#5840=ORIENTED_EDGE('',*,*,#4169,.T.);
#5841=ORIENTED_EDGE('',*,*,#4170,.F.);
#5842=ORIENTED_EDGE('',*,*,#4171,.F.);
#5843=ORIENTED_EDGE('',*,*,#4172,.F.);
#5844=ORIENTED_EDGE('',*,*,#4173,.T.);
#5845=ORIENTED_EDGE('',*,*,#4174,.F.);
#5846=ORIENTED_EDGE('',*,*,#4164,.T.);
#5847=ORIENTED_EDGE('',*,*,#3959,.F.);
#5848=ORIENTED_EDGE('',*,*,#4175,.T.);
#5849=ORIENTED_EDGE('',*,*,#4176,.F.);
#5850=ORIENTED_EDGE('',*,*,#4177,.F.);
#5851=ORIENTED_EDGE('',*,*,#4168,.T.);
#5852=ORIENTED_EDGE('',*,*,#4166,.F.);
#5853=ORIENTED_EDGE('',*,*,#4178,.T.);
#5854=ORIENTED_EDGE('',*,*,#4179,.T.);
#5855=ORIENTED_EDGE('',*,*,#4180,.F.);
#5856=ORIENTED_EDGE('',*,*,#3941,.F.);
#5857=ORIENTED_EDGE('',*,*,#4181,.F.);
#5858=ORIENTED_EDGE('',*,*,#4178,.F.);
#5859=ORIENTED_EDGE('',*,*,#4165,.T.);
#5860=ORIENTED_EDGE('',*,*,#4182,.T.);
#5861=ORIENTED_EDGE('',*,*,#4175,.F.);
#5862=ORIENTED_EDGE('',*,*,#4167,.F.);
#5863=ORIENTED_EDGE('',*,*,#4180,.T.);
#5864=ORIENTED_EDGE('',*,*,#4183,.F.);
#5865=ORIENTED_EDGE('',*,*,#4169,.F.);
#5866=ORIENTED_EDGE('',*,*,#4177,.T.);
#5867=ORIENTED_EDGE('',*,*,#4184,.T.);
#5868=ORIENTED_EDGE('',*,*,#4185,.F.);
#5869=ORIENTED_EDGE('',*,*,#4172,.T.);
#5870=ORIENTED_EDGE('',*,*,#4186,.T.);
#5871=ORIENTED_EDGE('',*,*,#4187,.F.);
#5872=ORIENTED_EDGE('',*,*,#4183,.T.);
#5873=ORIENTED_EDGE('',*,*,#4188,.F.);
#5874=ORIENTED_EDGE('',*,*,#4189,.F.);
#5875=ORIENTED_EDGE('',*,*,#4170,.T.);
#5876=ORIENTED_EDGE('',*,*,#4171,.T.);
#5877=ORIENTED_EDGE('',*,*,#4189,.T.);
#5878=ORIENTED_EDGE('',*,*,#4190,.F.);
#5879=ORIENTED_EDGE('',*,*,#4186,.F.);
#5880=ORIENTED_EDGE('',*,*,#3940,.F.);
#5881=ORIENTED_EDGE('',*,*,#3961,.T.);
#5882=ORIENTED_EDGE('',*,*,#4163,.F.);
#5883=ORIENTED_EDGE('',*,*,#4191,.T.);
#5884=ORIENTED_EDGE('',*,*,#4192,.F.);
#5885=ORIENTED_EDGE('',*,*,#4187,.T.);
#5886=ORIENTED_EDGE('',*,*,#4190,.T.);
#5887=ORIENTED_EDGE('',*,*,#4188,.T.);
#5888=ORIENTED_EDGE('',*,*,#4184,.F.);
#5889=ORIENTED_EDGE('',*,*,#4176,.T.);
#5890=ORIENTED_EDGE('',*,*,#4182,.F.);
#5891=ORIENTED_EDGE('',*,*,#4179,.F.);
#5892=ORIENTED_EDGE('',*,*,#4181,.T.);
#5893=ORIENTED_EDGE('',*,*,#4162,.F.);
#5894=ORIENTED_EDGE('',*,*,#4174,.T.);
#5895=ORIENTED_EDGE('',*,*,#4193,.T.);
#5896=ORIENTED_EDGE('',*,*,#4191,.F.);
#5897=ORIENTED_EDGE('',*,*,#4185,.T.);
#5898=ORIENTED_EDGE('',*,*,#4192,.T.);
#5899=ORIENTED_EDGE('',*,*,#4193,.F.);
#5900=ORIENTED_EDGE('',*,*,#4173,.F.);
#5901=ORIENTED_EDGE('',*,*,#4194,.T.);
#5902=ORIENTED_EDGE('',*,*,#4195,.T.);
#5903=ORIENTED_EDGE('',*,*,#3963,.T.);
#5904=ORIENTED_EDGE('',*,*,#4196,.F.);
#5905=ORIENTED_EDGE('',*,*,#3938,.T.);
#5906=ORIENTED_EDGE('',*,*,#4197,.F.);
#5907=ORIENTED_EDGE('',*,*,#4198,.T.);
#5908=ORIENTED_EDGE('',*,*,#4199,.T.);
#5909=ORIENTED_EDGE('',*,*,#4200,.F.);
#5910=ORIENTED_EDGE('',*,*,#4201,.T.);
#5911=ORIENTED_EDGE('',*,*,#4202,.F.);
#5912=ORIENTED_EDGE('',*,*,#4203,.F.);
#5913=ORIENTED_EDGE('',*,*,#4204,.F.);
#5914=ORIENTED_EDGE('',*,*,#4205,.T.);
#5915=ORIENTED_EDGE('',*,*,#4206,.F.);
#5916=ORIENTED_EDGE('',*,*,#4196,.T.);
#5917=ORIENTED_EDGE('',*,*,#3962,.F.);
#5918=ORIENTED_EDGE('',*,*,#4207,.T.);
#5919=ORIENTED_EDGE('',*,*,#4208,.F.);
#5920=ORIENTED_EDGE('',*,*,#4209,.F.);
#5921=ORIENTED_EDGE('',*,*,#4200,.T.);
#5922=ORIENTED_EDGE('',*,*,#4198,.F.);
#5923=ORIENTED_EDGE('',*,*,#4210,.T.);
#5924=ORIENTED_EDGE('',*,*,#4211,.T.);
#5925=ORIENTED_EDGE('',*,*,#4212,.F.);
#5926=ORIENTED_EDGE('',*,*,#3937,.F.);
#5927=ORIENTED_EDGE('',*,*,#4213,.F.);
#5928=ORIENTED_EDGE('',*,*,#4210,.F.);
#5929=ORIENTED_EDGE('',*,*,#4197,.T.);
#5930=ORIENTED_EDGE('',*,*,#4214,.T.);
#5931=ORIENTED_EDGE('',*,*,#4207,.F.);
#5932=ORIENTED_EDGE('',*,*,#4199,.F.);
#5933=ORIENTED_EDGE('',*,*,#4212,.T.);
#5934=ORIENTED_EDGE('',*,*,#4215,.F.);
#5935=ORIENTED_EDGE('',*,*,#4201,.F.);
#5936=ORIENTED_EDGE('',*,*,#4209,.T.);
#5937=ORIENTED_EDGE('',*,*,#4216,.T.);
#5938=ORIENTED_EDGE('',*,*,#4217,.F.);
#5939=ORIENTED_EDGE('',*,*,#4204,.T.);
#5940=ORIENTED_EDGE('',*,*,#4218,.T.);
#5941=ORIENTED_EDGE('',*,*,#4219,.F.);
#5942=ORIENTED_EDGE('',*,*,#4215,.T.);
#5943=ORIENTED_EDGE('',*,*,#4220,.F.);
#5944=ORIENTED_EDGE('',*,*,#4221,.F.);
#5945=ORIENTED_EDGE('',*,*,#4202,.T.);
#5946=ORIENTED_EDGE('',*,*,#4203,.T.);
#5947=ORIENTED_EDGE('',*,*,#4221,.T.);
#5948=ORIENTED_EDGE('',*,*,#4222,.F.);
#5949=ORIENTED_EDGE('',*,*,#4218,.F.);
#5950=ORIENTED_EDGE('',*,*,#3936,.F.);
#5951=ORIENTED_EDGE('',*,*,#3964,.T.);
#5952=ORIENTED_EDGE('',*,*,#4195,.F.);
#5953=ORIENTED_EDGE('',*,*,#4223,.T.);
#5954=ORIENTED_EDGE('',*,*,#4224,.F.);
#5955=ORIENTED_EDGE('',*,*,#4219,.T.);
#5956=ORIENTED_EDGE('',*,*,#4222,.T.);
#5957=ORIENTED_EDGE('',*,*,#4220,.T.);
#5958=ORIENTED_EDGE('',*,*,#4216,.F.);
#5959=ORIENTED_EDGE('',*,*,#4208,.T.);
#5960=ORIENTED_EDGE('',*,*,#4214,.F.);
#5961=ORIENTED_EDGE('',*,*,#4211,.F.);
#5962=ORIENTED_EDGE('',*,*,#4213,.T.);
#5963=ORIENTED_EDGE('',*,*,#4194,.F.);
#5964=ORIENTED_EDGE('',*,*,#4206,.T.);
#5965=ORIENTED_EDGE('',*,*,#4225,.T.);
#5966=ORIENTED_EDGE('',*,*,#4223,.F.);
#5967=ORIENTED_EDGE('',*,*,#4217,.T.);
#5968=ORIENTED_EDGE('',*,*,#4224,.T.);
#5969=ORIENTED_EDGE('',*,*,#4225,.F.);
#5970=ORIENTED_EDGE('',*,*,#4205,.F.);
#5971=ORIENTED_EDGE('',*,*,#4046,.T.);
#5972=ORIENTED_EDGE('',*,*,#3980,.T.);
#5973=ORIENTED_EDGE('',*,*,#3966,.T.);
#5974=ORIENTED_EDGE('',*,*,#4226,.F.);
#5975=ORIENTED_EDGE('',*,*,#3934,.T.);
#5976=ORIENTED_EDGE('',*,*,#4227,.F.);
#5977=ORIENTED_EDGE('',*,*,#4228,.T.);
#5978=ORIENTED_EDGE('',*,*,#4229,.T.);
#5979=ORIENTED_EDGE('',*,*,#4230,.F.);
#5980=ORIENTED_EDGE('',*,*,#4231,.T.);
#5981=ORIENTED_EDGE('',*,*,#4037,.F.);
#5982=ORIENTED_EDGE('',*,*,#4091,.F.);
#5983=ORIENTED_EDGE('',*,*,#4232,.F.);
#5984=ORIENTED_EDGE('',*,*,#3978,.T.);
#5985=ORIENTED_EDGE('',*,*,#4047,.F.);
#5986=ORIENTED_EDGE('',*,*,#4226,.T.);
#5987=ORIENTED_EDGE('',*,*,#3965,.F.);
#5988=ORIENTED_EDGE('',*,*,#4233,.T.);
#5989=ORIENTED_EDGE('',*,*,#3986,.F.);
#5990=ORIENTED_EDGE('',*,*,#4234,.F.);
#5991=ORIENTED_EDGE('',*,*,#4230,.T.);
#5992=ORIENTED_EDGE('',*,*,#4228,.F.);
#5993=ORIENTED_EDGE('',*,*,#4235,.T.);
#5994=ORIENTED_EDGE('',*,*,#3988,.T.);
#5995=ORIENTED_EDGE('',*,*,#4236,.F.);
#5996=ORIENTED_EDGE('',*,*,#3933,.F.);
#5997=ORIENTED_EDGE('',*,*,#3989,.F.);
#5998=ORIENTED_EDGE('',*,*,#4235,.F.);
#5999=ORIENTED_EDGE('',*,*,#4227,.T.);
#6000=ORIENTED_EDGE('',*,*,#3987,.T.);
#6001=ORIENTED_EDGE('',*,*,#4233,.F.);
#6002=ORIENTED_EDGE('',*,*,#4229,.F.);
#6003=ORIENTED_EDGE('',*,*,#4236,.T.);
#6004=ORIENTED_EDGE('',*,*,#4035,.F.);
#6005=ORIENTED_EDGE('',*,*,#4231,.F.);
#6006=ORIENTED_EDGE('',*,*,#4234,.T.);
#6007=ORIENTED_EDGE('',*,*,#3985,.T.);
#6008=ORIENTED_EDGE('',*,*,#3975,.F.);
#6009=ORIENTED_EDGE('',*,*,#4232,.T.);
#6010=ORIENTED_EDGE('',*,*,#4092,.T.);
#6011=ORIENTED_EDGE('',*,*,#3982,.F.);
#6012=ORIENTED_EDGE('',*,*,#4237,.F.);
#6013=ORIENTED_EDGE('',*,*,#4238,.F.);
#6014=ORIENTED_EDGE('',*,*,#3597,.F.);
#6015=ORIENTED_EDGE('',*,*,#4239,.T.);
#6016=ORIENTED_EDGE('',*,*,#4240,.F.);
#6017=ORIENTED_EDGE('',*,*,#4241,.T.);
#6018=ORIENTED_EDGE('',*,*,#4242,.F.);
#6019=ORIENTED_EDGE('',*,*,#4237,.T.);
#6020=ORIENTED_EDGE('',*,*,#4243,.T.);
#6021=ORIENTED_EDGE('',*,*,#4244,.T.);
#6022=ORIENTED_EDGE('',*,*,#4245,.F.);
#6023=ORIENTED_EDGE('',*,*,#3887,.F.);
#6024=ORIENTED_EDGE('',*,*,#4246,.T.);
#6025=ORIENTED_EDGE('',*,*,#4247,.F.);
#6026=ORIENTED_EDGE('',*,*,#4245,.T.);
#6027=ORIENTED_EDGE('',*,*,#4248,.T.);
#6028=ORIENTED_EDGE('',*,*,#4249,.F.);
#6029=ORIENTED_EDGE('',*,*,#4250,.T.);
#6030=ORIENTED_EDGE('',*,*,#4243,.F.);
#6031=ORIENTED_EDGE('',*,*,#4239,.F.);
#6032=ORIENTED_EDGE('',*,*,#3888,.F.);
#6033=ORIENTED_EDGE('',*,*,#4251,.F.);
#6034=ORIENTED_EDGE('',*,*,#4252,.F.);
#6035=ORIENTED_EDGE('',*,*,#3866,.T.);
#6036=ORIENTED_EDGE('',*,*,#3839,.T.);
#6037=ORIENTED_EDGE('',*,*,#4253,.T.);
#6038=ORIENTED_EDGE('',*,*,#3833,.F.);
#6039=ORIENTED_EDGE('',*,*,#4254,.F.);
#6040=ORIENTED_EDGE('',*,*,#4255,.F.);
#6041=ORIENTED_EDGE('',*,*,#4256,.T.);
#6042=ORIENTED_EDGE('',*,*,#4257,.T.);
#6043=ORIENTED_EDGE('',*,*,#4258,.T.);
#6044=ORIENTED_EDGE('',*,*,#3973,.F.);
#6045=ORIENTED_EDGE('',*,*,#4097,.F.);
#6046=ORIENTED_EDGE('',*,*,#3970,.T.);
#6047=ORIENTED_EDGE('',*,*,#3874,.T.);
#6048=ORIENTED_EDGE('',*,*,#4259,.T.);
#6049=ORIENTED_EDGE('',*,*,#3675,.T.);
#6050=ORIENTED_EDGE('',*,*,#4260,.T.);
#6051=ORIENTED_EDGE('',*,*,#3634,.F.);
#6052=ORIENTED_EDGE('',*,*,#3672,.F.);
#6053=ORIENTED_EDGE('',*,*,#3861,.T.);
#6054=ORIENTED_EDGE('',*,*,#3979,.T.);
#6055=ORIENTED_EDGE('',*,*,#3577,.F.);
#6056=ORIENTED_EDGE('',*,*,#3856,.F.);
#6057=ORIENTED_EDGE('',*,*,#4261,.F.);
#6058=ORIENTED_EDGE('',*,*,#4262,.F.);
#6059=ORIENTED_EDGE('',*,*,#4263,.F.);
#6060=ORIENTED_EDGE('',*,*,#4264,.F.);
#6061=ORIENTED_EDGE('',*,*,#3522,.T.);
#6062=ORIENTED_EDGE('',*,*,#4265,.T.);
#6063=ORIENTED_EDGE('',*,*,#3678,.F.);
#6064=ORIENTED_EDGE('',*,*,#4266,.T.);
#6065=ORIENTED_EDGE('',*,*,#4267,.T.);
#6066=ORIENTED_EDGE('',*,*,#4268,.F.);
#6067=ORIENTED_EDGE('',*,*,#3832,.T.);
#6068=ORIENTED_EDGE('',*,*,#3865,.F.);
#6069=ORIENTED_EDGE('',*,*,#4269,.F.);
#6070=ORIENTED_EDGE('',*,*,#4254,.T.);
#6071=ORIENTED_EDGE('',*,*,#4270,.T.);
#6072=ORIENTED_EDGE('',*,*,#3862,.F.);
#6073=ORIENTED_EDGE('',*,*,#4262,.T.);
#6074=ORIENTED_EDGE('',*,*,#4271,.T.);
#6075=ORIENTED_EDGE('',*,*,#4272,.F.);
#6076=ORIENTED_EDGE('',*,*,#4273,.F.);
#6077=ORIENTED_EDGE('',*,*,#4274,.T.);
#6078=ORIENTED_EDGE('',*,*,#4257,.F.);
#6079=ORIENTED_EDGE('',*,*,#4275,.F.);
#6080=ORIENTED_EDGE('',*,*,#4276,.F.);
#6081=ORIENTED_EDGE('',*,*,#4277,.F.);
#6082=ORIENTED_EDGE('',*,*,#4278,.F.);
#6083=ORIENTED_EDGE('',*,*,#4279,.F.);
#6084=ORIENTED_EDGE('',*,*,#4280,.F.);
#6085=ORIENTED_EDGE('',*,*,#4281,.F.);
#6086=ORIENTED_EDGE('',*,*,#4282,.F.);
#6087=ORIENTED_EDGE('',*,*,#4283,.F.);
#6088=ORIENTED_EDGE('',*,*,#4284,.F.);
#6089=ORIENTED_EDGE('',*,*,#4285,.F.);
#6090=ORIENTED_EDGE('',*,*,#4286,.F.);
#6091=ORIENTED_EDGE('',*,*,#4287,.T.);
#6092=ORIENTED_EDGE('',*,*,#4288,.F.);
#6093=ORIENTED_EDGE('',*,*,#4289,.F.);
#6094=ORIENTED_EDGE('',*,*,#4290,.F.);
#6095=ORIENTED_EDGE('',*,*,#4291,.F.);
#6096=ORIENTED_EDGE('',*,*,#4292,.T.);
#6097=ORIENTED_EDGE('',*,*,#4293,.F.);
#6098=ORIENTED_EDGE('',*,*,#4294,.F.);
#6099=ORIENTED_EDGE('',*,*,#4295,.F.);
#6100=ORIENTED_EDGE('',*,*,#4296,.T.);
#6101=ORIENTED_EDGE('',*,*,#4297,.F.);
#6102=ORIENTED_EDGE('',*,*,#4298,.F.);
#6103=ORIENTED_EDGE('',*,*,#4299,.T.);
#6104=ORIENTED_EDGE('',*,*,#4300,.F.);
#6105=ORIENTED_EDGE('',*,*,#4275,.T.);
#6106=ORIENTED_EDGE('',*,*,#4301,.F.);
#6107=ORIENTED_EDGE('',*,*,#4302,.F.);
#6108=ORIENTED_EDGE('',*,*,#4303,.T.);
#6109=ORIENTED_EDGE('',*,*,#4276,.T.);
#6110=ORIENTED_EDGE('',*,*,#4300,.T.);
#6111=ORIENTED_EDGE('',*,*,#4304,.F.);
#6112=ORIENTED_EDGE('',*,*,#4301,.T.);
#6113=ORIENTED_EDGE('',*,*,#4278,.T.);
#6114=ORIENTED_EDGE('',*,*,#4305,.F.);
#6115=ORIENTED_EDGE('',*,*,#4306,.F.);
#6116=ORIENTED_EDGE('',*,*,#4305,.T.);
#6117=ORIENTED_EDGE('',*,*,#4277,.T.);
#6118=ORIENTED_EDGE('',*,*,#4303,.F.);
#6119=ORIENTED_EDGE('',*,*,#4302,.T.);
#6120=ORIENTED_EDGE('',*,*,#4299,.F.);
#6121=ORIENTED_EDGE('',*,*,#4304,.T.);
#6122=ORIENTED_EDGE('',*,*,#4306,.T.);
#6123=ORIENTED_EDGE('',*,*,#4095,.F.);
#6124=ORIENTED_EDGE('',*,*,#4307,.F.);
#6125=ORIENTED_EDGE('',*,*,#4282,.T.);
#6126=ORIENTED_EDGE('',*,*,#4308,.T.);
#6127=ORIENTED_EDGE('',*,*,#4094,.F.);
#6128=ORIENTED_EDGE('',*,*,#4309,.F.);
#6129=ORIENTED_EDGE('',*,*,#4279,.T.);
#6130=ORIENTED_EDGE('',*,*,#4307,.T.);
#6131=ORIENTED_EDGE('',*,*,#4093,.F.);
#6132=ORIENTED_EDGE('',*,*,#4310,.F.);
#6133=ORIENTED_EDGE('',*,*,#4280,.T.);
#6134=ORIENTED_EDGE('',*,*,#4309,.T.);
#6135=ORIENTED_EDGE('',*,*,#4096,.F.);
#6136=ORIENTED_EDGE('',*,*,#4308,.F.);
#6137=ORIENTED_EDGE('',*,*,#4281,.T.);
#6138=ORIENTED_EDGE('',*,*,#4310,.T.);
#6139=ORIENTED_EDGE('',*,*,#4039,.F.);
#6140=ORIENTED_EDGE('',*,*,#4311,.F.);
#6141=ORIENTED_EDGE('',*,*,#4284,.T.);
#6142=ORIENTED_EDGE('',*,*,#4312,.T.);
#6143=ORIENTED_EDGE('',*,*,#4038,.F.);
#6144=ORIENTED_EDGE('',*,*,#4313,.F.);
#6145=ORIENTED_EDGE('',*,*,#4285,.T.);
#6146=ORIENTED_EDGE('',*,*,#4311,.T.);
#6147=ORIENTED_EDGE('',*,*,#4041,.F.);
#6148=ORIENTED_EDGE('',*,*,#4314,.F.);
#6149=ORIENTED_EDGE('',*,*,#4286,.T.);
#6150=ORIENTED_EDGE('',*,*,#4313,.T.);
#6151=ORIENTED_EDGE('',*,*,#4312,.F.);
#6152=ORIENTED_EDGE('',*,*,#4283,.T.);
#6153=ORIENTED_EDGE('',*,*,#4314,.T.);
#6154=ORIENTED_EDGE('',*,*,#4040,.F.);
#6155=ORIENTED_EDGE('',*,*,#4315,.T.);
#6156=ORIENTED_EDGE('',*,*,#4316,.T.);
#6157=ORIENTED_EDGE('',*,*,#4287,.F.);
#6158=ORIENTED_EDGE('',*,*,#4317,.F.);
#6159=ORIENTED_EDGE('',*,*,#4318,.F.);
#6160=ORIENTED_EDGE('',*,*,#4317,.T.);
#6161=ORIENTED_EDGE('',*,*,#4290,.T.);
#6162=ORIENTED_EDGE('',*,*,#4319,.F.);
#6163=ORIENTED_EDGE('',*,*,#4320,.F.);
#6164=ORIENTED_EDGE('',*,*,#4319,.T.);
#6165=ORIENTED_EDGE('',*,*,#4289,.T.);
#6166=ORIENTED_EDGE('',*,*,#4321,.F.);
#6167=ORIENTED_EDGE('',*,*,#4322,.F.);
#6168=ORIENTED_EDGE('',*,*,#4321,.T.);
#6169=ORIENTED_EDGE('',*,*,#4288,.T.);
#6170=ORIENTED_EDGE('',*,*,#4316,.F.);
#6171=ORIENTED_EDGE('',*,*,#4320,.T.);
#6172=ORIENTED_EDGE('',*,*,#4322,.T.);
#6173=ORIENTED_EDGE('',*,*,#4315,.F.);
#6174=ORIENTED_EDGE('',*,*,#4318,.T.);
#6175=ORIENTED_EDGE('',*,*,#4323,.F.);
#6176=ORIENTED_EDGE('',*,*,#4324,.T.);
#6177=ORIENTED_EDGE('',*,*,#4291,.T.);
#6178=ORIENTED_EDGE('',*,*,#4325,.F.);
#6179=ORIENTED_EDGE('',*,*,#4326,.F.);
#6180=ORIENTED_EDGE('',*,*,#4325,.T.);
#6181=ORIENTED_EDGE('',*,*,#4294,.T.);
#6182=ORIENTED_EDGE('',*,*,#4327,.F.);
#6183=ORIENTED_EDGE('',*,*,#4328,.F.);
#6184=ORIENTED_EDGE('',*,*,#4327,.T.);
#6185=ORIENTED_EDGE('',*,*,#4293,.T.);
#6186=ORIENTED_EDGE('',*,*,#4329,.F.);
#6187=ORIENTED_EDGE('',*,*,#4330,.T.);
#6188=ORIENTED_EDGE('',*,*,#4329,.T.);
#6189=ORIENTED_EDGE('',*,*,#4292,.F.);
#6190=ORIENTED_EDGE('',*,*,#4324,.F.);
#6191=ORIENTED_EDGE('',*,*,#4323,.T.);
#6192=ORIENTED_EDGE('',*,*,#4326,.T.);
#6193=ORIENTED_EDGE('',*,*,#4328,.T.);
#6194=ORIENTED_EDGE('',*,*,#4330,.F.);
#6195=ORIENTED_EDGE('',*,*,#4331,.F.);
#6196=ORIENTED_EDGE('',*,*,#4332,.T.);
#6197=ORIENTED_EDGE('',*,*,#4298,.T.);
#6198=ORIENTED_EDGE('',*,*,#4333,.F.);
#6199=ORIENTED_EDGE('',*,*,#4334,.T.);
#6200=ORIENTED_EDGE('',*,*,#4335,.T.);
#6201=ORIENTED_EDGE('',*,*,#4296,.F.);
#6202=ORIENTED_EDGE('',*,*,#4336,.F.);
#6203=ORIENTED_EDGE('',*,*,#4337,.F.);
#6204=ORIENTED_EDGE('',*,*,#4333,.T.);
#6205=ORIENTED_EDGE('',*,*,#4297,.T.);
#6206=ORIENTED_EDGE('',*,*,#4335,.F.);
#6207=ORIENTED_EDGE('',*,*,#4338,.F.);
#6208=ORIENTED_EDGE('',*,*,#4336,.T.);
#6209=ORIENTED_EDGE('',*,*,#4295,.T.);
#6210=ORIENTED_EDGE('',*,*,#4332,.F.);
#6211=ORIENTED_EDGE('',*,*,#4337,.T.);
#6212=ORIENTED_EDGE('',*,*,#4334,.F.);
#6213=ORIENTED_EDGE('',*,*,#4338,.T.);
#6214=ORIENTED_EDGE('',*,*,#4331,.T.);
#6215=ORIENTED_EDGE('',*,*,#4339,.T.);
#6216=ORIENTED_EDGE('',*,*,#3907,.F.);
#6217=ORIENTED_EDGE('',*,*,#3974,.T.);
#6218=ORIENTED_EDGE('',*,*,#4258,.F.);
#6219=ORIENTED_EDGE('',*,*,#4274,.F.);
#6220=ORIENTED_EDGE('',*,*,#4340,.F.);
#6221=ORIENTED_EDGE('',*,*,#4341,.F.);
#6222=ORIENTED_EDGE('',*,*,#4342,.F.);
#6223=ORIENTED_EDGE('',*,*,#4343,.T.);
#6224=ORIENTED_EDGE('',*,*,#4340,.T.);
#6225=ORIENTED_EDGE('',*,*,#4273,.T.);
#6226=ORIENTED_EDGE('',*,*,#4344,.F.);
#6227=ORIENTED_EDGE('',*,*,#3520,.T.);
#6228=ORIENTED_EDGE('',*,*,#3991,.T.);
#6229=ORIENTED_EDGE('',*,*,#4345,.F.);
#6230=ORIENTED_EDGE('',*,*,#4339,.F.);
#6231=ORIENTED_EDGE('',*,*,#4343,.F.);
#6232=ORIENTED_EDGE('',*,*,#4346,.T.);
#6233=ORIENTED_EDGE('',*,*,#4345,.T.);
#6234=ORIENTED_EDGE('',*,*,#3990,.F.);
#6235=ORIENTED_EDGE('',*,*,#3908,.T.);
#6236=ORIENTED_EDGE('',*,*,#4342,.T.);
#6237=ORIENTED_EDGE('',*,*,#4267,.F.);
#6238=ORIENTED_EDGE('',*,*,#4265,.F.);
#6239=ORIENTED_EDGE('',*,*,#3521,.T.);
#6240=ORIENTED_EDGE('',*,*,#4344,.T.);
#6241=ORIENTED_EDGE('',*,*,#4346,.F.);
#6242=ORIENTED_EDGE('',*,*,#3680,.F.);
#6243=ORIENTED_EDGE('',*,*,#4347,.T.);
#6244=ORIENTED_EDGE('',*,*,#4272,.T.);
#6245=ORIENTED_EDGE('',*,*,#4348,.T.);
#6246=ORIENTED_EDGE('',*,*,#4341,.T.);
#6247=ORIENTED_EDGE('',*,*,#4347,.F.);
#6248=ORIENTED_EDGE('',*,*,#3679,.F.);
#6249=ORIENTED_EDGE('',*,*,#4268,.T.);
#6250=ORIENTED_EDGE('',*,*,#4263,.T.);
#6251=ORIENTED_EDGE('',*,*,#4266,.F.);
#6252=ORIENTED_EDGE('',*,*,#3677,.F.);
#6253=ORIENTED_EDGE('',*,*,#4349,.F.);
#6254=ORIENTED_EDGE('',*,*,#4350,.T.);
#6255=ORIENTED_EDGE('',*,*,#4351,.F.);
#6256=ORIENTED_EDGE('',*,*,#3681,.F.);
#6257=ORIENTED_EDGE('',*,*,#4348,.F.);
#6258=ORIENTED_EDGE('',*,*,#4350,.F.);
#6259=ORIENTED_EDGE('',*,*,#4271,.F.);
#6260=ORIENTED_EDGE('',*,*,#4261,.T.);
#6261=ORIENTED_EDGE('',*,*,#3857,.T.);
#6262=ORIENTED_EDGE('',*,*,#3631,.T.);
#6263=ORIENTED_EDGE('',*,*,#3682,.T.);
#6264=ORIENTED_EDGE('',*,*,#4351,.T.);
#6265=ORIENTED_EDGE('',*,*,#3630,.F.);
#6266=ORIENTED_EDGE('',*,*,#4352,.F.);
#6267=ORIENTED_EDGE('',*,*,#4353,.F.);
#6268=ORIENTED_EDGE('',*,*,#3629,.F.);
#6269=ORIENTED_EDGE('',*,*,#3532,.T.);
#6270=ORIENTED_EDGE('',*,*,#3668,.T.);
#6271=ORIENTED_EDGE('',*,*,#4353,.T.);
#6272=ORIENTED_EDGE('',*,*,#4354,.F.);
#6273=ORIENTED_EDGE('',*,*,#3683,.F.);
#6274=ORIENTED_EDGE('',*,*,#4352,.T.);
#6275=ORIENTED_EDGE('',*,*,#3673,.T.);
#6276=ORIENTED_EDGE('',*,*,#4354,.T.);
#6277=ORIENTED_EDGE('',*,*,#3667,.F.);
#6278=ORIENTED_EDGE('',*,*,#4355,.F.);
#6279=ORIENTED_EDGE('',*,*,#3676,.F.);
#6280=ORIENTED_EDGE('',*,*,#3670,.T.);
#6281=ORIENTED_EDGE('',*,*,#4356,.T.);
#6282=ORIENTED_EDGE('',*,*,#4349,.T.);
#6283=ORIENTED_EDGE('',*,*,#3665,.T.);
#6284=ORIENTED_EDGE('',*,*,#4260,.F.);
#6285=ORIENTED_EDGE('',*,*,#3674,.F.);
#6286=ORIENTED_EDGE('',*,*,#4355,.T.);
#6287=ORIENTED_EDGE('',*,*,#3669,.F.);
#6288=ORIENTED_EDGE('',*,*,#3633,.F.);
#6289=ORIENTED_EDGE('',*,*,#3524,.T.);
#6290=ORIENTED_EDGE('',*,*,#4357,.T.);
#6291=ORIENTED_EDGE('',*,*,#4264,.T.);
#6292=ORIENTED_EDGE('',*,*,#4356,.F.);
#6293=ORIENTED_EDGE('',*,*,#4357,.F.);
#6294=ORIENTED_EDGE('',*,*,#3523,.T.);
#6295=ORIENTED_EDGE('',*,*,#4270,.F.);
#6296=ORIENTED_EDGE('',*,*,#4256,.F.);
#6297=ORIENTED_EDGE('',*,*,#4358,.T.);
#6298=ORIENTED_EDGE('',*,*,#3863,.T.);
#6299=ORIENTED_EDGE('',*,*,#3864,.F.);
#6300=ORIENTED_EDGE('',*,*,#4358,.F.);
#6301=ORIENTED_EDGE('',*,*,#4255,.T.);
#6302=ORIENTED_EDGE('',*,*,#4269,.T.);
#6303=ORIENTED_EDGE('',*,*,#4359,.F.);
#6304=ORIENTED_EDGE('',*,*,#3844,.T.);
#6305=ORIENTED_EDGE('',*,*,#4360,.T.);
#6306=ORIENTED_EDGE('',*,*,#4259,.F.);
#6307=ORIENTED_EDGE('',*,*,#3873,.T.);
#6308=ORIENTED_EDGE('',*,*,#3867,.T.);
#6309=ORIENTED_EDGE('',*,*,#4252,.T.);
#6310=ORIENTED_EDGE('',*,*,#4361,.T.);
#6311=ORIENTED_EDGE('',*,*,#4362,.F.);
#6312=ORIENTED_EDGE('',*,*,#3824,.F.);
#6313=ORIENTED_EDGE('',*,*,#4251,.T.);
#6314=ORIENTED_EDGE('',*,*,#3838,.T.);
#6315=ORIENTED_EDGE('',*,*,#4363,.F.);
#6316=ORIENTED_EDGE('',*,*,#4364,.T.);
#6317=ORIENTED_EDGE('',*,*,#4365,.F.);
#6318=ORIENTED_EDGE('',*,*,#4366,.F.);
#6319=ORIENTED_EDGE('',*,*,#4367,.F.);
#6320=ORIENTED_EDGE('',*,*,#4361,.F.);
#6321=ORIENTED_EDGE('',*,*,#4368,.F.);
#6322=ORIENTED_EDGE('',*,*,#4369,.T.);
#6323=ORIENTED_EDGE('',*,*,#4365,.T.);
#6324=ORIENTED_EDGE('',*,*,#4370,.F.);
#6325=ORIENTED_EDGE('',*,*,#4240,.T.);
#6326=ORIENTED_EDGE('',*,*,#4371,.F.);
#6327=ORIENTED_EDGE('',*,*,#4372,.T.);
#6328=ORIENTED_EDGE('',*,*,#3826,.F.);
#6329=ORIENTED_EDGE('',*,*,#4373,.T.);
#6330=ORIENTED_EDGE('',*,*,#4366,.T.);
#6331=ORIENTED_EDGE('',*,*,#4369,.F.);
#6332=ORIENTED_EDGE('',*,*,#4374,.T.);
#6333=ORIENTED_EDGE('',*,*,#4375,.T.);
#6334=ORIENTED_EDGE('',*,*,#4376,.T.);
#6335=ORIENTED_EDGE('',*,*,#4377,.T.);
#6336=ORIENTED_EDGE('',*,*,#4378,.T.);
#6337=ORIENTED_EDGE('',*,*,#4379,.F.);
#6338=ORIENTED_EDGE('',*,*,#4380,.T.);
#6339=ORIENTED_EDGE('',*,*,#4381,.T.);
#6340=ORIENTED_EDGE('',*,*,#4382,.T.);
#6341=ORIENTED_EDGE('',*,*,#4383,.T.);
#6342=ORIENTED_EDGE('',*,*,#4384,.T.);
#6343=ORIENTED_EDGE('',*,*,#4385,.T.);
#6344=ORIENTED_EDGE('',*,*,#4386,.T.);
#6345=ORIENTED_EDGE('',*,*,#4387,.F.);
#6346=ORIENTED_EDGE('',*,*,#4388,.F.);
#6347=ORIENTED_EDGE('',*,*,#4389,.F.);
#6348=ORIENTED_EDGE('',*,*,#4390,.F.);
#6349=ORIENTED_EDGE('',*,*,#4391,.F.);
#6350=ORIENTED_EDGE('',*,*,#4392,.T.);
#6351=ORIENTED_EDGE('',*,*,#4393,.F.);
#6352=ORIENTED_EDGE('',*,*,#4394,.T.);
#6353=ORIENTED_EDGE('',*,*,#4395,.F.);
#6354=ORIENTED_EDGE('',*,*,#4396,.T.);
#6355=ORIENTED_EDGE('',*,*,#4397,.F.);
#6356=ORIENTED_EDGE('',*,*,#4398,.F.);
#6357=ORIENTED_EDGE('',*,*,#4399,.F.);
#6358=ORIENTED_EDGE('',*,*,#4400,.T.);
#6359=ORIENTED_EDGE('',*,*,#4401,.T.);
#6360=ORIENTED_EDGE('',*,*,#4402,.F.);
#6361=ORIENTED_EDGE('',*,*,#4403,.F.);
#6362=ORIENTED_EDGE('',*,*,#4404,.T.);
#6363=ORIENTED_EDGE('',*,*,#4405,.T.);
#6364=ORIENTED_EDGE('',*,*,#4406,.T.);
#6365=ORIENTED_EDGE('',*,*,#4407,.T.);
#6366=ORIENTED_EDGE('',*,*,#4402,.T.);
#6367=ORIENTED_EDGE('',*,*,#4408,.T.);
#6368=ORIENTED_EDGE('',*,*,#4409,.T.);
#6369=ORIENTED_EDGE('',*,*,#4410,.T.);
#6370=ORIENTED_EDGE('',*,*,#4391,.T.);
#6371=ORIENTED_EDGE('',*,*,#4411,.F.);
#6372=ORIENTED_EDGE('',*,*,#4400,.F.);
#6373=ORIENTED_EDGE('',*,*,#4412,.T.);
#6374=ORIENTED_EDGE('',*,*,#4413,.T.);
#6375=ORIENTED_EDGE('',*,*,#4414,.T.);
#6376=ORIENTED_EDGE('',*,*,#4415,.F.);
#6377=ORIENTED_EDGE('',*,*,#4416,.T.);
#6378=ORIENTED_EDGE('',*,*,#4403,.T.);
#6379=ORIENTED_EDGE('',*,*,#4407,.F.);
#6380=ORIENTED_EDGE('',*,*,#4417,.T.);
#6381=ORIENTED_EDGE('',*,*,#4404,.F.);
#6382=ORIENTED_EDGE('',*,*,#4416,.F.);
#6383=ORIENTED_EDGE('',*,*,#4418,.F.);
#6384=ORIENTED_EDGE('',*,*,#4419,.F.);
#6385=ORIENTED_EDGE('',*,*,#4420,.F.);
#6386=ORIENTED_EDGE('',*,*,#4390,.T.);
#6387=ORIENTED_EDGE('',*,*,#4421,.T.);
#6388=ORIENTED_EDGE('',*,*,#4422,.T.);
#6389=ORIENTED_EDGE('',*,*,#4408,.F.);
#6390=ORIENTED_EDGE('',*,*,#4401,.F.);
#6391=ORIENTED_EDGE('',*,*,#4411,.T.);
#6392=ORIENTED_EDGE('',*,*,#4417,.F.);
#6393=ORIENTED_EDGE('',*,*,#4423,.T.);
#6394=ORIENTED_EDGE('',*,*,#4424,.F.);
#6395=ORIENTED_EDGE('',*,*,#4425,.T.);
#6396=ORIENTED_EDGE('',*,*,#4412,.F.);
#6397=ORIENTED_EDGE('',*,*,#4405,.F.);
#6398=ORIENTED_EDGE('',*,*,#4426,.T.);
#6399=ORIENTED_EDGE('',*,*,#4395,.T.);
#6400=ORIENTED_EDGE('',*,*,#4427,.F.);
#6401=ORIENTED_EDGE('',*,*,#4428,.F.);
#6402=ORIENTED_EDGE('',*,*,#4429,.T.);
#6403=ORIENTED_EDGE('',*,*,#4430,.T.);
#6404=ORIENTED_EDGE('',*,*,#4431,.T.);
#6405=ORIENTED_EDGE('',*,*,#4432,.T.);
#6406=ORIENTED_EDGE('',*,*,#4433,.F.);
#6407=ORIENTED_EDGE('',*,*,#4434,.F.);
#6408=ORIENTED_EDGE('',*,*,#4435,.F.);
#6409=ORIENTED_EDGE('',*,*,#4436,.F.);
#6410=ORIENTED_EDGE('',*,*,#4437,.F.);
#6411=ORIENTED_EDGE('',*,*,#4438,.F.);
#6412=ORIENTED_EDGE('',*,*,#4439,.F.);
#6413=ORIENTED_EDGE('',*,*,#4440,.T.);
#6414=ORIENTED_EDGE('',*,*,#4441,.F.);
#6415=ORIENTED_EDGE('',*,*,#4442,.F.);
#6416=ORIENTED_EDGE('',*,*,#4443,.F.);
#6417=ORIENTED_EDGE('',*,*,#4444,.F.);
#6418=ORIENTED_EDGE('',*,*,#4445,.F.);
#6419=ORIENTED_EDGE('',*,*,#4370,.T.);
#6420=ORIENTED_EDGE('',*,*,#4364,.F.);
#6421=ORIENTED_EDGE('',*,*,#4446,.T.);
#6422=ORIENTED_EDGE('',*,*,#3828,.T.);
#6423=ORIENTED_EDGE('',*,*,#4447,.F.);
#6424=ORIENTED_EDGE('',*,*,#4448,.T.);
#6425=ORIENTED_EDGE('',*,*,#4449,.T.);
#6426=ORIENTED_EDGE('',*,*,#4425,.F.);
#6427=ORIENTED_EDGE('',*,*,#4450,.F.);
#6428=ORIENTED_EDGE('',*,*,#4451,.F.);
#6429=ORIENTED_EDGE('',*,*,#4428,.T.);
#6430=ORIENTED_EDGE('',*,*,#4452,.F.);
#6431=ORIENTED_EDGE('',*,*,#4453,.T.);
#6432=ORIENTED_EDGE('',*,*,#4454,.F.);
#6433=ORIENTED_EDGE('',*,*,#4413,.F.);
#6434=ORIENTED_EDGE('',*,*,#4455,.T.);
#6435=ORIENTED_EDGE('',*,*,#4449,.F.);
#6436=ORIENTED_EDGE('',*,*,#4456,.T.);
#6437=ORIENTED_EDGE('',*,*,#4399,.T.);
#6438=ORIENTED_EDGE('',*,*,#4456,.F.);
#6439=ORIENTED_EDGE('',*,*,#4455,.F.);
#6440=ORIENTED_EDGE('',*,*,#4457,.T.);
#6441=ORIENTED_EDGE('',*,*,#4398,.T.);
#6442=ORIENTED_EDGE('',*,*,#4457,.F.);
#6443=ORIENTED_EDGE('',*,*,#4458,.T.);
#6444=ORIENTED_EDGE('',*,*,#4393,.T.);
#6445=ORIENTED_EDGE('',*,*,#4459,.F.);
#6446=ORIENTED_EDGE('',*,*,#4453,.F.);
#6447=ORIENTED_EDGE('',*,*,#4414,.F.);
#6448=ORIENTED_EDGE('',*,*,#4454,.T.);
#6449=ORIENTED_EDGE('',*,*,#4459,.T.);
#6450=ORIENTED_EDGE('',*,*,#4392,.F.);
#6451=ORIENTED_EDGE('',*,*,#4458,.F.);
#6452=ORIENTED_EDGE('',*,*,#4452,.T.);
#6453=ORIENTED_EDGE('',*,*,#4427,.T.);
#6454=ORIENTED_EDGE('',*,*,#4394,.F.);
#6455=ORIENTED_EDGE('',*,*,#4426,.F.);
#6456=ORIENTED_EDGE('',*,*,#4451,.T.);
#6457=ORIENTED_EDGE('',*,*,#4460,.T.);
#6458=ORIENTED_EDGE('',*,*,#4396,.F.);
#6459=ORIENTED_EDGE('',*,*,#4397,.T.);
#6460=ORIENTED_EDGE('',*,*,#4460,.F.);
#6461=ORIENTED_EDGE('',*,*,#4450,.T.);
#6462=ORIENTED_EDGE('',*,*,#4424,.T.);
#6463=ORIENTED_EDGE('',*,*,#4461,.T.);
#6464=ORIENTED_EDGE('',*,*,#4421,.F.);
#6465=ORIENTED_EDGE('',*,*,#4461,.F.);
#6466=ORIENTED_EDGE('',*,*,#4423,.F.);
#6467=ORIENTED_EDGE('',*,*,#4420,.T.);
#6468=ORIENTED_EDGE('',*,*,#4462,.T.);
#6469=ORIENTED_EDGE('',*,*,#4409,.F.);
#6470=ORIENTED_EDGE('',*,*,#4422,.F.);
#6471=ORIENTED_EDGE('',*,*,#4463,.T.);
#6472=ORIENTED_EDGE('',*,*,#4410,.F.);
#6473=ORIENTED_EDGE('',*,*,#4462,.F.);
#6474=ORIENTED_EDGE('',*,*,#4419,.T.);
#6475=ORIENTED_EDGE('',*,*,#4463,.F.);
#6476=ORIENTED_EDGE('',*,*,#4418,.T.);
#6477=ORIENTED_EDGE('',*,*,#4415,.T.);
#6478=ORIENTED_EDGE('',*,*,#4406,.F.);
#6479=ORIENTED_EDGE('',*,*,#4372,.F.);
#6480=ORIENTED_EDGE('',*,*,#4464,.F.);
#6481=ORIENTED_EDGE('',*,*,#4447,.T.);
#6482=ORIENTED_EDGE('',*,*,#3827,.F.);
#6483=ORIENTED_EDGE('',*,*,#4371,.T.);
#6484=ORIENTED_EDGE('',*,*,#4244,.F.);
#6485=ORIENTED_EDGE('',*,*,#4250,.F.);
#6486=ORIENTED_EDGE('',*,*,#4465,.T.);
#6487=ORIENTED_EDGE('',*,*,#4448,.F.);
#6488=ORIENTED_EDGE('',*,*,#4464,.T.);
#6489=ORIENTED_EDGE('',*,*,#4362,.T.);
#6490=ORIENTED_EDGE('',*,*,#4367,.T.);
#6491=ORIENTED_EDGE('',*,*,#4373,.F.);
#6492=ORIENTED_EDGE('',*,*,#3825,.F.);
#6493=ORIENTED_EDGE('',*,*,#4359,.T.);
#6494=ORIENTED_EDGE('',*,*,#3823,.T.);
#6495=ORIENTED_EDGE('',*,*,#3736,.F.);
#6496=ORIENTED_EDGE('',*,*,#3845,.F.);
#6497=ORIENTED_EDGE('',*,*,#4253,.F.);
#6498=ORIENTED_EDGE('',*,*,#4360,.F.);
#6499=ORIENTED_EDGE('',*,*,#3843,.T.);
#6500=ORIENTED_EDGE('',*,*,#3834,.T.);
#6501=ORIENTED_EDGE('',*,*,#4446,.F.);
#6502=ORIENTED_EDGE('',*,*,#4363,.T.);
#6503=ORIENTED_EDGE('',*,*,#3837,.T.);
#6504=ORIENTED_EDGE('',*,*,#3829,.F.);
#6505=ORIENTED_EDGE('',*,*,#4429,.F.);
#6506=ORIENTED_EDGE('',*,*,#4465,.F.);
#6507=ORIENTED_EDGE('',*,*,#4249,.T.);
#6508=ORIENTED_EDGE('',*,*,#4466,.T.);
#6509=ORIENTED_EDGE('',*,*,#4467,.F.);
#6510=ORIENTED_EDGE('',*,*,#4468,.F.);
#6511=ORIENTED_EDGE('',*,*,#4248,.F.);
#6512=ORIENTED_EDGE('',*,*,#4247,.T.);
#6513=ORIENTED_EDGE('',*,*,#4469,.T.);
#6514=ORIENTED_EDGE('',*,*,#4466,.F.);
#6515=ORIENTED_EDGE('',*,*,#4470,.F.);
#6516=ORIENTED_EDGE('',*,*,#4467,.T.);
#6517=ORIENTED_EDGE('',*,*,#4469,.F.);
#6518=ORIENTED_EDGE('',*,*,#4246,.F.);
#6519=ORIENTED_EDGE('',*,*,#3886,.T.);
#6520=ORIENTED_EDGE('',*,*,#4238,.T.);
#6521=ORIENTED_EDGE('',*,*,#4242,.T.);
#6522=ORIENTED_EDGE('',*,*,#4389,.T.);
#6523=ORIENTED_EDGE('',*,*,#4471,.F.);
#6524=ORIENTED_EDGE('',*,*,#4430,.F.);
#6525=ORIENTED_EDGE('',*,*,#4468,.T.);
#6526=ORIENTED_EDGE('',*,*,#4470,.T.);
#6527=ORIENTED_EDGE('',*,*,#4241,.F.);
#6528=ORIENTED_EDGE('',*,*,#4388,.T.);
#6529=ORIENTED_EDGE('',*,*,#4472,.T.);
#6530=ORIENTED_EDGE('',*,*,#4431,.F.);
#6531=ORIENTED_EDGE('',*,*,#4471,.T.);
#6532=ORIENTED_EDGE('',*,*,#4473,.T.);
#6533=ORIENTED_EDGE('',*,*,#4432,.F.);
#6534=ORIENTED_EDGE('',*,*,#4472,.F.);
#6535=ORIENTED_EDGE('',*,*,#4387,.T.);
#6536=ORIENTED_EDGE('',*,*,#4473,.F.);
#6537=ORIENTED_EDGE('',*,*,#4386,.F.);
#6538=ORIENTED_EDGE('',*,*,#4474,.T.);
#6539=ORIENTED_EDGE('',*,*,#4433,.T.);
#6540=ORIENTED_EDGE('',*,*,#4475,.T.);
#6541=ORIENTED_EDGE('',*,*,#4434,.T.);
#6542=ORIENTED_EDGE('',*,*,#4474,.F.);
#6543=ORIENTED_EDGE('',*,*,#4385,.F.);
#6544=ORIENTED_EDGE('',*,*,#4475,.F.);
#6545=ORIENTED_EDGE('',*,*,#4384,.F.);
#6546=ORIENTED_EDGE('',*,*,#4476,.T.);
#6547=ORIENTED_EDGE('',*,*,#4435,.T.);
#6548=ORIENTED_EDGE('',*,*,#4477,.T.);
#6549=ORIENTED_EDGE('',*,*,#4436,.T.);
#6550=ORIENTED_EDGE('',*,*,#4476,.F.);
#6551=ORIENTED_EDGE('',*,*,#4383,.F.);
#6552=ORIENTED_EDGE('',*,*,#4477,.F.);
#6553=ORIENTED_EDGE('',*,*,#4382,.F.);
#6554=ORIENTED_EDGE('',*,*,#4478,.T.);
#6555=ORIENTED_EDGE('',*,*,#4437,.T.);
#6556=ORIENTED_EDGE('',*,*,#4479,.T.);
#6557=ORIENTED_EDGE('',*,*,#4438,.T.);
#6558=ORIENTED_EDGE('',*,*,#4478,.F.);
#6559=ORIENTED_EDGE('',*,*,#4381,.F.);
#6560=ORIENTED_EDGE('',*,*,#4479,.F.);
#6561=ORIENTED_EDGE('',*,*,#4380,.F.);
#6562=ORIENTED_EDGE('',*,*,#4480,.T.);
#6563=ORIENTED_EDGE('',*,*,#4439,.T.);
#6564=ORIENTED_EDGE('',*,*,#4481,.T.);
#6565=ORIENTED_EDGE('',*,*,#4440,.F.);
#6566=ORIENTED_EDGE('',*,*,#4480,.F.);
#6567=ORIENTED_EDGE('',*,*,#4379,.T.);
#6568=ORIENTED_EDGE('',*,*,#4481,.F.);
#6569=ORIENTED_EDGE('',*,*,#4378,.F.);
#6570=ORIENTED_EDGE('',*,*,#4482,.T.);
#6571=ORIENTED_EDGE('',*,*,#4441,.T.);
#6572=ORIENTED_EDGE('',*,*,#4483,.T.);
#6573=ORIENTED_EDGE('',*,*,#4442,.T.);
#6574=ORIENTED_EDGE('',*,*,#4482,.F.);
#6575=ORIENTED_EDGE('',*,*,#4377,.F.);
#6576=ORIENTED_EDGE('',*,*,#4483,.F.);
#6577=ORIENTED_EDGE('',*,*,#4376,.F.);
#6578=ORIENTED_EDGE('',*,*,#4484,.T.);
#6579=ORIENTED_EDGE('',*,*,#4443,.T.);
#6580=ORIENTED_EDGE('',*,*,#4485,.T.);
#6581=ORIENTED_EDGE('',*,*,#4444,.T.);
#6582=ORIENTED_EDGE('',*,*,#4484,.F.);
#6583=ORIENTED_EDGE('',*,*,#4375,.F.);
#6584=ORIENTED_EDGE('',*,*,#4485,.F.);
#6585=ORIENTED_EDGE('',*,*,#4374,.F.);
#6586=ORIENTED_EDGE('',*,*,#4368,.T.);
#6587=ORIENTED_EDGE('',*,*,#4445,.T.);
#6588=PLANE('',#7569);
#6589=PLANE('',#7572);
#6590=PLANE('',#7577);
#6591=PLANE('',#7590);
#6592=PLANE('',#7591);
#6593=PLANE('',#7592);
#6594=PLANE('',#7594);
#6595=PLANE('',#7596);
#6596=PLANE('',#7602);
#6597=PLANE('',#7609);
#6598=PLANE('',#7610);
#6599=PLANE('',#7611);
#6600=PLANE('',#7612);
#6601=PLANE('',#7613);
#6602=PLANE('',#7614);
#6603=PLANE('',#7615);
#6604=PLANE('',#7616);
#6605=PLANE('',#7617);
#6606=PLANE('',#7618);
#6607=PLANE('',#7619);
#6608=PLANE('',#7632);
#6609=PLANE('',#7633);
#6610=PLANE('',#7634);
#6611=PLANE('',#7638);
#6612=PLANE('',#7645);
#6613=PLANE('',#7646);
#6614=PLANE('',#7648);
#6615=PLANE('',#7651);
#6616=PLANE('',#7652);
#6617=PLANE('',#7653);
#6618=PLANE('',#7654);
#6619=PLANE('',#7655);
#6620=PLANE('',#7670);
#6621=PLANE('',#7681);
#6622=PLANE('',#7682);
#6623=PLANE('',#7683);
#6624=PLANE('',#7684);
#6625=PLANE('',#7687);
#6626=PLANE('',#7691);
#6627=PLANE('',#7703);
#6628=PLANE('',#7704);
#6629=PLANE('',#7711);
#6630=PLANE('',#7712);
#6631=PLANE('',#7713);
#6632=PLANE('',#7714);
#6633=PLANE('',#7728);
#6634=PLANE('',#7740);
#6635=PLANE('',#7742);
#6636=PLANE('',#7744);
#6637=PLANE('',#7745);
#6638=PLANE('',#7753);
#6639=PLANE('',#7756);
#6640=PLANE('',#7761);
#6641=PLANE('',#7763);
#6642=PLANE('',#7764);
#6643=PLANE('',#7769);
#6644=PLANE('',#7770);
#6645=PLANE('',#7775);
#6646=PLANE('',#7780);
#6647=PLANE('',#7783);
#6648=PLANE('',#7785);
#6649=PLANE('',#7786);
#6650=PLANE('',#7787);
#6651=PLANE('',#7788);
#6652=PLANE('',#7789);
#6653=PLANE('',#7790);
#6654=PLANE('',#7791);
#6655=PLANE('',#7794);
#6656=PLANE('',#7797);
#6657=PLANE('',#7798);
#6658=PLANE('',#7800);
#6659=PLANE('',#7802);
#6660=PLANE('',#7805);
#6661=PLANE('',#7812);
#6662=PLANE('',#7813);
#6663=PLANE('',#7814);
#6664=PLANE('',#7816);
#6665=PLANE('',#7817);
#6666=PLANE('',#7818);
#6667=PLANE('',#7819);
#6668=PLANE('',#7820);
#6669=PLANE('',#7821);
#6670=PLANE('',#7824);
#6671=PLANE('',#7831);
#6672=PLANE('',#7832);
#6673=PLANE('',#7833);
#6674=PLANE('',#7834);
#6675=PLANE('',#7835);
#6676=PLANE('',#7838);
#6677=PLANE('',#7840);
#6678=PLANE('',#7841);
#6679=PLANE('',#7843);
#6680=PLANE('',#7848);
#6681=PLANE('',#7867);
#6682=PLANE('',#7868);
#6683=PLANE('',#7869);
#6684=PLANE('',#7870);
#6685=PLANE('',#7874);
#6686=PLANE('',#7878);
#6687=PLANE('',#7882);
#6688=PLANE('',#7883);
#6689=PLANE('',#7885);
#6690=PLANE('',#7887);
#6691=PLANE('',#7889);
#6692=PLANE('',#7890);
#6693=PLANE('',#7893);
#6694=PLANE('',#7894);
#6695=PLANE('',#7897);
#6696=PLANE('',#7898);
#6697=PLANE('',#7901);
#6698=PLANE('',#7902);
#6699=PLANE('',#7905);
#6700=PLANE('',#7906);
#6701=PLANE('',#7907);
#6702=PLANE('',#7908);
#6703=PLANE('',#7915);
#6704=PLANE('',#7916);
#6705=PLANE('',#7919);
#6706=PLANE('',#7924);
#6707=PLANE('',#7925);
#6708=PLANE('',#7926);
#6709=PLANE('',#7927);
#6710=PLANE('',#7928);
#6711=PLANE('',#7929);
#6712=PLANE('',#7930);
#6713=PLANE('',#7931);
#6714=PLANE('',#7932);
#6715=PLANE('',#7937);
#6716=PLANE('',#7938);
#6717=PLANE('',#7939);
#6718=PLANE('',#7946);
#6719=PLANE('',#7947);
#6720=PLANE('',#7948);
#6721=PLANE('',#7951);
#6722=PLANE('',#7952);
#6723=PLANE('',#7953);
#6724=PLANE('',#7958);
#6725=PLANE('',#7959);
#6726=PLANE('',#7960);
#6727=PLANE('',#7967);
#6728=PLANE('',#7968);
#6729=PLANE('',#7969);
#6730=PLANE('',#7972);
#6731=PLANE('',#7973);
#6732=PLANE('',#7974);
#6733=PLANE('',#7979);
#6734=PLANE('',#7980);
#6735=PLANE('',#7981);
#6736=PLANE('',#7988);
#6737=PLANE('',#7989);
#6738=PLANE('',#7990);
#6739=PLANE('',#7993);
#6740=PLANE('',#7994);
#6741=PLANE('',#7995);
#6742=PLANE('',#8000);
#6743=PLANE('',#8001);
#6744=PLANE('',#8002);
#6745=PLANE('',#8009);
#6746=PLANE('',#8010);
#6747=PLANE('',#8011);
#6748=PLANE('',#8014);
#6749=PLANE('',#8015);
#6750=PLANE('',#8016);
#6751=PLANE('',#8020);
#6752=PLANE('',#8021);
#6753=PLANE('',#8022);
#6754=PLANE('',#8026);
#6755=PLANE('',#8030);
#6756=PLANE('',#8031);
#6757=PLANE('',#8035);
#6758=PLANE('',#8038);
#6759=PLANE('',#8043);
#6760=PLANE('',#8045);
#6761=PLANE('',#8065);
#6762=PLANE('',#8066);
#6763=PLANE('',#8067);
#6764=PLANE('',#8068);
#6765=PLANE('',#8069);
#6766=PLANE('',#8070);
#6767=PLANE('',#8071);
#6768=PLANE('',#8072);
#6769=PLANE('',#8073);
#6770=PLANE('',#8084);
#6771=PLANE('',#8095);
#6772=PLANE('',#8106);
#6773=PLANE('',#8111);
#6774=PLANE('',#8112);
#6775=PLANE('',#8113);
#6776=PLANE('',#8114);
#6777=PLANE('',#8120);
#6778=PLANE('',#8124);
#6779=PLANE('',#8125);
#6780=PLANE('',#8128);
#6781=PLANE('',#8130);
#6782=PLANE('',#8131);
#6783=PLANE('',#8133);
#6784=PLANE('',#8139);
#6785=PLANE('',#8151);
#6786=PLANE('',#8154);
#6787=PLANE('',#8162);
#6788=PLANE('',#8171);
#6789=PLANE('',#8184);
#6790=PLANE('',#8185);
#6791=PLANE('',#8186);
#6792=PLANE('',#8188);
#6793=PLANE('',#8190);
#6794=PLANE('',#8191);
#6795=PLANE('',#8199);
#6796=PLANE('',#8200);
#6797=PLANE('',#8202);
#6798=PLANE('',#8203);
#6799=PLANE('',#8204);
#6800=PLANE('',#8205);
#6801=PLANE('',#8206);
#6802=PLANE('',#8207);
#6803=PLANE('',#8209);
#6804=PLANE('',#8211);
#6805=PLANE('',#8212);
#6806=PLANE('',#8213);
#6807=PLANE('',#8214);
#6808=PLANE('',#8215);
#6809=STYLED_ITEM('',(#12766),#7178);
#6810=STYLED_ITEM('',(#12766),#7179);
#6811=STYLED_ITEM('',(#12766),#7180);
#6812=STYLED_ITEM('',(#12766),#7181);
#6813=STYLED_ITEM('',(#12766),#7182);
#6814=STYLED_ITEM('',(#12766),#7183);
#6815=STYLED_ITEM('',(#12766),#7184);
#6816=STYLED_ITEM('',(#12766),#7185);
#6817=STYLED_ITEM('',(#12766),#7186);
#6818=STYLED_ITEM('',(#12766),#7187);
#6819=STYLED_ITEM('',(#12766),#7188);
#6820=STYLED_ITEM('',(#12766),#7189);
#6821=STYLED_ITEM('',(#12766),#7190);
#6822=STYLED_ITEM('',(#12766),#7191);
#6823=STYLED_ITEM('',(#12766),#7192);
#6824=STYLED_ITEM('',(#12766),#7193);
#6825=STYLED_ITEM('',(#12766),#7194);
#6826=STYLED_ITEM('',(#12766),#7195);
#6827=STYLED_ITEM('',(#12766),#7196);
#6828=STYLED_ITEM('',(#12766),#7197);
#6829=STYLED_ITEM('',(#12766),#7198);
#6830=STYLED_ITEM('',(#12766),#7199);
#6831=STYLED_ITEM('',(#12766),#7200);
#6832=STYLED_ITEM('',(#12766),#7201);
#6833=STYLED_ITEM('',(#12766),#7202);
#6834=STYLED_ITEM('',(#12766),#7203);
#6835=STYLED_ITEM('',(#12766),#7204);
#6836=STYLED_ITEM('',(#12766),#7205);
#6837=STYLED_ITEM('',(#12766),#7206);
#6838=STYLED_ITEM('',(#12766),#7207);
#6839=STYLED_ITEM('',(#12766),#7208);
#6840=STYLED_ITEM('',(#12766),#7209);
#6841=STYLED_ITEM('',(#12766),#7210);
#6842=STYLED_ITEM('',(#12766),#7211);
#6843=STYLED_ITEM('',(#12766),#7212);
#6844=STYLED_ITEM('',(#12766),#7213);
#6845=STYLED_ITEM('',(#12766),#7214);
#6846=STYLED_ITEM('',(#12766),#7215);
#6847=STYLED_ITEM('',(#12766),#7216);
#6848=STYLED_ITEM('',(#12766),#7217);
#6849=STYLED_ITEM('',(#12766),#7218);
#6850=STYLED_ITEM('',(#12766),#7219);
#6851=STYLED_ITEM('',(#12766),#7220);
#6852=STYLED_ITEM('',(#12766),#7221);
#6853=STYLED_ITEM('',(#12766),#7222);
#6854=STYLED_ITEM('',(#12766),#7223);
#6855=STYLED_ITEM('',(#12766),#7224);
#6856=STYLED_ITEM('',(#12766),#7225);
#6857=STYLED_ITEM('',(#12766),#7226);
#6858=STYLED_ITEM('',(#12766),#7227);
#6859=STYLED_ITEM('',(#12766),#7228);
#6860=STYLED_ITEM('',(#12766),#7229);
#6861=STYLED_ITEM('',(#12766),#7230);
#6862=STYLED_ITEM('',(#12766),#7231);
#6863=STYLED_ITEM('',(#12766),#7232);
#6864=STYLED_ITEM('',(#12766),#7233);
#6865=STYLED_ITEM('',(#12766),#7234);
#6866=STYLED_ITEM('',(#12766),#7235);
#6867=STYLED_ITEM('',(#12766),#7236);
#6868=STYLED_ITEM('',(#12766),#7237);
#6869=STYLED_ITEM('',(#12766),#7238);
#6870=STYLED_ITEM('',(#12766),#7239);
#6871=STYLED_ITEM('',(#12766),#7240);
#6872=STYLED_ITEM('',(#12766),#7241);
#6873=STYLED_ITEM('',(#12766),#7242);
#6874=STYLED_ITEM('',(#12766),#7243);
#6875=STYLED_ITEM('',(#12766),#7244);
#6876=STYLED_ITEM('',(#12766),#7245);
#6877=STYLED_ITEM('',(#12766),#7246);
#6878=STYLED_ITEM('',(#12766),#7247);
#6879=STYLED_ITEM('',(#12766),#7248);
#6880=STYLED_ITEM('',(#12766),#7249);
#6881=STYLED_ITEM('',(#12766),#7250);
#6882=STYLED_ITEM('',(#12766),#7251);
#6883=STYLED_ITEM('',(#12766),#7252);
#6884=STYLED_ITEM('',(#12766),#7253);
#6885=STYLED_ITEM('',(#12766),#7254);
#6886=STYLED_ITEM('',(#12766),#7255);
#6887=STYLED_ITEM('',(#12766),#7256);
#6888=STYLED_ITEM('',(#12766),#7257);
#6889=STYLED_ITEM('',(#12766),#7258);
#6890=STYLED_ITEM('',(#12766),#7259);
#6891=STYLED_ITEM('',(#12766),#7260);
#6892=STYLED_ITEM('',(#12766),#7261);
#6893=STYLED_ITEM('',(#12766),#7262);
#6894=STYLED_ITEM('',(#12766),#7263);
#6895=STYLED_ITEM('',(#12766),#7264);
#6896=STYLED_ITEM('',(#12766),#7265);
#6897=STYLED_ITEM('',(#12766),#7266);
#6898=STYLED_ITEM('',(#12766),#7267);
#6899=STYLED_ITEM('',(#12766),#7268);
#6900=STYLED_ITEM('',(#12766),#7269);
#6901=STYLED_ITEM('',(#12766),#7270);
#6902=STYLED_ITEM('',(#12766),#7271);
#6903=STYLED_ITEM('',(#12766),#7272);
#6904=STYLED_ITEM('',(#12766),#7273);
#6905=STYLED_ITEM('',(#12766),#7274);
#6906=STYLED_ITEM('',(#12766),#7275);
#6907=STYLED_ITEM('',(#12766),#7276);
#6908=STYLED_ITEM('',(#12766),#7277);
#6909=STYLED_ITEM('',(#12766),#7278);
#6910=STYLED_ITEM('',(#12766),#7279);
#6911=STYLED_ITEM('',(#12766),#7280);
#6912=STYLED_ITEM('',(#12766),#7281);
#6913=STYLED_ITEM('',(#12766),#7282);
#6914=STYLED_ITEM('',(#12766),#7283);
#6915=STYLED_ITEM('',(#12766),#7284);
#6916=STYLED_ITEM('',(#12766),#7285);
#6917=STYLED_ITEM('',(#12766),#7286);
#6918=STYLED_ITEM('',(#12766),#7287);
#6919=STYLED_ITEM('',(#12766),#7288);
#6920=STYLED_ITEM('',(#12766),#7289);
#6921=STYLED_ITEM('',(#12766),#7290);
#6922=STYLED_ITEM('',(#12766),#7291);
#6923=STYLED_ITEM('',(#12766),#7292);
#6924=STYLED_ITEM('',(#12766),#7293);
#6925=STYLED_ITEM('',(#12766),#7294);
#6926=STYLED_ITEM('',(#12766),#7295);
#6927=STYLED_ITEM('',(#12766),#7296);
#6928=STYLED_ITEM('',(#12766),#7297);
#6929=STYLED_ITEM('',(#12766),#7298);
#6930=STYLED_ITEM('',(#12766),#7299);
#6931=STYLED_ITEM('',(#12766),#7300);
#6932=STYLED_ITEM('',(#12766),#7301);
#6933=STYLED_ITEM('',(#12766),#7302);
#6934=STYLED_ITEM('',(#12766),#7303);
#6935=STYLED_ITEM('',(#12766),#7304);
#6936=STYLED_ITEM('',(#12766),#7305);
#6937=STYLED_ITEM('',(#12766),#7306);
#6938=STYLED_ITEM('',(#12766),#7307);
#6939=STYLED_ITEM('',(#12766),#7308);
#6940=STYLED_ITEM('',(#12766),#7309);
#6941=STYLED_ITEM('',(#12766),#7310);
#6942=STYLED_ITEM('',(#12766),#7311);
#6943=STYLED_ITEM('',(#12766),#7312);
#6944=STYLED_ITEM('',(#12766),#7313);
#6945=STYLED_ITEM('',(#12766),#7314);
#6946=STYLED_ITEM('',(#12766),#7315);
#6947=STYLED_ITEM('',(#12766),#7316);
#6948=STYLED_ITEM('',(#12766),#7317);
#6949=STYLED_ITEM('',(#12766),#7318);
#6950=STYLED_ITEM('',(#12766),#7319);
#6951=STYLED_ITEM('',(#12766),#7320);
#6952=STYLED_ITEM('',(#12766),#7321);
#6953=STYLED_ITEM('',(#12766),#7322);
#6954=STYLED_ITEM('',(#12766),#7323);
#6955=STYLED_ITEM('',(#12766),#7324);
#6956=STYLED_ITEM('',(#12766),#7325);
#6957=STYLED_ITEM('',(#12766),#7326);
#6958=STYLED_ITEM('',(#12766),#7327);
#6959=STYLED_ITEM('',(#12766),#7328);
#6960=STYLED_ITEM('',(#12766),#7329);
#6961=STYLED_ITEM('',(#12766),#7330);
#6962=STYLED_ITEM('',(#12766),#7331);
#6963=STYLED_ITEM('',(#12766),#7332);
#6964=STYLED_ITEM('',(#12766),#7333);
#6965=STYLED_ITEM('',(#12766),#7334);
#6966=STYLED_ITEM('',(#12766),#7335);
#6967=STYLED_ITEM('',(#12766),#7336);
#6968=STYLED_ITEM('',(#12766),#7337);
#6969=STYLED_ITEM('',(#12766),#7338);
#6970=STYLED_ITEM('',(#12766),#7339);
#6971=STYLED_ITEM('',(#12766),#7340);
#6972=STYLED_ITEM('',(#12766),#7341);
#6973=STYLED_ITEM('',(#12766),#7342);
#6974=STYLED_ITEM('',(#12766),#7343);
#6975=STYLED_ITEM('',(#12766),#7344);
#6976=STYLED_ITEM('',(#12766),#7345);
#6977=STYLED_ITEM('',(#12766),#7346);
#6978=STYLED_ITEM('',(#12766),#7347);
#6979=STYLED_ITEM('',(#12766),#7348);
#6980=STYLED_ITEM('',(#12766),#7349);
#6981=STYLED_ITEM('',(#12766),#7350);
#6982=STYLED_ITEM('',(#12766),#7351);
#6983=STYLED_ITEM('',(#12766),#7352);
#6984=STYLED_ITEM('',(#12766),#7353);
#6985=STYLED_ITEM('',(#12766),#7354);
#6986=STYLED_ITEM('',(#12766),#7355);
#6987=STYLED_ITEM('',(#12766),#7356);
#6988=STYLED_ITEM('',(#12766),#7357);
#6989=STYLED_ITEM('',(#12766),#7358);
#6990=STYLED_ITEM('',(#12766),#7359);
#6991=STYLED_ITEM('',(#12766),#7360);
#6992=STYLED_ITEM('',(#12766),#7361);
#6993=STYLED_ITEM('',(#12766),#7362);
#6994=STYLED_ITEM('',(#12766),#7363);
#6995=STYLED_ITEM('',(#12766),#7364);
#6996=STYLED_ITEM('',(#12766),#7365);
#6997=STYLED_ITEM('',(#12766),#7366);
#6998=STYLED_ITEM('',(#12766),#7367);
#6999=STYLED_ITEM('',(#12766),#7368);
#7000=STYLED_ITEM('',(#12766),#7369);
#7001=STYLED_ITEM('',(#12766),#7370);
#7002=STYLED_ITEM('',(#12766),#7371);
#7003=STYLED_ITEM('',(#12766),#7372);
#7004=STYLED_ITEM('',(#12766),#7373);
#7005=STYLED_ITEM('',(#12766),#7374);
#7006=STYLED_ITEM('',(#12766),#7375);
#7007=STYLED_ITEM('',(#12766),#7376);
#7008=STYLED_ITEM('',(#12766),#7377);
#7009=STYLED_ITEM('',(#12766),#7378);
#7010=STYLED_ITEM('',(#12766),#7379);
#7011=STYLED_ITEM('',(#12766),#7380);
#7012=STYLED_ITEM('',(#12766),#7381);
#7013=STYLED_ITEM('',(#12766),#7382);
#7014=STYLED_ITEM('',(#12766),#7383);
#7015=STYLED_ITEM('',(#12766),#7384);
#7016=STYLED_ITEM('',(#12766),#7385);
#7017=STYLED_ITEM('',(#12766),#7386);
#7018=STYLED_ITEM('',(#12766),#7387);
#7019=STYLED_ITEM('',(#12766),#7388);
#7020=STYLED_ITEM('',(#12766),#7389);
#7021=STYLED_ITEM('',(#12766),#7390);
#7022=STYLED_ITEM('',(#12766),#7391);
#7023=STYLED_ITEM('',(#12766),#7392);
#7024=STYLED_ITEM('',(#12766),#7393);
#7025=STYLED_ITEM('',(#12766),#7394);
#7026=STYLED_ITEM('',(#12766),#7395);
#7027=STYLED_ITEM('',(#12766),#7396);
#7028=STYLED_ITEM('',(#12766),#7397);
#7029=STYLED_ITEM('',(#12766),#7398);
#7030=STYLED_ITEM('',(#12766),#7399);
#7031=STYLED_ITEM('',(#12766),#7400);
#7032=STYLED_ITEM('',(#12766),#7401);
#7033=STYLED_ITEM('',(#12766),#7402);
#7034=STYLED_ITEM('',(#12766),#7403);
#7035=STYLED_ITEM('',(#12766),#7404);
#7036=STYLED_ITEM('',(#12766),#7405);
#7037=STYLED_ITEM('',(#12766),#7406);
#7038=STYLED_ITEM('',(#12766),#7407);
#7039=STYLED_ITEM('',(#12766),#7408);
#7040=STYLED_ITEM('',(#12766),#7409);
#7041=STYLED_ITEM('',(#12766),#7410);
#7042=STYLED_ITEM('',(#12766),#7411);
#7043=STYLED_ITEM('',(#12766),#7412);
#7044=STYLED_ITEM('',(#12766),#7413);
#7045=STYLED_ITEM('',(#12766),#7414);
#7046=STYLED_ITEM('',(#12766),#7415);
#7047=STYLED_ITEM('',(#12766),#7416);
#7048=STYLED_ITEM('',(#12766),#7417);
#7049=STYLED_ITEM('',(#12766),#7418);
#7050=STYLED_ITEM('',(#12766),#7419);
#7051=STYLED_ITEM('',(#12766),#7420);
#7052=STYLED_ITEM('',(#12766),#7421);
#7053=STYLED_ITEM('',(#12766),#7422);
#7054=STYLED_ITEM('',(#12766),#7423);
#7055=STYLED_ITEM('',(#12766),#7424);
#7056=STYLED_ITEM('',(#12766),#7425);
#7057=STYLED_ITEM('',(#12766),#7426);
#7058=STYLED_ITEM('',(#12766),#7427);
#7059=STYLED_ITEM('',(#12766),#7428);
#7060=STYLED_ITEM('',(#12766),#7429);
#7061=STYLED_ITEM('',(#12766),#7430);
#7062=STYLED_ITEM('',(#12766),#7431);
#7063=STYLED_ITEM('',(#12766),#7432);
#7064=STYLED_ITEM('',(#12766),#7433);
#7065=STYLED_ITEM('',(#12766),#7434);
#7066=STYLED_ITEM('',(#12766),#7435);
#7067=STYLED_ITEM('',(#12766),#7436);
#7068=STYLED_ITEM('',(#12766),#7437);
#7069=STYLED_ITEM('',(#12766),#7438);
#7070=STYLED_ITEM('',(#12766),#7439);
#7071=STYLED_ITEM('',(#12766),#7440);
#7072=STYLED_ITEM('',(#12766),#7441);
#7073=STYLED_ITEM('',(#12766),#7442);
#7074=STYLED_ITEM('',(#12766),#7443);
#7075=STYLED_ITEM('',(#12766),#7444);
#7076=STYLED_ITEM('',(#12766),#7445);
#7077=STYLED_ITEM('',(#12766),#7446);
#7078=STYLED_ITEM('',(#12766),#7447);
#7079=STYLED_ITEM('',(#12766),#7448);
#7080=STYLED_ITEM('',(#12766),#7449);
#7081=STYLED_ITEM('',(#12766),#7450);
#7082=STYLED_ITEM('',(#12766),#7451);
#7083=STYLED_ITEM('',(#12766),#7452);
#7084=STYLED_ITEM('',(#12766),#7453);
#7085=STYLED_ITEM('',(#12766),#7454);
#7086=STYLED_ITEM('',(#12766),#7455);
#7087=STYLED_ITEM('',(#12766),#7456);
#7088=STYLED_ITEM('',(#12766),#7457);
#7089=STYLED_ITEM('',(#12766),#7458);
#7090=STYLED_ITEM('',(#12766),#7459);
#7091=STYLED_ITEM('',(#12766),#7460);
#7092=STYLED_ITEM('',(#12766),#7461);
#7093=STYLED_ITEM('',(#12766),#7462);
#7094=STYLED_ITEM('',(#12766),#7463);
#7095=STYLED_ITEM('',(#12766),#7464);
#7096=STYLED_ITEM('',(#12766),#7465);
#7097=STYLED_ITEM('',(#12766),#7466);
#7098=STYLED_ITEM('',(#12766),#7467);
#7099=STYLED_ITEM('',(#12766),#7468);
#7100=STYLED_ITEM('',(#12766),#7469);
#7101=STYLED_ITEM('',(#12766),#7470);
#7102=STYLED_ITEM('',(#12766),#7471);
#7103=STYLED_ITEM('',(#12766),#7472);
#7104=STYLED_ITEM('',(#12766),#7473);
#7105=STYLED_ITEM('',(#12766),#7474);
#7106=STYLED_ITEM('',(#12766),#7475);
#7107=STYLED_ITEM('',(#12766),#7476);
#7108=STYLED_ITEM('',(#12766),#7477);
#7109=STYLED_ITEM('',(#12766),#7478);
#7110=STYLED_ITEM('',(#12766),#7479);
#7111=STYLED_ITEM('',(#12766),#7480);
#7112=STYLED_ITEM('',(#12766),#7481);
#7113=STYLED_ITEM('',(#12766),#7482);
#7114=STYLED_ITEM('',(#12766),#7483);
#7115=STYLED_ITEM('',(#12766),#7484);
#7116=STYLED_ITEM('',(#12766),#7485);
#7117=STYLED_ITEM('',(#12766),#7486);
#7118=STYLED_ITEM('',(#12766),#7487);
#7119=STYLED_ITEM('',(#12766),#7488);
#7120=STYLED_ITEM('',(#12766),#7489);
#7121=STYLED_ITEM('',(#12766),#7490);
#7122=STYLED_ITEM('',(#12766),#7491);
#7123=STYLED_ITEM('',(#12766),#7492);
#7124=STYLED_ITEM('',(#12766),#7493);
#7125=STYLED_ITEM('',(#12766),#7494);
#7126=STYLED_ITEM('',(#12766),#7495);
#7127=STYLED_ITEM('',(#12766),#7496);
#7128=STYLED_ITEM('',(#12766),#7497);
#7129=STYLED_ITEM('',(#12766),#7498);
#7130=STYLED_ITEM('',(#12766),#7499);
#7131=STYLED_ITEM('',(#12766),#7500);
#7132=STYLED_ITEM('',(#12766),#7501);
#7133=STYLED_ITEM('',(#12766),#7502);
#7134=STYLED_ITEM('',(#12766),#7503);
#7135=STYLED_ITEM('',(#12766),#7504);
#7136=STYLED_ITEM('',(#12766),#7505);
#7137=STYLED_ITEM('',(#12766),#7506);
#7138=STYLED_ITEM('',(#12766),#7507);
#7139=STYLED_ITEM('',(#12766),#7508);
#7140=STYLED_ITEM('',(#12766),#7509);
#7141=STYLED_ITEM('',(#12766),#7510);
#7142=STYLED_ITEM('',(#12766),#7511);
#7143=STYLED_ITEM('',(#12766),#7512);
#7144=STYLED_ITEM('',(#12766),#7513);
#7145=STYLED_ITEM('',(#12766),#7514);
#7146=STYLED_ITEM('',(#12766),#7515);
#7147=STYLED_ITEM('',(#12766),#7516);
#7148=STYLED_ITEM('',(#12766),#7517);
#7149=STYLED_ITEM('',(#12766),#7518);
#7150=STYLED_ITEM('',(#12766),#7519);
#7151=STYLED_ITEM('',(#12766),#7520);
#7152=STYLED_ITEM('',(#12766),#7521);
#7153=STYLED_ITEM('',(#12766),#7522);
#7154=STYLED_ITEM('',(#12766),#7523);
#7155=STYLED_ITEM('',(#12766),#7524);
#7156=STYLED_ITEM('',(#12766),#7525);
#7157=STYLED_ITEM('',(#12766),#7526);
#7158=STYLED_ITEM('',(#12766),#7527);
#7159=STYLED_ITEM('',(#12766),#7528);
#7160=STYLED_ITEM('',(#12766),#7529);
#7161=STYLED_ITEM('',(#12766),#7530);
#7162=STYLED_ITEM('',(#12766),#7531);
#7163=STYLED_ITEM('',(#12766),#7532);
#7164=STYLED_ITEM('',(#12766),#7533);
#7165=STYLED_ITEM('',(#12766),#7534);
#7166=STYLED_ITEM('',(#12766),#7535);
#7167=STYLED_ITEM('',(#12766),#7536);
#7168=STYLED_ITEM('',(#12766),#7537);
#7169=STYLED_ITEM('',(#12766),#7538);
#7170=STYLED_ITEM('',(#12766),#7539);
#7171=STYLED_ITEM('',(#12766),#7540);
#7172=STYLED_ITEM('',(#12766),#7541);
#7173=STYLED_ITEM('',(#12766),#7542);
#7174=STYLED_ITEM('',(#12766),#7543);
#7175=STYLED_ITEM('',(#12766),#7544);
#7176=STYLED_ITEM('',(#12766),#7545);
#7177=STYLED_ITEM('',(#12765),#13);
#7178=ADVANCED_FACE('',(#212),#6588,.T.);
#7179=ADVANCED_FACE('',(#213),#6589,.T.);
#7180=ADVANCED_FACE('',(#214),#210,.F.);
#7181=ADVANCED_FACE('',(#215),#6590,.T.);
#7182=ADVANCED_FACE('',(#216),#89,.F.);
#7183=ADVANCED_FACE('',(#217),#90,.F.);
#7184=ADVANCED_FACE('',(#218),#91,.T.);
#7185=ADVANCED_FACE('',(#219),#92,.T.);
#7186=ADVANCED_FACE('',(#220),#211,.F.);
#7187=ADVANCED_FACE('',(#221),#6591,.T.);
#7188=ADVANCED_FACE('',(#222),#6592,.F.);
#7189=ADVANCED_FACE('',(#223),#6593,.F.);
#7190=ADVANCED_FACE('',(#224),#6594,.F.);
#7191=ADVANCED_FACE('',(#225),#6595,.T.);
#7192=ADVANCED_FACE('',(#226),#93,.F.);
#7193=ADVANCED_FACE('',(#227),#94,.F.);
#7194=ADVANCED_FACE('',(#228),#95,.F.);
#7195=ADVANCED_FACE('',(#229),#6596,.T.);
#7196=ADVANCED_FACE('',(#230),#6597,.F.);
#7197=ADVANCED_FACE('',(#231),#6598,.F.);
#7198=ADVANCED_FACE('',(#232),#6599,.T.);
#7199=ADVANCED_FACE('',(#233),#6600,.F.);
#7200=ADVANCED_FACE('',(#234),#6601,.F.);
#7201=ADVANCED_FACE('',(#235),#6602,.F.);
#7202=ADVANCED_FACE('',(#236),#6603,.T.);
#7203=ADVANCED_FACE('',(#237),#6604,.F.);
#7204=ADVANCED_FACE('',(#238),#6605,.F.);
#7205=ADVANCED_FACE('',(#239),#6606,.F.);
#7206=ADVANCED_FACE('',(#240),#6607,.F.);
#7207=ADVANCED_FACE('',(#241),#96,.T.);
#7208=ADVANCED_FACE('',(#242),#97,.T.);
#7209=ADVANCED_FACE('',(#243),#98,.T.);
#7210=ADVANCED_FACE('',(#244),#99,.T.);
#7211=ADVANCED_FACE('',(#245),#100,.T.);
#7212=ADVANCED_FACE('',(#246),#6608,.T.);
#7213=ADVANCED_FACE('',(#247),#6609,.T.);
#7214=ADVANCED_FACE('',(#248),#6610,.T.);
#7215=ADVANCED_FACE('',(#249),#101,.F.);
#7216=ADVANCED_FACE('',(#250),#6611,.T.);
#7217=ADVANCED_FACE('',(#251),#102,.T.);
#7218=ADVANCED_FACE('',(#252),#103,.T.);
#7219=ADVANCED_FACE('',(#253),#6612,.F.);
#7220=ADVANCED_FACE('',(#254),#6613,.F.);
#7221=ADVANCED_FACE('',(#255),#6614,.T.);
#7222=ADVANCED_FACE('',(#256),#104,.F.);
#7223=ADVANCED_FACE('',(#257),#6615,.T.);
#7224=ADVANCED_FACE('',(#258),#6616,.T.);
#7225=ADVANCED_FACE('',(#259),#6617,.T.);
#7226=ADVANCED_FACE('',(#260),#6618,.T.);
#7227=ADVANCED_FACE('',(#261,#38,#39),#6619,.T.);
#7228=ADVANCED_FACE('',(#262),#105,.T.);
#7229=ADVANCED_FACE('',(#263),#106,.T.);
#7230=ADVANCED_FACE('',(#264),#26,.T.);
#7231=ADVANCED_FACE('',(#265),#27,.T.);
#7232=ADVANCED_FACE('',(#266),#6620,.T.);
#7233=ADVANCED_FACE('',(#267),#28,.T.);
#7234=ADVANCED_FACE('',(#268),#107,.T.);
#7235=ADVANCED_FACE('',(#269),#108,.T.);
#7236=ADVANCED_FACE('',(#270),#29,.T.);
#7237=ADVANCED_FACE('',(#271),#6621,.T.);
#7238=ADVANCED_FACE('',(#272),#6622,.F.);
#7239=ADVANCED_FACE('',(#273),#6623,.F.);
#7240=ADVANCED_FACE('',(#274),#6624,.F.);
#7241=ADVANCED_FACE('',(#275),#109,.T.);
#7242=ADVANCED_FACE('',(#276),#6625,.T.);
#7243=ADVANCED_FACE('',(#277),#20,.T.);
#7244=ADVANCED_FACE('',(#278,#40),#6626,.T.);
#7245=ADVANCED_FACE('',(#279),#6627,.T.);
#7246=ADVANCED_FACE('',(#280),#6628,.T.);
#7247=ADVANCED_FACE('',(#281),#110,.F.);
#7248=ADVANCED_FACE('',(#282),#111,.F.);
#7249=ADVANCED_FACE('',(#283),#6629,.T.);
#7250=ADVANCED_FACE('',(#284),#6630,.T.);
#7251=ADVANCED_FACE('',(#285),#6631,.T.);
#7252=ADVANCED_FACE('',(#286,#41,#42,#43),#6632,.F.);
#7253=ADVANCED_FACE('',(#287),#112,.F.);
#7254=ADVANCED_FACE('',(#288,#44,#45,#46),#6633,.T.);
#7255=ADVANCED_FACE('',(#289),#113,.F.);
#7256=ADVANCED_FACE('',(#290),#114,.F.);
#7257=ADVANCED_FACE('',(#291),#6634,.F.);
#7258=ADVANCED_FACE('',(#292),#115,.F.);
#7259=ADVANCED_FACE('',(#293),#6635,.F.);
#7260=ADVANCED_FACE('',(#294),#116,.F.);
#7261=ADVANCED_FACE('',(#295),#6636,.F.);
#7262=ADVANCED_FACE('',(#296),#6637,.T.);
#7263=ADVANCED_FACE('',(#297),#117,.T.);
#7264=ADVANCED_FACE('',(#298),#118,.F.);
#7265=ADVANCED_FACE('',(#299),#6638,.F.);
#7266=ADVANCED_FACE('',(#300),#6639,.F.);
#7267=ADVANCED_FACE('',(#301),#119,.T.);
#7268=ADVANCED_FACE('',(#302),#120,.F.);
#7269=ADVANCED_FACE('',(#303),#6640,.F.);
#7270=ADVANCED_FACE('',(#304),#121,.T.);
#7271=ADVANCED_FACE('',(#305),#6641,.F.);
#7272=ADVANCED_FACE('',(#306),#6642,.F.);
#7273=ADVANCED_FACE('',(#307),#122,.F.);
#7274=ADVANCED_FACE('',(#308),#123,.F.);
#7275=ADVANCED_FACE('',(#309),#6643,.T.);
#7276=ADVANCED_FACE('',(#310),#6644,.T.);
#7277=ADVANCED_FACE('',(#311),#6645,.T.);
#7278=ADVANCED_FACE('',(#312),#124,.T.);
#7279=ADVANCED_FACE('',(#313),#6646,.T.);
#7280=ADVANCED_FACE('',(#314),#125,.T.);
#7281=ADVANCED_FACE('',(#315),#6647,.T.);
#7282=ADVANCED_FACE('',(#316),#126,.F.);
#7283=ADVANCED_FACE('',(#317),#6648,.F.);
#7284=ADVANCED_FACE('',(#318),#6649,.T.);
#7285=ADVANCED_FACE('',(#319),#6650,.T.);
#7286=ADVANCED_FACE('',(#320),#6651,.T.);
#7287=ADVANCED_FACE('',(#321),#6652,.T.);
#7288=ADVANCED_FACE('',(#322),#6653,.T.);
#7289=ADVANCED_FACE('',(#323),#6654,.T.);
#7290=ADVANCED_FACE('',(#324),#127,.T.);
#7291=ADVANCED_FACE('',(#325),#6655,.T.);
#7292=ADVANCED_FACE('',(#326),#128,.F.);
#7293=ADVANCED_FACE('',(#327),#6656,.T.);
#7294=ADVANCED_FACE('',(#328),#6657,.F.);
#7295=ADVANCED_FACE('',(#329),#6658,.T.);
#7296=ADVANCED_FACE('',(#330),#129,.T.);
#7297=ADVANCED_FACE('',(#331),#6659,.F.);
#7298=ADVANCED_FACE('',(#332),#130,.T.);
#7299=ADVANCED_FACE('',(#333),#6660,.T.);
#7300=ADVANCED_FACE('',(#334),#131,.F.);
#7301=ADVANCED_FACE('',(#335),#6661,.F.);
#7302=ADVANCED_FACE('',(#336),#6662,.T.);
#7303=ADVANCED_FACE('',(#337),#6663,.F.);
#7304=ADVANCED_FACE('',(#338),#6664,.F.);
#7305=ADVANCED_FACE('',(#339),#6665,.F.);
#7306=ADVANCED_FACE('',(#340),#6666,.F.);
#7307=ADVANCED_FACE('',(#341),#6667,.F.);
#7308=ADVANCED_FACE('',(#342),#6668,.F.);
#7309=ADVANCED_FACE('',(#343),#6669,.F.);
#7310=ADVANCED_FACE('',(#344),#132,.T.);
#7311=ADVANCED_FACE('',(#345),#6670,.T.);
#7312=ADVANCED_FACE('',(#346),#6671,.F.);
#7313=ADVANCED_FACE('',(#347),#6672,.F.);
#7314=ADVANCED_FACE('',(#348),#6673,.F.);
#7315=ADVANCED_FACE('',(#349),#6674,.T.);
#7316=ADVANCED_FACE('',(#350),#6675,.F.);
#7317=ADVANCED_FACE('',(#351),#133,.T.);
#7318=ADVANCED_FACE('',(#352),#6676,.T.);
#7319=ADVANCED_FACE('',(#353),#6677,.T.);
#7320=ADVANCED_FACE('',(#354),#6678,.T.);
#7321=ADVANCED_FACE('',(#355),#6679,.T.);
#7322=ADVANCED_FACE('',(#356),#6680,.T.);
#7323=ADVANCED_FACE('',(#357),#134,.T.);
#7324=ADVANCED_FACE('',(#358),#135,.T.);
#7325=ADVANCED_FACE('',(#359),#136,.T.);
#7326=ADVANCED_FACE('',(#360),#14,.F.);
#7327=ADVANCED_FACE('',(#361),#15,.F.);
#7328=ADVANCED_FACE('',(#362),#16,.F.);
#7329=ADVANCED_FACE('',(#363),#17,.F.);
#7330=ADVANCED_FACE('',(#364),#18,.F.);
#7331=ADVANCED_FACE('',(#365),#137,.T.);
#7332=ADVANCED_FACE('',(#366),#138,.T.);
#7333=ADVANCED_FACE('',(#367),#19,.F.);
#7334=ADVANCED_FACE('',(#368),#139,.T.);
#7335=ADVANCED_FACE('',(#369),#6681,.F.);
#7336=ADVANCED_FACE('',(#370),#6682,.F.);
#7337=ADVANCED_FACE('',(#371),#6683,.F.);
#7338=ADVANCED_FACE('',(#372),#6684,.F.);
#7339=ADVANCED_FACE('',(#373),#140,.F.);
#7340=ADVANCED_FACE('',(#374),#6685,.T.);
#7341=ADVANCED_FACE('',(#375),#6686,.F.);
#7342=ADVANCED_FACE('',(#376),#6687,.T.);
#7343=ADVANCED_FACE('',(#377),#6688,.T.);
#7344=ADVANCED_FACE('',(#378),#141,.T.);
#7345=ADVANCED_FACE('',(#379),#6689,.T.);
#7346=ADVANCED_FACE('',(#380),#142,.F.);
#7347=ADVANCED_FACE('',(#381),#6690,.T.);
#7348=ADVANCED_FACE('',(#382),#143,.T.);
#7349=ADVANCED_FACE('',(#383),#6691,.T.);
#7350=ADVANCED_FACE('',(#384,#47),#6692,.T.);
#7351=ADVANCED_FACE('',(#385),#144,.T.);
#7352=ADVANCED_FACE('',(#386),#6693,.T.);
#7353=ADVANCED_FACE('',(#387),#6694,.T.);
#7354=ADVANCED_FACE('',(#388),#6695,.T.);
#7355=ADVANCED_FACE('',(#389),#6696,.T.);
#7356=ADVANCED_FACE('',(#390),#145,.F.);
#7357=ADVANCED_FACE('',(#391),#6697,.T.);
#7358=ADVANCED_FACE('',(#392),#6698,.F.);
#7359=ADVANCED_FACE('',(#393),#146,.F.);
#7360=ADVANCED_FACE('',(#394),#6699,.T.);
#7361=ADVANCED_FACE('',(#395),#6700,.F.);
#7362=ADVANCED_FACE('',(#396),#6701,.F.);
#7363=ADVANCED_FACE('',(#397),#6702,.F.);
#7364=ADVANCED_FACE('',(#398),#147,.F.);
#7365=ADVANCED_FACE('',(#399),#148,.T.);
#7366=ADVANCED_FACE('',(#400),#6703,.T.);
#7367=ADVANCED_FACE('',(#401),#6704,.T.);
#7368=ADVANCED_FACE('',(#402),#6705,.T.);
#7369=ADVANCED_FACE('',(#403),#149,.T.);
#7370=ADVANCED_FACE('',(#404),#150,.F.);
#7371=ADVANCED_FACE('',(#405),#6706,.F.);
#7372=ADVANCED_FACE('',(#406),#6707,.T.);
#7373=ADVANCED_FACE('',(#407),#6708,.T.);
#7374=ADVANCED_FACE('',(#408),#6709,.T.);
#7375=ADVANCED_FACE('',(#409,#48),#6710,.T.);
#7376=ADVANCED_FACE('',(#410),#6711,.T.);
#7377=ADVANCED_FACE('',(#411),#6712,.T.);
#7378=ADVANCED_FACE('',(#412),#6713,.T.);
#7379=ADVANCED_FACE('',(#413),#6714,.F.);
#7380=ADVANCED_FACE('',(#414),#6715,.T.);
#7381=ADVANCED_FACE('',(#415),#6716,.F.);
#7382=ADVANCED_FACE('',(#416),#6717,.T.);
#7383=ADVANCED_FACE('',(#417),#151,.F.);
#7384=ADVANCED_FACE('',(#418),#152,.F.);
#7385=ADVANCED_FACE('',(#419),#153,.T.);
#7386=ADVANCED_FACE('',(#420),#6718,.T.);
#7387=ADVANCED_FACE('',(#421),#6719,.T.);
#7388=ADVANCED_FACE('',(#422),#6720,.T.);
#7389=ADVANCED_FACE('',(#423),#154,.T.);
#7390=ADVANCED_FACE('',(#424),#6721,.T.);
#7391=ADVANCED_FACE('',(#425),#6722,.T.);
#7392=ADVANCED_FACE('',(#426),#6723,.F.);
#7393=ADVANCED_FACE('',(#427),#6724,.T.);
#7394=ADVANCED_FACE('',(#428),#6725,.F.);
#7395=ADVANCED_FACE('',(#429),#6726,.T.);
#7396=ADVANCED_FACE('',(#430),#155,.F.);
#7397=ADVANCED_FACE('',(#431),#156,.F.);
#7398=ADVANCED_FACE('',(#432),#157,.T.);
#7399=ADVANCED_FACE('',(#433),#6727,.T.);
#7400=ADVANCED_FACE('',(#434),#6728,.T.);
#7401=ADVANCED_FACE('',(#435),#6729,.T.);
#7402=ADVANCED_FACE('',(#436),#158,.T.);
#7403=ADVANCED_FACE('',(#437),#6730,.T.);
#7404=ADVANCED_FACE('',(#438),#6731,.T.);
#7405=ADVANCED_FACE('',(#439),#6732,.F.);
#7406=ADVANCED_FACE('',(#440),#6733,.T.);
#7407=ADVANCED_FACE('',(#441),#6734,.F.);
#7408=ADVANCED_FACE('',(#442),#6735,.T.);
#7409=ADVANCED_FACE('',(#443),#159,.F.);
#7410=ADVANCED_FACE('',(#444),#160,.F.);
#7411=ADVANCED_FACE('',(#445),#161,.T.);
#7412=ADVANCED_FACE('',(#446),#6736,.T.);
#7413=ADVANCED_FACE('',(#447),#6737,.T.);
#7414=ADVANCED_FACE('',(#448),#6738,.T.);
#7415=ADVANCED_FACE('',(#449),#162,.T.);
#7416=ADVANCED_FACE('',(#450),#6739,.T.);
#7417=ADVANCED_FACE('',(#451),#6740,.T.);
#7418=ADVANCED_FACE('',(#452),#6741,.F.);
#7419=ADVANCED_FACE('',(#453),#6742,.T.);
#7420=ADVANCED_FACE('',(#454),#6743,.F.);
#7421=ADVANCED_FACE('',(#455),#6744,.T.);
#7422=ADVANCED_FACE('',(#456),#163,.F.);
#7423=ADVANCED_FACE('',(#457),#164,.F.);
#7424=ADVANCED_FACE('',(#458),#165,.T.);
#7425=ADVANCED_FACE('',(#459),#6745,.T.);
#7426=ADVANCED_FACE('',(#460),#6746,.T.);
#7427=ADVANCED_FACE('',(#461),#6747,.T.);
#7428=ADVANCED_FACE('',(#462),#166,.T.);
#7429=ADVANCED_FACE('',(#463),#6748,.T.);
#7430=ADVANCED_FACE('',(#464),#6749,.T.);
#7431=ADVANCED_FACE('',(#465),#6750,.F.);
#7432=ADVANCED_FACE('',(#466),#6751,.T.);
#7433=ADVANCED_FACE('',(#467),#6752,.F.);
#7434=ADVANCED_FACE('',(#468),#6753,.T.);
#7435=ADVANCED_FACE('',(#469),#167,.F.);
#7436=ADVANCED_FACE('',(#470),#168,.F.);
#7437=ADVANCED_FACE('',(#471),#169,.T.);
#7438=ADVANCED_FACE('',(#472),#6754,.T.);
#7439=ADVANCED_FACE('',(#473),#170,.F.);
#7440=ADVANCED_FACE('',(#474),#6755,.T.);
#7441=ADVANCED_FACE('',(#475),#6756,.T.);
#7442=ADVANCED_FACE('',(#476),#171,.F.);
#7443=ADVANCED_FACE('',(#477),#6757,.F.);
#7444=ADVANCED_FACE('',(#478),#6758,.F.);
#7445=ADVANCED_FACE('',(#479),#172,.F.);
#7446=ADVANCED_FACE('',(#480),#173,.T.);
#7447=ADVANCED_FACE('',(#481),#6759,.T.);
#7448=ADVANCED_FACE('',(#482),#174,.T.);
#7449=ADVANCED_FACE('',(#483,#49,#50,#51,#52,#53,#54),#6760,.T.);
#7450=ADVANCED_FACE('',(#484),#175,.T.);
#7451=ADVANCED_FACE('',(#485),#30,.T.);
#7452=ADVANCED_FACE('',(#486),#31,.T.);
#7453=ADVANCED_FACE('',(#487),#176,.T.);
#7454=ADVANCED_FACE('',(#488),#6761,.T.);
#7455=ADVANCED_FACE('',(#489),#6762,.F.);
#7456=ADVANCED_FACE('',(#490),#6763,.F.);
#7457=ADVANCED_FACE('',(#491),#6764,.F.);
#7458=ADVANCED_FACE('',(#492),#6765,.F.);
#7459=ADVANCED_FACE('',(#493),#6766,.F.);
#7460=ADVANCED_FACE('',(#494),#6767,.F.);
#7461=ADVANCED_FACE('',(#495),#6768,.F.);
#7462=ADVANCED_FACE('',(#496),#6769,.F.);
#7463=ADVANCED_FACE('',(#497),#177,.T.);
#7464=ADVANCED_FACE('',(#498),#32,.T.);
#7465=ADVANCED_FACE('',(#499),#178,.T.);
#7466=ADVANCED_FACE('',(#500),#33,.T.);
#7467=ADVANCED_FACE('',(#501),#6770,.T.);
#7468=ADVANCED_FACE('',(#502),#34,.T.);
#7469=ADVANCED_FACE('',(#503),#179,.T.);
#7470=ADVANCED_FACE('',(#504),#35,.T.);
#7471=ADVANCED_FACE('',(#505),#180,.T.);
#7472=ADVANCED_FACE('',(#506),#6771,.T.);
#7473=ADVANCED_FACE('',(#507),#181,.T.);
#7474=ADVANCED_FACE('',(#508),#182,.T.);
#7475=ADVANCED_FACE('',(#509),#36,.T.);
#7476=ADVANCED_FACE('',(#510),#37,.T.);
#7477=ADVANCED_FACE('',(#511),#6772,.T.);
#7478=ADVANCED_FACE('',(#512),#183,.F.);
#7479=ADVANCED_FACE('',(#513),#184,.T.);
#7480=ADVANCED_FACE('',(#514),#6773,.T.);
#7481=ADVANCED_FACE('',(#515),#6774,.F.);
#7482=ADVANCED_FACE('',(#516),#6775,.T.);
#7483=ADVANCED_FACE('',(#517),#6776,.T.);
#7484=ADVANCED_FACE('',(#518),#21,.T.);
#7485=ADVANCED_FACE('',(#519),#22,.T.);
#7486=ADVANCED_FACE('',(#520),#23,.T.);
#7487=ADVANCED_FACE('',(#521),#185,.T.);
#7488=ADVANCED_FACE('',(#522),#6777,.F.);
#7489=ADVANCED_FACE('',(#523),#186,.T.);
#7490=ADVANCED_FACE('',(#524),#24,.T.);
#7491=ADVANCED_FACE('',(#525),#6778,.F.);
#7492=ADVANCED_FACE('',(#526),#6779,.T.);
#7493=ADVANCED_FACE('',(#527),#25,.T.);
#7494=ADVANCED_FACE('',(#528),#187,.T.);
#7495=ADVANCED_FACE('',(#529),#6780,.T.);
#7496=ADVANCED_FACE('',(#530),#188,.F.);
#7497=ADVANCED_FACE('',(#531),#6781,.T.);
#7498=ADVANCED_FACE('',(#532),#6782,.F.);
#7499=ADVANCED_FACE('',(#533),#6783,.T.);
#7500=ADVANCED_FACE('',(#534),#189,.T.);
#7501=ADVANCED_FACE('',(#535,#55,#56,#57),#6784,.F.);
#7502=ADVANCED_FACE('',(#536),#6785,.F.);
#7503=ADVANCED_FACE('',(#537),#6786,.F.);
#7504=ADVANCED_FACE('',(#538),#190,.F.);
#7505=ADVANCED_FACE('',(#539),#191,.T.);
#7506=ADVANCED_FACE('',(#540),#6787,.T.);
#7507=ADVANCED_FACE('',(#541),#192,.F.);
#7508=ADVANCED_FACE('',(#542),#193,.T.);
#7509=ADVANCED_FACE('',(#543),#194,.F.);
#7510=ADVANCED_FACE('',(#544,#58,#59,#60),#6788,.T.);
#7511=ADVANCED_FACE('',(#545),#195,.F.);
#7512=ADVANCED_FACE('',(#546),#196,.F.);
#7513=ADVANCED_FACE('',(#547),#197,.F.);
#7514=ADVANCED_FACE('',(#548),#6789,.F.);
#7515=ADVANCED_FACE('',(#549),#6790,.F.);
#7516=ADVANCED_FACE('',(#550),#6791,.F.);
#7517=ADVANCED_FACE('',(#551),#198,.F.);
#7518=ADVANCED_FACE('',(#552),#6792,.T.);
#7519=ADVANCED_FACE('',(#553),#199,.T.);
#7520=ADVANCED_FACE('',(#554),#6793,.F.);
#7521=ADVANCED_FACE('',(#555),#6794,.T.);
#7522=ADVANCED_FACE('',(#556),#200,.F.);
#7523=ADVANCED_FACE('',(#557),#201,.F.);
#7524=ADVANCED_FACE('',(#558),#202,.F.);
#7525=ADVANCED_FACE('',(#559),#203,.F.);
#7526=ADVANCED_FACE('',(#560),#204,.T.);
#7527=ADVANCED_FACE('',(#561),#205,.T.);
#7528=ADVANCED_FACE('',(#562),#6795,.T.);
#7529=ADVANCED_FACE('',(#563),#6796,.F.);
#7530=ADVANCED_FACE('',(#564),#206,.F.);
#7531=ADVANCED_FACE('',(#565),#6797,.T.);
#7532=ADVANCED_FACE('',(#566),#6798,.T.);
#7533=ADVANCED_FACE('',(#567),#6799,.T.);
#7534=ADVANCED_FACE('',(#568),#6800,.T.);
#7535=ADVANCED_FACE('',(#569),#6801,.T.);
#7536=ADVANCED_FACE('',(#570),#6802,.T.);
#7537=ADVANCED_FACE('',(#571),#207,.F.);
#7538=ADVANCED_FACE('',(#572),#6803,.T.);
#7539=ADVANCED_FACE('',(#573),#208,.F.);
#7540=ADVANCED_FACE('',(#574),#6804,.T.);
#7541=ADVANCED_FACE('',(#575),#6805,.T.);
#7542=ADVANCED_FACE('',(#576),#6806,.T.);
#7543=ADVANCED_FACE('',(#577),#6807,.T.);
#7544=ADVANCED_FACE('',(#578),#6808,.T.);
#7545=ADVANCED_FACE('',(#579),#209,.F.);
#7546=CLOSED_SHELL('',(#7178,#7179,#7180,#7181,#7182,#7183,#7184,#7185,
#7186,#7187,#7188,#7189,#7190,#7191,#7192,#7193,#7194,#7195,#7196,#7197,
#7198,#7199,#7200,#7201,#7202,#7203,#7204,#7205,#7206,#7207,#7208,#7209,
#7210,#7211,#7212,#7213,#7214,#7215,#7216,#7217,#7218,#7219,#7220,#7221,
#7222,#7223,#7224,#7225,#7226,#7227,#7228,#7229,#7230,#7231,#7232,#7233,
#7234,#7235,#7236,#7237,#7238,#7239,#7240,#7241,#7242,#7243,#7244,#7245,
#7246,#7247,#7248,#7249,#7250,#7251,#7252,#7253,#7254,#7255,#7256,#7257,
#7258,#7259,#7260,#7261,#7262,#7263,#7264,#7265,#7266,#7267,#7268,#7269,
#7270,#7271,#7272,#7273,#7274,#7275,#7276,#7277,#7278,#7279,#7280,#7281,
#7282,#7283,#7284,#7285,#7286,#7287,#7288,#7289,#7290,#7291,#7292,#7293,
#7294,#7295,#7296,#7297,#7298,#7299,#7300,#7301,#7302,#7303,#7304,#7305,
#7306,#7307,#7308,#7309,#7310,#7311,#7312,#7313,#7314,#7315,#7316,#7317,
#7318,#7319,#7320,#7321,#7322,#7323,#7324,#7325,#7326,#7327,#7328,#7329,
#7330,#7331,#7332,#7333,#7334,#7335,#7336,#7337,#7338,#7339,#7340,#7341,
#7342,#7343,#7344,#7345,#7346,#7347,#7348,#7349,#7350,#7351,#7352,#7353,
#7354,#7355,#7356,#7357,#7358,#7359,#7360,#7361,#7362,#7363,#7364,#7365,
#7366,#7367,#7368,#7369,#7370,#7371,#7372,#7373,#7374,#7375,#7376,#7377,
#7378,#7379,#7380,#7381,#7382,#7383,#7384,#7385,#7386,#7387,#7388,#7389,
#7390,#7391,#7392,#7393,#7394,#7395,#7396,#7397,#7398,#7399,#7400,#7401,
#7402,#7403,#7404,#7405,#7406,#7407,#7408,#7409,#7410,#7411,#7412,#7413,
#7414,#7415,#7416,#7417,#7418,#7419,#7420,#7421,#7422,#7423,#7424,#7425,
#7426,#7427,#7428,#7429,#7430,#7431,#7432,#7433,#7434,#7435,#7436,#7437,
#7438,#7439,#7440,#7441,#7442,#7443,#7444,#7445,#7446,#7447,#7448,#7449,
#7450,#7451,#7452,#7453,#7454,#7455,#7456,#7457,#7458,#7459,#7460,#7461,
#7462,#7463,#7464,#7465,#7466,#7467,#7468,#7469,#7470,#7471,#7472,#7473,
#7474,#7475,#7476,#7477,#7478,#7479,#7480,#7481,#7482,#7483,#7484,#7485,
#7486,#7487,#7488,#7489,#7490,#7491,#7492,#7493,#7494,#7495,#7496,#7497,
#7498,#7499,#7500,#7501,#7502,#7503,#7504,#7505,#7506,#7507,#7508,#7509,
#7510,#7511,#7512,#7513,#7514,#7515,#7516,#7517,#7518,#7519,#7520,#7521,
#7522,#7523,#7524,#7525,#7526,#7527,#7528,#7529,#7530,#7531,#7532,#7533,
#7534,#7535,#7536,#7537,#7538,#7539,#7540,#7541,#7542,#7543,#7544,#7545));
#7547=DERIVED_UNIT_ELEMENT(#7550,1.);
#7548=DERIVED_UNIT_ELEMENT(#12750,-3.);
#7549=DIMENSIONAL_EXPONENTS(0.,1.,0.,0.,0.,0.,0.);
#7550=(
CONVERSION_BASED_UNIT('gram',#7552)
MASS_UNIT()
NAMED_UNIT(#7549)
);
#7551=(
MASS_UNIT()
NAMED_UNIT(*)
SI_UNIT(.KILO.,.GRAM.)
);
#7552=MASS_MEASURE_WITH_UNIT(MASS_MEASURE(0.001),#7551);
#7553=DERIVED_UNIT((#7547,#7548));
#7554=MEASURE_REPRESENTATION_ITEM('density measure',
POSITIVE_RATIO_MEASURE(19.3),#7553);
#7555=PROPERTY_DEFINITION_REPRESENTATION(#7560,#7557);
#7556=PROPERTY_DEFINITION_REPRESENTATION(#7561,#7558);
#7557=REPRESENTATION('material name',(#7559),#12747);
#7558=REPRESENTATION('density',(#7554),#12747);
#7559=DESCRIPTIVE_REPRESENTATION_ITEM('\X2\30B430FC30EB30C9\X0\',
'\X2\30B430FC30EB30C9\X0\');
#7560=PROPERTY_DEFINITION('material property','material name',#12757);
#7561=PROPERTY_DEFINITION('material property','density of part',#12757);
#7562=DATE_TIME_ROLE('creation_date');
#7563=APPLIED_DATE_AND_TIME_ASSIGNMENT(#7564,#7562,(#12757));
#7564=DATE_AND_TIME(#7565,#7566);
#7565=CALENDAR_DATE(2008,29,7);
#7566=LOCAL_TIME(14,35,56.,#7567);
#7567=COORDINATED_UNIVERSAL_TIME_OFFSET(0,0,.BEHIND.);
#7568=AXIS2_PLACEMENT_3D('',#10264,#8217,#8218);
#7569=AXIS2_PLACEMENT_3D('',#10265,#8219,#8220);
#7570=AXIS2_PLACEMENT_3D('',#10286,#8230,#8231);
#7571=AXIS2_PLACEMENT_3D('',#10290,#8233,#8234);
#7572=AXIS2_PLACEMENT_3D('',#10294,#8237,#8238);
#7573=AXIS2_PLACEMENT_3D('',#10319,#8251,#8252);
#7574=AXIS2_PLACEMENT_3D('',#10322,#8253,#8254);
#7575=AXIS2_PLACEMENT_3D('',#10324,#8255,#8256);
#7576=AXIS2_PLACEMENT_3D('',#10325,#8257,#8258);
#7577=AXIS2_PLACEMENT_3D('',#10326,#8259,#8260);
#7578=AXIS2_PLACEMENT_3D('',#10351,#8273,#8274);
#7579=AXIS2_PLACEMENT_3D('',#10355,#8276,#8277);
#7580=AXIS2_PLACEMENT_3D('',#10357,#8279,#8280);
#7581=AXIS2_PLACEMENT_3D('',#10360,#8283,#8284);
#7582=AXIS2_PLACEMENT_3D('',#10361,#8285,#8286);
#7583=AXIS2_PLACEMENT_3D('',#10362,#8287,#8288);
#7584=AXIS2_PLACEMENT_3D('',#10363,#8289,#8290);
#7585=AXIS2_PLACEMENT_3D('',#10364,#8291,#8292);
#7586=AXIS2_PLACEMENT_3D('',#10365,#8293,#8294);
#7587=AXIS2_PLACEMENT_3D('',#10366,#8295,#8296);
#7588=AXIS2_PLACEMENT_3D('',#10368,#8297,#8298);
#7589=AXIS2_PLACEMENT_3D('',#10369,#8299,#8300);
#7590=AXIS2_PLACEMENT_3D('',#10370,#8301,#8302);
#7591=AXIS2_PLACEMENT_3D('',#10377,#8307,#8308);
#7592=AXIS2_PLACEMENT_3D('',#10379,#8310,#8311);
#7593=AXIS2_PLACEMENT_3D('',#10384,#8314,#8315);
#7594=AXIS2_PLACEMENT_3D('',#10385,#8316,#8317);
#7595=AXIS2_PLACEMENT_3D('',#10389,#8319,#8320);
#7596=AXIS2_PLACEMENT_3D('',#10391,#8322,#8323);
#7597=AXIS2_PLACEMENT_3D('',#10416,#8336,#8337);
#7598=AXIS2_PLACEMENT_3D('',#10417,#8338,#8339);
#7599=AXIS2_PLACEMENT_3D('',#10418,#8340,#8341);
#7600=AXIS2_PLACEMENT_3D('',#10419,#8342,#8343);
#7601=AXIS2_PLACEMENT_3D('',#10420,#8344,#8345);
#7602=AXIS2_PLACEMENT_3D('',#10421,#8346,#8347);
#7603=AXIS2_PLACEMENT_3D('',#10433,#8354,#8355);
#7604=AXIS2_PLACEMENT_3D('',#10441,#8359,#8360);
#7605=AXIS2_PLACEMENT_3D('',#10445,#8362,#8363);
#7606=AXIS2_PLACEMENT_3D('',#10457,#8369,#8370);
#7607=AXIS2_PLACEMENT_3D('',#10461,#8372,#8373);
#7608=AXIS2_PLACEMENT_3D('',#10469,#8377,#8378);
#7609=AXIS2_PLACEMENT_3D('',#10473,#8381,#8382);
#7610=AXIS2_PLACEMENT_3D('',#10481,#8387,#8388);
#7611=AXIS2_PLACEMENT_3D('',#10487,#8392,#8393);
#7612=AXIS2_PLACEMENT_3D('',#10491,#8396,#8397);
#7613=AXIS2_PLACEMENT_3D('',#10494,#8400,#8401);
#7614=AXIS2_PLACEMENT_3D('',#10502,#8406,#8407);
#7615=AXIS2_PLACEMENT_3D('',#10508,#8411,#8412);
#7616=AXIS2_PLACEMENT_3D('',#10512,#8415,#8416);
#7617=AXIS2_PLACEMENT_3D('',#10515,#8419,#8420);
#7618=AXIS2_PLACEMENT_3D('',#10516,#8421,#8422);
#7619=AXIS2_PLACEMENT_3D('',#10517,#8423,#8424);
#7620=AXIS2_PLACEMENT_3D('',#10534,#8433,#8434);
#7621=AXIS2_PLACEMENT_3D('',#10535,#8435,#8436);
#7622=AXIS2_PLACEMENT_3D('',#10536,#8437,#8438);
#7623=AXIS2_PLACEMENT_3D('',#10537,#8439,#8440);
#7624=AXIS2_PLACEMENT_3D('',#10538,#8441,#8442);
#7625=AXIS2_PLACEMENT_3D('',#10539,#8443,#8444);
#7626=AXIS2_PLACEMENT_3D('',#10540,#8445,#8446);
#7627=AXIS2_PLACEMENT_3D('',#10541,#8447,#8448);
#7628=AXIS2_PLACEMENT_3D('',#10542,#8449,#8450);
#7629=AXIS2_PLACEMENT_3D('',#10543,#8451,#8452);
#7630=AXIS2_PLACEMENT_3D('',#10544,#8453,#8454);
#7631=AXIS2_PLACEMENT_3D('',#10548,#8456,#8457);
#7632=AXIS2_PLACEMENT_3D('',#10576,#8459,#8460);
#7633=AXIS2_PLACEMENT_3D('',#10585,#8465,#8466);
#7634=AXIS2_PLACEMENT_3D('',#10589,#8469,#8470);
#7635=AXIS2_PLACEMENT_3D('',#10595,#8474,#8475);
#7636=AXIS2_PLACEMENT_3D('',#10600,#8477,#8478);
#7637=AXIS2_PLACEMENT_3D('',#10603,#8480,#8481);
#7638=AXIS2_PLACEMENT_3D('',#10604,#8482,#8483);
#7639=AXIS2_PLACEMENT_3D('',#10610,#8487,#8488);
#7640=AXIS2_PLACEMENT_3D('',#10612,#8489,#8490);
#7641=AXIS2_PLACEMENT_3D('',#10619,#8494,#8495);
#7642=AXIS2_PLACEMENT_3D('',#10620,#8496,#8497);
#7643=AXIS2_PLACEMENT_3D('',#10622,#8499,#8500);
#7644=AXIS2_PLACEMENT_3D('',#10623,#8501,#8502);
#7645=AXIS2_PLACEMENT_3D('',#10624,#8503,#8504);
#7646=AXIS2_PLACEMENT_3D('',#10633,#8509,#8510);
#7647=AXIS2_PLACEMENT_3D('',#10635,#8511,#8512);
#7648=AXIS2_PLACEMENT_3D('',#10650,#8521,#8522);
#7649=AXIS2_PLACEMENT_3D('',#10654,#8525,#8526);
#7650=AXIS2_PLACEMENT_3D('',#10657,#8528,#8529);
#7651=AXIS2_PLACEMENT_3D('',#10658,#8530,#8531);
#7652=AXIS2_PLACEMENT_3D('',#10660,#8533,#8534);
#7653=AXIS2_PLACEMENT_3D('',#10672,#8541,#8542);
#7654=AXIS2_PLACEMENT_3D('',#10676,#8545,#8546);
#7655=AXIS2_PLACEMENT_3D('',#10684,#8551,#8552);
#7656=AXIS2_PLACEMENT_3D('',#10699,#8560,#8561);
#7657=AXIS2_PLACEMENT_3D('',#10702,#8563,#8564);
#7658=AXIS2_PLACEMENT_3D('',#10705,#8565,#8566);
#7659=AXIS2_PLACEMENT_3D('',#10709,#8568,#8569);
#7660=AXIS2_PLACEMENT_3D('',#10711,#8571,#8572);
#7661=AXIS2_PLACEMENT_3D('',#10715,#8574,#8575);
#7662=AXIS2_PLACEMENT_3D('',#10716,#8576,#8577);
#7663=AXIS2_PLACEMENT_3D('',#10717,#8578,#8579);
#7664=AXIS2_PLACEMENT_3D('',#10721,#8581,#8582);
#7665=AXIS2_PLACEMENT_3D('',#10722,#8583,#8584);
#7666=AXIS2_PLACEMENT_3D('',#10723,#8585,#8586);
#7667=AXIS2_PLACEMENT_3D('',#10724,#8587,#8588);
#7668=AXIS2_PLACEMENT_3D('',#10725,#8589,#8590);
#7669=AXIS2_PLACEMENT_3D('',#10726,#8591,#8592);
#7670=AXIS2_PLACEMENT_3D('',#10727,#8593,#8594);
#7671=AXIS2_PLACEMENT_3D('',#10728,#8595,#8596);
#7672=AXIS2_PLACEMENT_3D('',#10731,#8597,#8598);
#7673=AXIS2_PLACEMENT_3D('',#10732,#8599,#8600);
#7674=AXIS2_PLACEMENT_3D('',#10733,#8601,#8602);
#7675=AXIS2_PLACEMENT_3D('',#10734,#8603,#8604);
#7676=AXIS2_PLACEMENT_3D('',#10737,#8606,#8607);
#7677=AXIS2_PLACEMENT_3D('',#10738,#8608,#8609);
#7678=AXIS2_PLACEMENT_3D('',#10741,#8611,#8612);
#7679=AXIS2_PLACEMENT_3D('',#10742,#8613,#8614);
#7680=AXIS2_PLACEMENT_3D('',#10743,#8615,#8616);
#7681=AXIS2_PLACEMENT_3D('',#10744,#8617,#8618);
#7682=AXIS2_PLACEMENT_3D('',#10745,#8619,#8620);
#7683=AXIS2_PLACEMENT_3D('',#10747,#8622,#8623);
#7684=AXIS2_PLACEMENT_3D('',#10749,#8625,#8626);
#7685=AXIS2_PLACEMENT_3D('',#10750,#8627,#8628);
#7686=AXIS2_PLACEMENT_3D('',#10752,#8629,#8630);
#7687=AXIS2_PLACEMENT_3D('',#10754,#8632,#8633);
#7688=AXIS2_PLACEMENT_3D('',#10758,#8636,#8637);
#7689=AXIS2_PLACEMENT_3D('',#10760,#8638,#8639);
#7690=AXIS2_PLACEMENT_3D('',#10764,#8641,#8642);
#7691=AXIS2_PLACEMENT_3D('',#10766,#8644,#8645);
#7692=AXIS2_PLACEMENT_3D('',#10771,#8647,#8648);
#7693=AXIS2_PLACEMENT_3D('',#10776,#8651,#8652);
#7694=AXIS2_PLACEMENT_3D('',#10780,#8654,#8655);
#7695=AXIS2_PLACEMENT_3D('',#10784,#8657,#8658);
#7696=AXIS2_PLACEMENT_3D('',#10787,#8660,#8661);
#7697=AXIS2_PLACEMENT_3D('',#10792,#8663,#8664);
#7698=AXIS2_PLACEMENT_3D('',#10796,#8666,#8667);
#7699=AXIS2_PLACEMENT_3D('',#10800,#8669,#8670);
#7700=AXIS2_PLACEMENT_3D('',#10804,#8672,#8673);
#7701=AXIS2_PLACEMENT_3D('',#10808,#8675,#8676);
#7702=AXIS2_PLACEMENT_3D('',#10811,#8678,#8679);
#7703=AXIS2_PLACEMENT_3D('',#10812,#8680,#8681);
#7704=AXIS2_PLACEMENT_3D('',#10818,#8685,#8686);
#7705=AXIS2_PLACEMENT_3D('',#10827,#8691,#8692);
#7706=AXIS2_PLACEMENT_3D('',#10832,#8694,#8695);
#7707=AXIS2_PLACEMENT_3D('',#10835,#8697,#8698);
#7708=AXIS2_PLACEMENT_3D('',#10836,#8699,#8700);
#7709=AXIS2_PLACEMENT_3D('',#10841,#8702,#8703);
#7710=AXIS2_PLACEMENT_3D('',#10844,#8705,#8706);
#7711=AXIS2_PLACEMENT_3D('',#10845,#8707,#8708);
#7712=AXIS2_PLACEMENT_3D('',#10854,#8713,#8714);
#7713=AXIS2_PLACEMENT_3D('',#10863,#8719,#8720);
#7714=AXIS2_PLACEMENT_3D('',#10872,#8725,#8726);
#7715=AXIS2_PLACEMENT_3D('',#10876,#8728,#8729);
#7716=AXIS2_PLACEMENT_3D('',#10889,#8738,#8739);
#7717=AXIS2_PLACEMENT_3D('',#10891,#8740,#8741);
#7718=AXIS2_PLACEMENT_3D('',#10900,#8746,#8747);
#7719=AXIS2_PLACEMENT_3D('',#10905,#8749,#8750);
#7720=AXIS2_PLACEMENT_3D('',#10909,#8752,#8753);
#7721=AXIS2_PLACEMENT_3D('',#10913,#8755,#8756);
#7722=AXIS2_PLACEMENT_3D('',#10916,#8758,#8759);
#7723=AXIS2_PLACEMENT_3D('',#10918,#8760,#8761);
#7724=AXIS2_PLACEMENT_3D('',#10920,#8762,#8763);
#7725=AXIS2_PLACEMENT_3D('',#10921,#8764,#8765);
#7726=AXIS2_PLACEMENT_3D('',#10924,#8766,#8767);
#7727=AXIS2_PLACEMENT_3D('',#10926,#8768,#8769);
#7728=AXIS2_PLACEMENT_3D('',#10934,#8772,#8773);
#7729=AXIS2_PLACEMENT_3D('',#10939,#8775,#8776);
#7730=AXIS2_PLACEMENT_3D('',#10949,#8781,#8782);
#7731=AXIS2_PLACEMENT_3D('',#10951,#8783,#8784);
#7732=AXIS2_PLACEMENT_3D('',#10962,#8793,#8794);
#7733=AXIS2_PLACEMENT_3D('',#10964,#8795,#8796);
#7734=AXIS2_PLACEMENT_3D('',#10967,#8797,#8798);
#7735=AXIS2_PLACEMENT_3D('',#10972,#8801,#8802);
#7736=AXIS2_PLACEMENT_3D('',#10976,#8804,#8805);
#7737=AXIS2_PLACEMENT_3D('',#10979,#8807,#8808);
#7738=AXIS2_PLACEMENT_3D('',#10980,#8809,#8810);
#7739=AXIS2_PLACEMENT_3D('',#10982,#8812,#8813);
#7740=AXIS2_PLACEMENT_3D('',#10984,#8815,#8816);
#7741=AXIS2_PLACEMENT_3D('',#10987,#8819,#8820);
#7742=AXIS2_PLACEMENT_3D('',#10989,#8822,#8823);
#7743=AXIS2_PLACEMENT_3D('',#10991,#8825,#8826);
#7744=AXIS2_PLACEMENT_3D('',#10993,#8828,#8829);
#7745=AXIS2_PLACEMENT_3D('',#10994,#8830,#8831);
#7746=AXIS2_PLACEMENT_3D('',#11001,#8834,#8835);
#7747=AXIS2_PLACEMENT_3D('',#11005,#8837,#8838);
#7748=AXIS2_PLACEMENT_3D('',#11007,#8840,#8841);
#7749=AXIS2_PLACEMENT_3D('',#11008,#8842,#8843);
#7750=AXIS2_PLACEMENT_3D('',#11010,#8844,#8845);
#7751=AXIS2_PLACEMENT_3D('',#11011,#8846,#8847);
#7752=AXIS2_PLACEMENT_3D('',#11012,#8848,#8849);
#7753=AXIS2_PLACEMENT_3D('',#11019,#8851,#8852);
#7754=AXIS2_PLACEMENT_3D('',#11024,#8854,#8855);
#7755=AXIS2_PLACEMENT_3D('',#11031,#8859,#8860);
#7756=AXIS2_PLACEMENT_3D('',#11032,#8861,#8862);
#7757=AXIS2_PLACEMENT_3D('',#11034,#8864,#8865);
#7758=AXIS2_PLACEMENT_3D('',#11035,#8866,#8867);
#7759=AXIS2_PLACEMENT_3D('',#11037,#8869,#8870);
#7760=AXIS2_PLACEMENT_3D('',#11038,#8871,#8872);
#7761=AXIS2_PLACEMENT_3D('',#11039,#8873,#8874);
#7762=AXIS2_PLACEMENT_3D('',#11041,#8876,#8877);
#7763=AXIS2_PLACEMENT_3D('',#11043,#8879,#8880);
#7764=AXIS2_PLACEMENT_3D('',#11044,#8881,#8882);
#7765=AXIS2_PLACEMENT_3D('',#11048,#8884,#8885);
#7766=AXIS2_PLACEMENT_3D('',#11052,#8887,#8888);
#7767=AXIS2_PLACEMENT_3D('',#11054,#8890,#8891);
#7768=AXIS2_PLACEMENT_3D('',#11105,#8892,#8893);
#7769=AXIS2_PLACEMENT_3D('',#11163,#8896,#8897);
#7770=AXIS2_PLACEMENT_3D('',#11165,#8899,#8900);
#7771=AXIS2_PLACEMENT_3D('',#11167,#8901,#8902);
#7772=AXIS2_PLACEMENT_3D('',#11171,#8904,#8905);
#7773=AXIS2_PLACEMENT_3D('',#11179,#8909,#8910);
#7774=AXIS2_PLACEMENT_3D('',#11182,#8912,#8913);
#7775=AXIS2_PLACEMENT_3D('',#11183,#8914,#8915);
#7776=AXIS2_PLACEMENT_3D('',#11190,#8918,#8919);
#7777=AXIS2_PLACEMENT_3D('',#11199,#8924,#8925);
#7778=AXIS2_PLACEMENT_3D('',#11201,#8927,#8928);
#7779=AXIS2_PLACEMENT_3D('',#11202,#8929,#8930);
#7780=AXIS2_PLACEMENT_3D('',#11203,#8931,#8932);
#7781=AXIS2_PLACEMENT_3D('',#11209,#8936,#8937);
#7782=AXIS2_PLACEMENT_3D('',#11210,#8938,#8939);
#7783=AXIS2_PLACEMENT_3D('',#11212,#8941,#8942);
#7784=AXIS2_PLACEMENT_3D('',#11215,#8945,#8946);
#7785=AXIS2_PLACEMENT_3D('',#11216,#8947,#8948);
#7786=AXIS2_PLACEMENT_3D('',#11218,#8950,#8951);
#7787=AXIS2_PLACEMENT_3D('',#11219,#8952,#8953);
#7788=AXIS2_PLACEMENT_3D('',#11220,#8954,#8955);
#7789=AXIS2_PLACEMENT_3D('',#11221,#8956,#8957);
#7790=AXIS2_PLACEMENT_3D('',#11222,#8958,#8959);
#7791=AXIS2_PLACEMENT_3D('',#11223,#8960,#8961);
#7792=AXIS2_PLACEMENT_3D('',#11224,#8962,#8963);
#7793=AXIS2_PLACEMENT_3D('',#11227,#8965,#8966);
#7794=AXIS2_PLACEMENT_3D('',#11228,#8967,#8968);
#7795=AXIS2_PLACEMENT_3D('',#11232,#8971,#8972);
#7796=AXIS2_PLACEMENT_3D('',#11233,#8973,#8974);
#7797=AXIS2_PLACEMENT_3D('',#11235,#8976,#8977);
#7798=AXIS2_PLACEMENT_3D('',#11236,#8978,#8979);
#7799=AXIS2_PLACEMENT_3D('',#11239,#8981,#8982);
#7800=AXIS2_PLACEMENT_3D('',#11240,#8983,#8984);
#7801=AXIS2_PLACEMENT_3D('',#11241,#8985,#8986);
#7802=AXIS2_PLACEMENT_3D('',#11242,#8987,#8988);
#7803=AXIS2_PLACEMENT_3D('',#11247,#8991,#8992);
#7804=AXIS2_PLACEMENT_3D('',#11248,#8993,#8994);
#7805=AXIS2_PLACEMENT_3D('',#11249,#8995,#8996);
#7806=AXIS2_PLACEMENT_3D('',#11256,#8999,#9000);
#7807=AXIS2_PLACEMENT_3D('',#11259,#9002,#9003);
#7808=AXIS2_PLACEMENT_3D('',#11265,#9006,#9007);
#7809=AXIS2_PLACEMENT_3D('',#11267,#9008,#9009);
#7810=AXIS2_PLACEMENT_3D('',#11271,#9012,#9013);
#7811=AXIS2_PLACEMENT_3D('',#11276,#9016,#9017);
#7812=AXIS2_PLACEMENT_3D('',#11277,#9018,#9019);
#7813=AXIS2_PLACEMENT_3D('',#11289,#9026,#9027);
#7814=AXIS2_PLACEMENT_3D('',#11292,#9030,#9031);
#7815=AXIS2_PLACEMENT_3D('',#11294,#9032,#9033);
#7816=AXIS2_PLACEMENT_3D('',#11298,#9036,#9037);
#7817=AXIS2_PLACEMENT_3D('',#11306,#9043,#9044);
#7818=AXIS2_PLACEMENT_3D('',#11318,#9051,#9052);
#7819=AXIS2_PLACEMENT_3D('',#11320,#9054,#9055);
#7820=AXIS2_PLACEMENT_3D('',#11326,#9059,#9060);
#7821=AXIS2_PLACEMENT_3D('',#11332,#9064,#9065);
#7822=AXIS2_PLACEMENT_3D('',#11335,#9068,#9069);
#7823=AXIS2_PLACEMENT_3D('',#11365,#9071,#9072);
#7824=AXIS2_PLACEMENT_3D('',#11367,#9074,#9075);
#7825=AXIS2_PLACEMENT_3D('',#11372,#9077,#9078);
#7826=AXIS2_PLACEMENT_3D('',#11376,#9080,#9081);
#7827=AXIS2_PLACEMENT_3D('',#11380,#9083,#9084);
#7828=AXIS2_PLACEMENT_3D('',#11384,#9086,#9087);
#7829=AXIS2_PLACEMENT_3D('',#11388,#9089,#9090);
#7830=AXIS2_PLACEMENT_3D('',#11391,#9092,#9093);
#7831=AXIS2_PLACEMENT_3D('',#11392,#9094,#9095);
#7832=AXIS2_PLACEMENT_3D('',#11396,#9099,#9100);
#7833=AXIS2_PLACEMENT_3D('',#11404,#9106,#9107);
#7834=AXIS2_PLACEMENT_3D('',#11448,#9130,#9131);
#7835=AXIS2_PLACEMENT_3D('',#11477,#9149,#9150);
#7836=AXIS2_PLACEMENT_3D('',#11479,#9152,#9153);
#7837=AXIS2_PLACEMENT_3D('',#11481,#9154,#9155);
#7838=AXIS2_PLACEMENT_3D('',#11483,#9157,#9158);
#7839=AXIS2_PLACEMENT_3D('',#11488,#9161,#9162);
#7840=AXIS2_PLACEMENT_3D('',#11489,#9163,#9164);
#7841=AXIS2_PLACEMENT_3D('',#11498,#9169,#9170);
#7842=AXIS2_PLACEMENT_3D('',#11499,#9171,#9172);
#7843=AXIS2_PLACEMENT_3D('',#11500,#9173,#9174);
#7844=AXIS2_PLACEMENT_3D('',#11503,#9176,#9177);
#7845=AXIS2_PLACEMENT_3D('',#11505,#9178,#9179);
#7846=AXIS2_PLACEMENT_3D('',#11511,#9182,#9183);
#7847=AXIS2_PLACEMENT_3D('',#11515,#9185,#9186);
#7848=AXIS2_PLACEMENT_3D('',#11519,#9189,#9190);
#7849=AXIS2_PLACEMENT_3D('',#11523,#9193,#9194);
#7850=AXIS2_PLACEMENT_3D('',#11524,#9195,#9196);
#7851=AXIS2_PLACEMENT_3D('',#11525,#9197,#9198);
#7852=AXIS2_PLACEMENT_3D('',#11526,#9199,#9200);
#7853=AXIS2_PLACEMENT_3D('',#11527,#9201,#9202);
#7854=AXIS2_PLACEMENT_3D('',#11528,#9203,#9204);
#7855=AXIS2_PLACEMENT_3D('',#11529,#9205,#9206);
#7856=AXIS2_PLACEMENT_3D('',#11530,#9207,#9208);
#7857=AXIS2_PLACEMENT_3D('',#11531,#9209,#9210);
#7858=AXIS2_PLACEMENT_3D('',#11541,#9211,#9212);
#7859=AXIS2_PLACEMENT_3D('',#11560,#9213,#9214);
#7860=AXIS2_PLACEMENT_3D('',#11570,#9215,#9216);
#7861=AXIS2_PLACEMENT_3D('',#11580,#9217,#9218);
#7862=AXIS2_PLACEMENT_3D('',#11581,#9219,#9220);
#7863=AXIS2_PLACEMENT_3D('',#11582,#9221,#9222);
#7864=AXIS2_PLACEMENT_3D('',#11583,#9223,#9224);
#7865=AXIS2_PLACEMENT_3D('',#11593,#9225,#9226);
#7866=AXIS2_PLACEMENT_3D('',#11594,#9227,#9228);
#7867=AXIS2_PLACEMENT_3D('',#11595,#9229,#9230);
#7868=AXIS2_PLACEMENT_3D('',#11597,#9232,#9233);
#7869=AXIS2_PLACEMENT_3D('',#11599,#9235,#9236);
#7870=AXIS2_PLACEMENT_3D('',#11601,#9238,#9239);
#7871=AXIS2_PLACEMENT_3D('',#11603,#9241,#9242);
#7872=AXIS2_PLACEMENT_3D('',#11608,#9244,#9245);
#7873=AXIS2_PLACEMENT_3D('',#11611,#9247,#9248);
#7874=AXIS2_PLACEMENT_3D('',#11612,#9249,#9250);
#7875=AXIS2_PLACEMENT_3D('',#11618,#9253,#9254);
#7876=AXIS2_PLACEMENT_3D('',#11622,#9256,#9257);
#7877=AXIS2_PLACEMENT_3D('',#11626,#9259,#9260);
#7878=AXIS2_PLACEMENT_3D('',#11628,#9262,#9263);
#7879=AXIS2_PLACEMENT_3D('',#11634,#9266,#9267);
#7880=AXIS2_PLACEMENT_3D('',#11638,#9269,#9270);
#7881=AXIS2_PLACEMENT_3D('',#11642,#9272,#9273);
#7882=AXIS2_PLACEMENT_3D('',#11644,#9275,#9276);
#7883=AXIS2_PLACEMENT_3D('',#11647,#9279,#9280);
#7884=AXIS2_PLACEMENT_3D('',#11650,#9283,#9284);
#7885=AXIS2_PLACEMENT_3D('',#11651,#9285,#9286);
#7886=AXIS2_PLACEMENT_3D('',#11653,#9288,#9289);
#7887=AXIS2_PLACEMENT_3D('',#11655,#9291,#9292);
#7888=AXIS2_PLACEMENT_3D('',#11657,#9294,#9295);
#7889=AXIS2_PLACEMENT_3D('',#11658,#9296,#9297);
#7890=AXIS2_PLACEMENT_3D('',#11664,#9301,#9302);
#7891=AXIS2_PLACEMENT_3D('',#11681,#9311,#9312);
#7892=AXIS2_PLACEMENT_3D('',#11684,#9314,#9315);
#7893=AXIS2_PLACEMENT_3D('',#11685,#9316,#9317);
#7894=AXIS2_PLACEMENT_3D('',#11691,#9321,#9322);
#7895=AXIS2_PLACEMENT_3D('',#11699,#9326,#9327);
#7896=AXIS2_PLACEMENT_3D('',#11702,#9329,#9330);
#7897=AXIS2_PLACEMENT_3D('',#11703,#9331,#9332);
#7898=AXIS2_PLACEMENT_3D('',#11709,#9336,#9337);
#7899=AXIS2_PLACEMENT_3D('',#11711,#9339,#9340);
#7900=AXIS2_PLACEMENT_3D('',#11716,#9343,#9344);
#7901=AXIS2_PLACEMENT_3D('',#11717,#9345,#9346);
#7902=AXIS2_PLACEMENT_3D('',#11721,#9349,#9350);
#7903=AXIS2_PLACEMENT_3D('',#11722,#9351,#9352);
#7904=AXIS2_PLACEMENT_3D('',#11724,#9354,#9355);
#7905=AXIS2_PLACEMENT_3D('',#11725,#9356,#9357);
#7906=AXIS2_PLACEMENT_3D('',#11726,#9358,#9359);
#7907=AXIS2_PLACEMENT_3D('',#11727,#9360,#9361);
#7908=AXIS2_PLACEMENT_3D('',#11728,#9362,#9363);
#7909=AXIS2_PLACEMENT_3D('',#11729,#9364,#9365);
#7910=AXIS2_PLACEMENT_3D('',#11734,#9367,#9368);
#7911=AXIS2_PLACEMENT_3D('',#11737,#9370,#9371);
#7912=AXIS2_PLACEMENT_3D('',#11738,#9372,#9373);
#7913=AXIS2_PLACEMENT_3D('',#11741,#9374,#9375);
#7914=AXIS2_PLACEMENT_3D('',#11745,#9377,#9378);
#7915=AXIS2_PLACEMENT_3D('',#11747,#9380,#9381);
#7916=AXIS2_PLACEMENT_3D('',#11750,#9384,#9385);
#7917=AXIS2_PLACEMENT_3D('',#11752,#9386,#9387);
#7918=AXIS2_PLACEMENT_3D('',#11757,#9390,#9391);
#7919=AXIS2_PLACEMENT_3D('',#11759,#9393,#9394);
#7920=AXIS2_PLACEMENT_3D('',#11763,#9397,#9398);
#7921=AXIS2_PLACEMENT_3D('',#11766,#9400,#9401);
#7922=AXIS2_PLACEMENT_3D('',#11767,#9402,#9403);
#7923=AXIS2_PLACEMENT_3D('',#11769,#9404,#9405);
#7924=AXIS2_PLACEMENT_3D('',#11771,#9407,#9408);
#7925=AXIS2_PLACEMENT_3D('',#11774,#9411,#9412);
#7926=AXIS2_PLACEMENT_3D('',#11775,#9413,#9414);
#7927=AXIS2_PLACEMENT_3D('',#11776,#9415,#9416);
#7928=AXIS2_PLACEMENT_3D('',#11780,#9419,#9420);
#7929=AXIS2_PLACEMENT_3D('',#11789,#9425,#9426);
#7930=AXIS2_PLACEMENT_3D('',#11791,#9428,#9429);
#7931=AXIS2_PLACEMENT_3D('',#11792,#9430,#9431);
#7932=AXIS2_PLACEMENT_3D('',#11798,#9435,#9436);
#7933=AXIS2_PLACEMENT_3D('',#11804,#9439,#9440);
#7934=AXIS2_PLACEMENT_3D('',#11808,#9442,#9443);
#7935=AXIS2_PLACEMENT_3D('',#11814,#9446,#9447);
#7936=AXIS2_PLACEMENT_3D('',#11817,#9449,#9450);
#7937=AXIS2_PLACEMENT_3D('',#11818,#9451,#9452);
#7938=AXIS2_PLACEMENT_3D('',#11824,#9456,#9457);
#7939=AXIS2_PLACEMENT_3D('',#11830,#9461,#9462);
#7940=AXIS2_PLACEMENT_3D('',#11832,#9464,#9465);
#7941=AXIS2_PLACEMENT_3D('',#11833,#9466,#9467);
#7942=AXIS2_PLACEMENT_3D('',#11834,#9468,#9469);
#7943=AXIS2_PLACEMENT_3D('',#11837,#9471,#9472);
#7944=AXIS2_PLACEMENT_3D('',#11838,#9473,#9474);
#7945=AXIS2_PLACEMENT_3D('',#11843,#9477,#9478);
#7946=AXIS2_PLACEMENT_3D('',#11844,#9479,#9480);
#7947=AXIS2_PLACEMENT_3D('',#11848,#9483,#9484);
#7948=AXIS2_PLACEMENT_3D('',#11850,#9486,#9487);
#7949=AXIS2_PLACEMENT_3D('',#11852,#9488,#9489);
#7950=AXIS2_PLACEMENT_3D('',#11854,#9491,#9492);
#7951=AXIS2_PLACEMENT_3D('',#11856,#9494,#9495);
#7952=AXIS2_PLACEMENT_3D('',#11857,#9496,#9497);
#7953=AXIS2_PLACEMENT_3D('',#11863,#9501,#9502);
#7954=AXIS2_PLACEMENT_3D('',#11869,#9505,#9506);
#7955=AXIS2_PLACEMENT_3D('',#11873,#9508,#9509);
#7956=AXIS2_PLACEMENT_3D('',#11879,#9512,#9513);
#7957=AXIS2_PLACEMENT_3D('',#11882,#9515,#9516);
#7958=AXIS2_PLACEMENT_3D('',#11883,#9517,#9518);
#7959=AXIS2_PLACEMENT_3D('',#11889,#9522,#9523);
#7960=AXIS2_PLACEMENT_3D('',#11895,#9527,#9528);
#7961=AXIS2_PLACEMENT_3D('',#11897,#9530,#9531);
#7962=AXIS2_PLACEMENT_3D('',#11898,#9532,#9533);
#7963=AXIS2_PLACEMENT_3D('',#11899,#9534,#9535);
#7964=AXIS2_PLACEMENT_3D('',#11902,#9537,#9538);
#7965=AXIS2_PLACEMENT_3D('',#11903,#9539,#9540);
#7966=AXIS2_PLACEMENT_3D('',#11908,#9543,#9544);
#7967=AXIS2_PLACEMENT_3D('',#11909,#9545,#9546);
#7968=AXIS2_PLACEMENT_3D('',#11913,#9549,#9550);
#7969=AXIS2_PLACEMENT_3D('',#11915,#9552,#9553);
#7970=AXIS2_PLACEMENT_3D('',#11917,#9554,#9555);
#7971=AXIS2_PLACEMENT_3D('',#11919,#9557,#9558);
#7972=AXIS2_PLACEMENT_3D('',#11921,#9560,#9561);
#7973=AXIS2_PLACEMENT_3D('',#11922,#9562,#9563);
#7974=AXIS2_PLACEMENT_3D('',#11928,#9567,#9568);
#7975=AXIS2_PLACEMENT_3D('',#11934,#9571,#9572);
#7976=AXIS2_PLACEMENT_3D('',#11938,#9574,#9575);
#7977=AXIS2_PLACEMENT_3D('',#11944,#9578,#9579);
#7978=AXIS2_PLACEMENT_3D('',#11947,#9581,#9582);
#7979=AXIS2_PLACEMENT_3D('',#11948,#9583,#9584);
#7980=AXIS2_PLACEMENT_3D('',#11954,#9588,#9589);
#7981=AXIS2_PLACEMENT_3D('',#11960,#9593,#9594);
#7982=AXIS2_PLACEMENT_3D('',#11962,#9596,#9597);
#7983=AXIS2_PLACEMENT_3D('',#11963,#9598,#9599);
#7984=AXIS2_PLACEMENT_3D('',#11964,#9600,#9601);
#7985=AXIS2_PLACEMENT_3D('',#11967,#9603,#9604);
#7986=AXIS2_PLACEMENT_3D('',#11968,#9605,#9606);
#7987=AXIS2_PLACEMENT_3D('',#11973,#9609,#9610);
#7988=AXIS2_PLACEMENT_3D('',#11974,#9611,#9612);
#7989=AXIS2_PLACEMENT_3D('',#11978,#9615,#9616);
#7990=AXIS2_PLACEMENT_3D('',#11980,#9618,#9619);
#7991=AXIS2_PLACEMENT_3D('',#11982,#9620,#9621);
#7992=AXIS2_PLACEMENT_3D('',#11984,#9623,#9624);
#7993=AXIS2_PLACEMENT_3D('',#11986,#9626,#9627);
#7994=AXIS2_PLACEMENT_3D('',#11987,#9628,#9629);
#7995=AXIS2_PLACEMENT_3D('',#11993,#9633,#9634);
#7996=AXIS2_PLACEMENT_3D('',#11999,#9637,#9638);
#7997=AXIS2_PLACEMENT_3D('',#12003,#9640,#9641);
#7998=AXIS2_PLACEMENT_3D('',#12009,#9644,#9645);
#7999=AXIS2_PLACEMENT_3D('',#12012,#9647,#9648);
#8000=AXIS2_PLACEMENT_3D('',#12013,#9649,#9650);
#8001=AXIS2_PLACEMENT_3D('',#12019,#9654,#9655);
#8002=AXIS2_PLACEMENT_3D('',#12025,#9659,#9660);
#8003=AXIS2_PLACEMENT_3D('',#12027,#9662,#9663);
#8004=AXIS2_PLACEMENT_3D('',#12028,#9664,#9665);
#8005=AXIS2_PLACEMENT_3D('',#12029,#9666,#9667);
#8006=AXIS2_PLACEMENT_3D('',#12032,#9669,#9670);
#8007=AXIS2_PLACEMENT_3D('',#12033,#9671,#9672);
#8008=AXIS2_PLACEMENT_3D('',#12038,#9675,#9676);
#8009=AXIS2_PLACEMENT_3D('',#12039,#9677,#9678);
#8010=AXIS2_PLACEMENT_3D('',#12043,#9681,#9682);
#8011=AXIS2_PLACEMENT_3D('',#12045,#9684,#9685);
#8012=AXIS2_PLACEMENT_3D('',#12047,#9686,#9687);
#8013=AXIS2_PLACEMENT_3D('',#12049,#9689,#9690);
#8014=AXIS2_PLACEMENT_3D('',#12051,#9692,#9693);
#8015=AXIS2_PLACEMENT_3D('',#12052,#9694,#9695);
#8016=AXIS2_PLACEMENT_3D('',#12054,#9697,#9698);
#8017=AXIS2_PLACEMENT_3D('',#12060,#9701,#9702);
#8018=AXIS2_PLACEMENT_3D('',#12063,#9704,#9705);
#8019=AXIS2_PLACEMENT_3D('',#12064,#9706,#9707);
#8020=AXIS2_PLACEMENT_3D('',#12065,#9708,#9709);
#8021=AXIS2_PLACEMENT_3D('',#12068,#9712,#9713);
#8022=AXIS2_PLACEMENT_3D('',#12071,#9716,#9717);
#8023=AXIS2_PLACEMENT_3D('',#12072,#9718,#9719);
#8024=AXIS2_PLACEMENT_3D('',#12073,#9720,#9721);
#8025=AXIS2_PLACEMENT_3D('',#12074,#9722,#9723);
#8026=AXIS2_PLACEMENT_3D('',#12075,#9724,#9725);
#8027=AXIS2_PLACEMENT_3D('',#12081,#9729,#9730);
#8028=AXIS2_PLACEMENT_3D('',#12120,#9732,#9733);
#8029=AXIS2_PLACEMENT_3D('',#12122,#9734,#9735);
#8030=AXIS2_PLACEMENT_3D('',#12154,#9736,#9737);
#8031=AXIS2_PLACEMENT_3D('',#12160,#9741,#9742);
#8032=AXIS2_PLACEMENT_3D('',#12164,#9744,#9745);
#8033=AXIS2_PLACEMENT_3D('',#12166,#9747,#9748);
#8034=AXIS2_PLACEMENT_3D('',#12169,#9750,#9751);
#8035=AXIS2_PLACEMENT_3D('',#12170,#9752,#9753);
#8036=AXIS2_PLACEMENT_3D('',#12174,#9755,#9756);
#8037=AXIS2_PLACEMENT_3D('',#12178,#9758,#9759);
#8038=AXIS2_PLACEMENT_3D('',#12183,#9763,#9764);
#8039=AXIS2_PLACEMENT_3D('',#12185,#9766,#9767);
#8040=AXIS2_PLACEMENT_3D('',#12215,#9768,#9769);
#8041=AXIS2_PLACEMENT_3D('',#12216,#9770,#9771);
#8042=AXIS2_PLACEMENT_3D('',#12219,#9772,#9773);
#8043=AXIS2_PLACEMENT_3D('',#12222,#9776,#9777);
#8044=AXIS2_PLACEMENT_3D('',#12227,#9781,#9782);
#8045=AXIS2_PLACEMENT_3D('',#12229,#9784,#9785);
#8046=AXIS2_PLACEMENT_3D('',#12237,#9790,#9791);
#8047=AXIS2_PLACEMENT_3D('',#12242,#9793,#9794);
#8048=AXIS2_PLACEMENT_3D('',#12245,#9796,#9797);
#8049=AXIS2_PLACEMENT_3D('',#12266,#9807,#9808);
#8050=AXIS2_PLACEMENT_3D('',#12269,#9810,#9811);
#8051=AXIS2_PLACEMENT_3D('',#12272,#9812,#9813);
#8052=AXIS2_PLACEMENT_3D('',#12276,#9815,#9816);
#8053=AXIS2_PLACEMENT_3D('',#12280,#9818,#9819);
#8054=AXIS2_PLACEMENT_3D('',#12284,#9821,#9822);
#8055=AXIS2_PLACEMENT_3D('',#12286,#9824,#9825);
#8056=AXIS2_PLACEMENT_3D('',#12290,#9827,#9828);
#8057=AXIS2_PLACEMENT_3D('',#12291,#9829,#9830);
#8058=AXIS2_PLACEMENT_3D('',#12292,#9831,#9832);
#8059=AXIS2_PLACEMENT_3D('',#12294,#9833,#9834);
#8060=AXIS2_PLACEMENT_3D('',#12295,#9835,#9836);
#8061=AXIS2_PLACEMENT_3D('',#12296,#9837,#9838);
#8062=AXIS2_PLACEMENT_3D('',#12298,#9839,#9840);
#8063=AXIS2_PLACEMENT_3D('',#12299,#9841,#9842);
#8064=AXIS2_PLACEMENT_3D('',#12300,#9843,#9844);
#8065=AXIS2_PLACEMENT_3D('',#12302,#9846,#9847);
#8066=AXIS2_PLACEMENT_3D('',#12303,#9848,#9849);
#8067=AXIS2_PLACEMENT_3D('',#12306,#9852,#9853);
#8068=AXIS2_PLACEMENT_3D('',#12308,#9855,#9856);
#8069=AXIS2_PLACEMENT_3D('',#12310,#9858,#9859);
#8070=AXIS2_PLACEMENT_3D('',#12311,#9860,#9861);
#8071=AXIS2_PLACEMENT_3D('',#12314,#9864,#9865);
#8072=AXIS2_PLACEMENT_3D('',#12316,#9867,#9868);
#8073=AXIS2_PLACEMENT_3D('',#12318,#9870,#9871);
#8074=AXIS2_PLACEMENT_3D('',#12319,#9872,#9873);
#8075=AXIS2_PLACEMENT_3D('',#12323,#9875,#9876);
#8076=AXIS2_PLACEMENT_3D('',#12324,#9877,#9878);
#8077=AXIS2_PLACEMENT_3D('',#12325,#9879,#9880);
#8078=AXIS2_PLACEMENT_3D('',#12327,#9881,#9882);
#8079=AXIS2_PLACEMENT_3D('',#12328,#9883,#9884);
#8080=AXIS2_PLACEMENT_3D('',#12329,#9885,#9886);
#8081=AXIS2_PLACEMENT_3D('',#12332,#9888,#9889);
#8082=AXIS2_PLACEMENT_3D('',#12333,#9890,#9891);
#8083=AXIS2_PLACEMENT_3D('',#12334,#9892,#9893);
#8084=AXIS2_PLACEMENT_3D('',#12335,#9894,#9895);
#8085=AXIS2_PLACEMENT_3D('',#12336,#9896,#9897);
#8086=AXIS2_PLACEMENT_3D('',#12339,#9898,#9899);
#8087=AXIS2_PLACEMENT_3D('',#12340,#9900,#9901);
#8088=AXIS2_PLACEMENT_3D('',#12341,#9902,#9903);
#8089=AXIS2_PLACEMENT_3D('',#12342,#9904,#9905);
#8090=AXIS2_PLACEMENT_3D('',#12345,#9907,#9908);
#8091=AXIS2_PLACEMENT_3D('',#12346,#9909,#9910);
#8092=AXIS2_PLACEMENT_3D('',#12348,#9911,#9912);
#8093=AXIS2_PLACEMENT_3D('',#12349,#9913,#9914);
#8094=AXIS2_PLACEMENT_3D('',#12350,#9915,#9916);
#8095=AXIS2_PLACEMENT_3D('',#12352,#9918,#9919);
#8096=AXIS2_PLACEMENT_3D('',#12353,#9920,#9921);
#8097=AXIS2_PLACEMENT_3D('',#12357,#9923,#9924);
#8098=AXIS2_PLACEMENT_3D('',#12358,#9925,#9926);
#8099=AXIS2_PLACEMENT_3D('',#12359,#9927,#9928);
#8100=AXIS2_PLACEMENT_3D('',#12363,#9930,#9931);
#8101=AXIS2_PLACEMENT_3D('',#12364,#9932,#9933);
#8102=AXIS2_PLACEMENT_3D('',#12365,#9934,#9935);
#8103=AXIS2_PLACEMENT_3D('',#12366,#9936,#9937);
#8104=AXIS2_PLACEMENT_3D('',#12367,#9938,#9939);
#8105=AXIS2_PLACEMENT_3D('',#12368,#9940,#9941);
#8106=AXIS2_PLACEMENT_3D('',#12369,#9942,#9943);
#8107=AXIS2_PLACEMENT_3D('',#12370,#9944,#9945);
#8108=AXIS2_PLACEMENT_3D('',#12398,#9947,#9948);
#8109=AXIS2_PLACEMENT_3D('',#12399,#9949,#9950);
#8110=AXIS2_PLACEMENT_3D('',#12402,#9952,#9953);
#8111=AXIS2_PLACEMENT_3D('',#12403,#9954,#9955);
#8112=AXIS2_PLACEMENT_3D('',#12407,#9958,#9959);
#8113=AXIS2_PLACEMENT_3D('',#12409,#9961,#9962);
#8114=AXIS2_PLACEMENT_3D('',#12410,#9963,#9964);
#8115=AXIS2_PLACEMENT_3D('',#12413,#9967,#9968);
#8116=AXIS2_PLACEMENT_3D('',#12414,#9969,#9970);
#8117=AXIS2_PLACEMENT_3D('',#12416,#9972,#9973);
#8118=AXIS2_PLACEMENT_3D('',#12417,#9974,#9975);
#8119=AXIS2_PLACEMENT_3D('',#12419,#9977,#9978);
#8120=AXIS2_PLACEMENT_3D('',#12420,#9979,#9980);
#8121=AXIS2_PLACEMENT_3D('',#12422,#9982,#9983);
#8122=AXIS2_PLACEMENT_3D('',#12423,#9984,#9985);
#8123=AXIS2_PLACEMENT_3D('',#12424,#9986,#9987);
#8124=AXIS2_PLACEMENT_3D('',#12426,#9989,#9990);
#8125=AXIS2_PLACEMENT_3D('',#12428,#9992,#9993);
#8126=AXIS2_PLACEMENT_3D('',#12430,#9995,#9996);
#8127=AXIS2_PLACEMENT_3D('',#12431,#9997,#9998);
#8128=AXIS2_PLACEMENT_3D('',#12433,#10000,#10001);
#8129=AXIS2_PLACEMENT_3D('',#12434,#10002,#10003);
#8130=AXIS2_PLACEMENT_3D('',#12436,#10005,#10006);
#8131=AXIS2_PLACEMENT_3D('',#12437,#10007,#10008);
#8132=AXIS2_PLACEMENT_3D('',#12439,#10010,#10011);
#8133=AXIS2_PLACEMENT_3D('',#12443,#10014,#10015);
#8134=AXIS2_PLACEMENT_3D('',#12445,#10016,#10017);
#8135=AXIS2_PLACEMENT_3D('',#12452,#10021,#10022);
#8136=AXIS2_PLACEMENT_3D('',#12453,#10023,#10024);
#8137=AXIS2_PLACEMENT_3D('',#12457,#10026,#10027);
#8138=AXIS2_PLACEMENT_3D('',#12458,#10028,#10029);
#8139=AXIS2_PLACEMENT_3D('',#12459,#10030,#10031);
#8140=AXIS2_PLACEMENT_3D('',#12461,#10032,#10033);
#8141=AXIS2_PLACEMENT_3D('',#12465,#10036,#10037);
#8142=AXIS2_PLACEMENT_3D('',#12477,#10043,#10044);
#8143=AXIS2_PLACEMENT_3D('',#12481,#10046,#10047);
#8144=AXIS2_PLACEMENT_3D('',#12494,#10054,#10055);
#8145=AXIS2_PLACEMENT_3D('',#12499,#10057,#10058);
#8146=AXIS2_PLACEMENT_3D('',#12503,#10060,#10061);
#8147=AXIS2_PLACEMENT_3D('',#12507,#10063,#10064);
#8148=AXIS2_PLACEMENT_3D('',#12510,#10066,#10067);
#8149=AXIS2_PLACEMENT_3D('',#12512,#10068,#10069);
#8150=AXIS2_PLACEMENT_3D('',#12514,#10070,#10071);
#8151=AXIS2_PLACEMENT_3D('',#12515,#10072,#10073);
#8152=AXIS2_PLACEMENT_3D('',#12520,#10075,#10076);
#8153=AXIS2_PLACEMENT_3D('',#12527,#10080,#10081);
#8154=AXIS2_PLACEMENT_3D('',#12528,#10082,#10083);
#8155=AXIS2_PLACEMENT_3D('',#12532,#10085,#10086);
#8156=AXIS2_PLACEMENT_3D('',#12537,#10089,#10090);
#8157=AXIS2_PLACEMENT_3D('',#12538,#10091,#10092);
#8158=AXIS2_PLACEMENT_3D('',#12544,#10093,#10094);
#8159=AXIS2_PLACEMENT_3D('',#12546,#10095,#10096);
#8160=AXIS2_PLACEMENT_3D('',#12548,#10098,#10099);
#8161=AXIS2_PLACEMENT_3D('',#12551,#10101,#10102);
#8162=AXIS2_PLACEMENT_3D('',#12552,#10103,#10104);
#8163=AXIS2_PLACEMENT_3D('',#12558,#10107,#10108);
#8164=AXIS2_PLACEMENT_3D('',#12560,#10110,#10111);
#8165=AXIS2_PLACEMENT_3D('',#12566,#10112,#10113);
#8166=AXIS2_PLACEMENT_3D('',#12567,#10114,#10115);
#8167=AXIS2_PLACEMENT_3D('',#12569,#10116,#10117);
#8168=AXIS2_PLACEMENT_3D('',#12571,#10118,#10119);
#8169=AXIS2_PLACEMENT_3D('',#12573,#10121,#10122);
#8170=AXIS2_PLACEMENT_3D('',#12578,#10125,#10126);
#8171=AXIS2_PLACEMENT_3D('',#12579,#10127,#10128);
#8172=AXIS2_PLACEMENT_3D('',#12584,#10130,#10131);
#8173=AXIS2_PLACEMENT_3D('',#12598,#10138,#10139);
#8174=AXIS2_PLACEMENT_3D('',#12602,#10141,#10142);
#8175=AXIS2_PLACEMENT_3D('',#12613,#10148,#10149);
#8176=AXIS2_PLACEMENT_3D('',#12617,#10152,#10153);
#8177=AXIS2_PLACEMENT_3D('',#12619,#10154,#10155);
#8178=AXIS2_PLACEMENT_3D('',#12621,#10156,#10157);
#8179=AXIS2_PLACEMENT_3D('',#12626,#10160,#10161);
#8180=AXIS2_PLACEMENT_3D('',#12629,#10163,#10164);
#8181=AXIS2_PLACEMENT_3D('',#12630,#10165,#10166);
#8182=AXIS2_PLACEMENT_3D('',#12632,#10168,#10169);
#8183=AXIS2_PLACEMENT_3D('',#12634,#10171,#10172);
#8184=AXIS2_PLACEMENT_3D('',#12637,#10175,#10176);
#8185=AXIS2_PLACEMENT_3D('',#12638,#10177,#10178);
#8186=AXIS2_PLACEMENT_3D('',#12639,#10179,#10180);
#8187=AXIS2_PLACEMENT_3D('',#12641,#10182,#10183);
#8188=AXIS2_PLACEMENT_3D('',#12643,#10185,#10186);
#8189=AXIS2_PLACEMENT_3D('',#12645,#10188,#10189);
#8190=AXIS2_PLACEMENT_3D('',#12647,#10191,#10192);
#8191=AXIS2_PLACEMENT_3D('',#12648,#10193,#10194);
#8192=AXIS2_PLACEMENT_3D('',#12650,#10196,#10197);
#8193=AXIS2_PLACEMENT_3D('',#12676,#10198,#10199);
#8194=AXIS2_PLACEMENT_3D('',#12677,#10200,#10201);
#8195=AXIS2_PLACEMENT_3D('',#12678,#10202,#10203);
#8196=AXIS2_PLACEMENT_3D('',#12679,#10204,#10205);
#8197=AXIS2_PLACEMENT_3D('',#12680,#10206,#10207);
#8198=AXIS2_PLACEMENT_3D('',#12684,#10209,#10210);
#8199=AXIS2_PLACEMENT_3D('',#12710,#10211,#10212);
#8200=AXIS2_PLACEMENT_3D('',#12712,#10214,#10215);
#8201=AXIS2_PLACEMENT_3D('',#12714,#10217,#10218);
#8202=AXIS2_PLACEMENT_3D('',#12716,#10220,#10221);
#8203=AXIS2_PLACEMENT_3D('',#12718,#10223,#10224);
#8204=AXIS2_PLACEMENT_3D('',#12720,#10226,#10227);
#8205=AXIS2_PLACEMENT_3D('',#12722,#10229,#10230);
#8206=AXIS2_PLACEMENT_3D('',#12724,#10232,#10233);
#8207=AXIS2_PLACEMENT_3D('',#12726,#10235,#10236);
#8208=AXIS2_PLACEMENT_3D('',#12728,#10238,#10239);
#8209=AXIS2_PLACEMENT_3D('',#12730,#10241,#10242);
#8210=AXIS2_PLACEMENT_3D('',#12732,#10244,#10245);
#8211=AXIS2_PLACEMENT_3D('',#12734,#10247,#10248);
#8212=AXIS2_PLACEMENT_3D('',#12736,#10250,#10251);
#8213=AXIS2_PLACEMENT_3D('',#12738,#10253,#10254);
#8214=AXIS2_PLACEMENT_3D('',#12740,#10256,#10257);
#8215=AXIS2_PLACEMENT_3D('',#12742,#10259,#10260);
#8216=AXIS2_PLACEMENT_3D('',#12744,#10262,#10263);
#8217=DIRECTION('axis',(0.,0.,1.));
#8218=DIRECTION('refdir',(1.,0.,0.));
#8219=DIRECTION('center_axis',(0.,-1.,0.));
#8220=DIRECTION('ref_axis',(-1.,0.,0.));
#8221=DIRECTION('',(0.,0.,1.));
#8222=DIRECTION('',(1.,0.,0.));
#8223=DIRECTION('',(0.,0.,-1.));
#8224=DIRECTION('',(-1.,0.,0.));
#8225=DIRECTION('',(0.,0.,1.));
#8226=DIRECTION('',(1.,0.,0.));
#8227=DIRECTION('',(0.,0.,1.));
#8228=DIRECTION('',(1.,0.,0.));
#8229=DIRECTION('',(0.0499376169438921,0.,0.998752338877845));
#8230=DIRECTION('center_axis',(0.,1.,0.));
#8231=DIRECTION('ref_axis',(1.,0.,0.));
#8232=DIRECTION('',(1.,0.,0.));
#8233=DIRECTION('center_axis',(0.,1.,0.));
#8234=DIRECTION('ref_axis',(1.,0.,0.));
#8235=DIRECTION('',(0.0499376169438922,0.,-0.998752338877845));
#8236=DIRECTION('',(1.,0.,0.));
#8237=DIRECTION('center_axis',(1.,0.,0.));
#8238=DIRECTION('ref_axis',(0.,-1.,0.));
#8239=DIRECTION('',(0.,0.,1.));
#8240=DIRECTION('',(0.,1.,0.));
#8241=DIRECTION('',(0.,0.,1.));
#8242=DIRECTION('',(0.,1.,0.));
#8243=DIRECTION('',(0.,0.,1.));
#8244=DIRECTION('',(0.,-1.,0.));
#8245=DIRECTION('',(0.,0.,-1.));
#8246=DIRECTION('',(0.,1.,0.));
#8247=DIRECTION('',(0.,-0.0257646401175243,-0.999668036559944));
#8248=DIRECTION('',(0.,-1.,0.));
#8249=DIRECTION('',(0.,-0.0257646401175244,0.999668036559944));
#8250=DIRECTION('',(0.,1.,0.));
#8251=DIRECTION('center_axis',(0.998752338877845,0.,-0.0499376169438891));
#8252=DIRECTION('ref_axis',(-0.0499376169438891,0.,-0.998752338877845));
#8253=DIRECTION('center_axis',(-0.0498909135922149,-0.0432387917799197,
-0.997818271844301));
#8254=DIRECTION('ref_axis',(-0.998752338877845,1.2490009027033E-16,0.0499376169438921));
#8255=DIRECTION('center_axis',(-1.,0.,0.));
#8256=DIRECTION('ref_axis',(0.,1.,0.));
#8257=DIRECTION('center_axis',(0.,1.,0.));
#8258=DIRECTION('ref_axis',(1.,0.,0.));
#8259=DIRECTION('center_axis',(-1.,0.,0.));
#8260=DIRECTION('ref_axis',(0.,1.,0.));
#8261=DIRECTION('',(0.,-1.,0.));
#8262=DIRECTION('',(0.,0.,-1.));
#8263=DIRECTION('',(0.,1.,0.));
#8264=DIRECTION('',(0.,0.,1.));
#8265=DIRECTION('',(0.,1.,0.));
#8266=DIRECTION('',(0.,0.,1.));
#8267=DIRECTION('',(0.,1.,0.));
#8268=DIRECTION('',(0.,0.0257646401175244,-0.999668036559944));
#8269=DIRECTION('',(0.,1.,0.));
#8270=DIRECTION('',(0.,0.0257646401175243,0.999668036559944));
#8271=DIRECTION('',(0.,1.,0.));
#8272=DIRECTION('',(0.,0.,1.));
#8273=DIRECTION('center_axis',(0.,1.,0.));
#8274=DIRECTION('ref_axis',(1.,0.,0.));
#8275=DIRECTION('',(0.,1.,0.));
#8276=DIRECTION('center_axis',(0.,1.,0.));
#8277=DIRECTION('ref_axis',(1.,0.,0.));
#8278=DIRECTION('',(0.,1.,0.));
#8279=DIRECTION('center_axis',(0.,1.,0.));
#8280=DIRECTION('ref_axis',(1.,0.,0.));
#8281=DIRECTION('',(0.,1.,0.));
#8282=DIRECTION('',(0.,1.,0.));
#8283=DIRECTION('center_axis',(0.,0.,1.));
#8284=DIRECTION('ref_axis',(1.,0.,0.));
#8285=DIRECTION('center_axis',(0.707106781186548,0.,0.707106781186548));
#8286=DIRECTION('ref_axis',(0.707106781186548,0.,-0.707106781186548));
#8287=DIRECTION('center_axis',(0.,0.,1.));
#8288=DIRECTION('ref_axis',(1.,0.,0.));
#8289=DIRECTION('center_axis',(0.,0.,1.));
#8290=DIRECTION('ref_axis',(1.,0.,0.));
#8291=DIRECTION('center_axis',(0.,0.,1.));
#8292=DIRECTION('ref_axis',(1.,0.,0.));
#8293=DIRECTION('center_axis',(0.707106781186548,0.,-0.707106781186548));
#8294=DIRECTION('ref_axis',(0.707106781186548,0.,0.707106781186548));
#8295=DIRECTION('center_axis',(0.,0.,-1.));
#8296=DIRECTION('ref_axis',(-1.,0.,0.));
#8297=DIRECTION('center_axis',(-1.,0.,0.));
#8298=DIRECTION('ref_axis',(0.,1.,0.));
#8299=DIRECTION('center_axis',(-0.049890913592215,0.0432387917799197,0.997818271844301));
#8300=DIRECTION('ref_axis',(0.998752338877845,-6.07153216591882E-17,0.0499376169438922));
#8301=DIRECTION('center_axis',(0.,-0.999062431313918,0.0432927053569365));
#8302=DIRECTION('ref_axis',(0.,-0.0432927053569365,-0.999062431313918));
#8303=DIRECTION('',(-0.0498909135922149,-0.0432387917799197,-0.997818271844301));
#8304=DIRECTION('',(-1.,0.,0.));
#8305=DIRECTION('',(-0.049890913592215,0.0432387917799197,0.997818271844301));
#8306=DIRECTION('',(-1.,0.,0.));
#8307=DIRECTION('center_axis',(0.,0.,-1.));
#8308=DIRECTION('ref_axis',(-1.,0.,0.));
#8309=DIRECTION('',(-1.,0.,0.));
#8310=DIRECTION('center_axis',(-0.998752338877845,0.,-0.0499376169438922));
#8311=DIRECTION('ref_axis',(-0.0499376169438922,0.,0.998752338877845));
#8312=DIRECTION('',(-0.049890913592215,0.0432387917799197,0.997818271844301));
#8313=DIRECTION('',(0.,-1.,0.));
#8314=DIRECTION('center_axis',(-0.998752338877845,0.,-0.0499376169438922));
#8315=DIRECTION('ref_axis',(-0.0499376169438922,0.,0.998752338877845));
#8316=DIRECTION('center_axis',(0.998752338877845,0.,-0.0499376169438921));
#8317=DIRECTION('ref_axis',(-0.0499376169438921,0.,-0.998752338877845));
#8318=DIRECTION('',(-0.0498909135922149,-0.0432387917799197,-0.997818271844301));
#8319=DIRECTION('center_axis',(0.998752338877845,0.,-0.0499376169438921));
#8320=DIRECTION('ref_axis',(-0.0499376169438921,0.,-0.998752338877845));
#8321=DIRECTION('',(0.,1.,0.));
#8322=DIRECTION('center_axis',(0.,1.,0.));
#8323=DIRECTION('ref_axis',(1.,0.,0.));
#8324=DIRECTION('',(0.,0.,1.));
#8325=DIRECTION('',(-1.,0.,0.));
#8326=DIRECTION('',(0.,0.,-1.));
#8327=DIRECTION('',(-1.,0.,0.));
#8328=DIRECTION('',(0.,0.,1.));
#8329=DIRECTION('',(-1.,0.,0.));
#8330=DIRECTION('',(0.,0.,1.));
#8331=DIRECTION('',(1.,0.,0.));
#8332=DIRECTION('',(0.,0.,-1.));
#8333=DIRECTION('',(1.,0.,0.));
#8334=DIRECTION('',(0.,0.,1.));
#8335=DIRECTION('',(1.,0.,0.));
#8336=DIRECTION('center_axis',(-0.0498909135922149,-0.0432387917799197,
-0.997818271844301));
#8337=DIRECTION('ref_axis',(-0.998752338877845,-4.33680868994202E-19,0.0499376169438921));
#8338=DIRECTION('center_axis',(0.,0.,1.));
#8339=DIRECTION('ref_axis',(0.755689082789808,0.654930538417853,0.));
#8340=DIRECTION('center_axis',(-0.049890913592215,0.0432387917799197,0.997818271844301));
#8341=DIRECTION('ref_axis',(0.998752338877845,-4.33680868994202E-19,0.0499376169438922));
#8342=DIRECTION('center_axis',(0.,0.,1.));
#8343=DIRECTION('ref_axis',(0.755689082789826,-0.654930538417833,0.));
#8344=DIRECTION('center_axis',(-1.,0.,0.));
#8345=DIRECTION('ref_axis',(0.,1.,0.));
#8346=DIRECTION('center_axis',(0.,0.,1.));
#8347=DIRECTION('ref_axis',(1.,0.,0.));
#8348=DIRECTION('',(-1.,0.,0.));
#8349=DIRECTION('',(1.,0.,0.));
#8350=DIRECTION('',(1.,0.,0.));
#8351=DIRECTION('',(-1.,0.,0.));
#8352=DIRECTION('',(0.,1.,0.));
#8353=DIRECTION('',(-1.,2.81069120158267E-17,0.));
#8354=DIRECTION('center_axis',(0.,0.,1.));
#8355=DIRECTION('ref_axis',(1.,0.,0.));
#8356=DIRECTION('',(0.,1.,0.));
#8357=DIRECTION('',(-1.,2.89623397728302E-17,0.));
#8358=DIRECTION('',(0.,1.,0.));
#8359=DIRECTION('center_axis',(0.,0.,1.));
#8360=DIRECTION('ref_axis',(1.,0.,0.));
#8361=DIRECTION('',(0.709157117069843,0.70505048280899,0.));
#8362=DIRECTION('center_axis',(0.,0.,1.));
#8363=DIRECTION('ref_axis',(1.,0.,0.));
#8364=DIRECTION('',(1.,0.,0.));
#8365=DIRECTION('',(0.,1.,0.));
#8366=DIRECTION('',(1.,0.,0.));
#8367=DIRECTION('',(0.,-1.,0.));
#8368=DIRECTION('',(1.,0.,0.));
#8369=DIRECTION('center_axis',(0.,0.,1.));
#8370=DIRECTION('ref_axis',(1.,0.,0.));
#8371=DIRECTION('',(0.709391437826051,-0.704814718872335,0.));
#8372=DIRECTION('center_axis',(0.,0.,1.));
#8373=DIRECTION('ref_axis',(1.,0.,0.));
#8374=DIRECTION('',(0.,-1.,0.));
#8375=DIRECTION('',(-1.,2.89623397728302E-17,0.));
#8376=DIRECTION('',(0.,-1.,0.));
#8377=DIRECTION('center_axis',(0.,0.,1.));
#8378=DIRECTION('ref_axis',(1.,0.,0.));
#8379=DIRECTION('',(-1.,2.81069120158267E-17,0.));
#8380=DIRECTION('',(0.,-1.,0.));
#8381=DIRECTION('center_axis',(0.,-0.999668036559945,0.0257646401175243));
#8382=DIRECTION('ref_axis',(0.,0.0257646401175243,0.999668036559944));
#8383=DIRECTION('',(1.,0.,0.));
#8384=DIRECTION('',(0.,-0.0257646401175243,-0.999668036559944));
#8385=DIRECTION('',(-1.,0.,0.));
#8386=DIRECTION('',(0.761833193464662,0.0166896447021898,0.647558214444964));
#8387=DIRECTION('center_axis',(0.,0.,1.));
#8388=DIRECTION('ref_axis',(0.,1.,0.));
#8389=DIRECTION('',(0.,1.,0.));
#8390=DIRECTION('',(-1.,0.,0.));
#8391=DIRECTION('',(0.,-1.,0.));
#8392=DIRECTION('center_axis',(1.,0.,0.));
#8393=DIRECTION('ref_axis',(0.,1.,0.));
#8394=DIRECTION('',(0.,1.,0.));
#8395=DIRECTION('',(0.,0.0257646401175244,-0.999668036559944));
#8396=DIRECTION('center_axis',(0.,0.999668036559945,0.0257646401175244));
#8397=DIRECTION('ref_axis',(0.,0.0257646401175244,-0.999668036559944));
#8398=DIRECTION('',(-1.,0.,0.));
#8399=DIRECTION('',(-0.761833193464662,0.0166896447021898,-0.647558214444964));
#8400=DIRECTION('center_axis',(0.,0.999668036559945,0.0257646401175244));
#8401=DIRECTION('ref_axis',(0.,-0.0257646401175244,0.999668036559944));
#8402=DIRECTION('',(-1.,0.,0.));
#8403=DIRECTION('',(0.,-0.0257646401175244,0.999668036559944));
#8404=DIRECTION('',(1.,0.,0.));
#8405=DIRECTION('',(-0.761833193464662,-0.0166896447021898,0.647558214444964));
#8406=DIRECTION('center_axis',(0.,0.,1.));
#8407=DIRECTION('ref_axis',(0.,-1.,0.));
#8408=DIRECTION('',(0.,-1.,0.));
#8409=DIRECTION('',(1.,0.,0.));
#8410=DIRECTION('',(0.,1.,0.));
#8411=DIRECTION('center_axis',(-1.,0.,0.));
#8412=DIRECTION('ref_axis',(0.,-1.,0.));
#8413=DIRECTION('',(0.,-1.,0.));
#8414=DIRECTION('',(0.,-0.0257646401175243,-0.999668036559944));
#8415=DIRECTION('center_axis',(0.,-0.999668036559945,0.0257646401175243));
#8416=DIRECTION('ref_axis',(0.,-0.0257646401175243,-0.999668036559944));
#8417=DIRECTION('',(1.,0.,0.));
#8418=DIRECTION('',(0.761833193464662,-0.0166896447021898,-0.647558214444964));
#8419=DIRECTION('center_axis',(0.647648420095541,0.,0.761939317759459));
#8420=DIRECTION('ref_axis',(0.761939317759459,8.45922573943734E-16,-0.647648420095541));
#8421=DIRECTION('center_axis',(-0.647648420095541,0.,0.761939317759459));
#8422=DIRECTION('ref_axis',(-0.761939317759459,0.,-0.647648420095541));
#8423=DIRECTION('center_axis',(0.0770430547053922,0.,0.997027766775661));
#8424=DIRECTION('ref_axis',(-0.997027766775661,0.,0.0770430547053922));
#8425=DIRECTION('',(0.,-1.,0.));
#8426=DIRECTION('',(0.997027766775661,0.,-0.0770430547053922));
#8427=DIRECTION('',(2.89623397728302E-17,1.,-2.23799898244597E-18));
#8428=DIRECTION('',(0.997027766775661,0.,-0.0770430547053922));
#8429=DIRECTION('',(0.,-1.,0.));
#8430=DIRECTION('',(-0.997027766775661,0.,0.0770430547053922));
#8431=DIRECTION('',(0.,-1.,0.));
#8432=DIRECTION('',(-0.997027766775661,0.,0.0770430547053922));
#8433=DIRECTION('center_axis',(0.,0.,1.));
#8434=DIRECTION('ref_axis',(1.,0.,0.));
#8435=DIRECTION('center_axis',(0.,0.,1.));
#8436=DIRECTION('ref_axis',(1.,0.,0.));
#8437=DIRECTION('center_axis',(-0.707106781186548,0.,0.707106781186548));
#8438=DIRECTION('ref_axis',(0.707106781186548,0.,0.707106781186548));
#8439=DIRECTION('center_axis',(-1.,0.,0.));
#8440=DIRECTION('ref_axis',(0.,1.,0.));
#8441=DIRECTION('center_axis',(-1.,0.,0.));
#8442=DIRECTION('ref_axis',(0.,1.,0.));
#8443=DIRECTION('center_axis',(-1.,0.,0.));
#8444=DIRECTION('ref_axis',(0.,1.,0.));
#8445=DIRECTION('center_axis',(-1.,0.,0.));
#8446=DIRECTION('ref_axis',(0.,1.,0.));
#8447=DIRECTION('center_axis',(-0.707106781186548,0.,-0.707106781186548));
#8448=DIRECTION('ref_axis',(-0.707106781186548,0.,0.707106781186548));
#8449=DIRECTION('center_axis',(0.,0.,1.));
#8450=DIRECTION('ref_axis',(1.,0.,0.));
#8451=DIRECTION('center_axis',(0.,0.,1.));
#8452=DIRECTION('ref_axis',(1.,0.,0.));
#8453=DIRECTION('center_axis',(0.,0.,1.));
#8454=DIRECTION('ref_axis',(1.,0.,0.));
#8455=DIRECTION('',(0.,0.,1.));
#8456=DIRECTION('center_axis',(0.,0.,1.));
#8457=DIRECTION('ref_axis',(1.,0.,0.));
#8458=DIRECTION('',(0.,0.,1.));
#8459=DIRECTION('center_axis',(0.,0.,-1.));
#8460=DIRECTION('ref_axis',(-2.89623397728302E-17,-1.,0.));
#8461=DIRECTION('',(2.89623397728302E-17,1.,0.));
#8462=DIRECTION('',(1.,-2.89623397728302E-17,0.));
#8463=DIRECTION('',(2.89623397728302E-17,1.,0.));
#8464=DIRECTION('',(1.,-2.89623397728302E-17,0.));
#8465=DIRECTION('center_axis',(-1.,0.,0.));
#8466=DIRECTION('ref_axis',(0.,1.,0.));
#8467=DIRECTION('',(0.,0.,-1.));
#8468=DIRECTION('',(0.,1.,0.));
#8469=DIRECTION('center_axis',(0.,-1.,0.));
#8470=DIRECTION('ref_axis',(-1.,0.,0.));
#8471=DIRECTION('',(0.,0.,1.));
#8472=DIRECTION('',(-1.,0.,0.));
#8473=DIRECTION('',(0.,0.,-1.));
#8474=DIRECTION('center_axis',(1.,-2.89623397728302E-17,0.));
#8475=DIRECTION('ref_axis',(2.89623397728302E-17,1.,0.));
#8476=DIRECTION('',(1.,-2.89623397728302E-17,0.));
#8477=DIRECTION('center_axis',(1.,-2.89623397728302E-17,0.));
#8478=DIRECTION('ref_axis',(2.89623397728302E-17,1.,0.));
#8479=DIRECTION('',(1.,-2.89623397728302E-17,0.));
#8480=DIRECTION('center_axis',(1.,-2.89623397728302E-17,0.));
#8481=DIRECTION('ref_axis',(2.89623397728302E-17,1.,0.));
#8482=DIRECTION('center_axis',(2.89623397728302E-17,1.,0.));
#8483=DIRECTION('ref_axis',(0.,0.,-1.));
#8484=DIRECTION('',(-1.,2.89623397728302E-17,0.));
#8485=DIRECTION('',(0.,0.,1.));
#8486=DIRECTION('',(0.,0.,1.));
#8487=DIRECTION('center_axis',(0.,-1.,0.));
#8488=DIRECTION('ref_axis',(-1.,0.,0.));
#8489=DIRECTION('center_axis',(0.,-1.,0.));
#8490=DIRECTION('ref_axis',(-1.,0.,0.));
#8491=DIRECTION('',(0.,-1.,0.));
#8492=DIRECTION('',(0.,-1.,0.));
#8493=DIRECTION('',(0.,-1.,0.));
#8494=DIRECTION('center_axis',(0.,-1.,0.));
#8495=DIRECTION('ref_axis',(-1.,0.,0.));
#8496=DIRECTION('center_axis',(0.,-1.,0.));
#8497=DIRECTION('ref_axis',(-1.,0.,0.));
#8498=DIRECTION('',(0.,-1.,0.));
#8499=DIRECTION('center_axis',(0.,-1.,0.));
#8500=DIRECTION('ref_axis',(-1.,0.,0.));
#8501=DIRECTION('center_axis',(0.,-1.,0.));
#8502=DIRECTION('ref_axis',(-1.,0.,0.));
#8503=DIRECTION('center_axis',(0.0770430547053922,0.,0.997027766775661));
#8504=DIRECTION('ref_axis',(-0.997027766775661,0.,0.0770430547053922));
#8505=DIRECTION('',(2.89623397728302E-17,1.,-2.23799898244597E-18));
#8506=DIRECTION('',(0.997027766775661,0.,-0.0770430547053922));
#8507=DIRECTION('',(0.,-1.,0.));
#8508=DIRECTION('',(0.997027766775661,0.,-0.0770430547053922));
#8509=DIRECTION('center_axis',(1.,-2.89623397728302E-17,0.));
#8510=DIRECTION('ref_axis',(2.89623397728302E-17,1.,0.));
#8511=DIRECTION('center_axis',(1.,-2.89623397728302E-17,0.));
#8512=DIRECTION('ref_axis',(2.89623397728302E-17,1.,0.));
#8513=DIRECTION('',(2.89623397728302E-17,1.,0.));
#8514=DIRECTION('',(2.89623397728302E-17,1.,0.));
#8515=DIRECTION('',(0.,0.,1.));
#8516=DIRECTION('',(2.89623397728302E-17,1.,0.));
#8517=DIRECTION('',(0.,0.,1.));
#8518=DIRECTION('',(2.89623397728302E-17,1.,2.23799898244597E-18));
#8519=DIRECTION('',(0.,0.,-1.));
#8520=DIRECTION('',(2.89623397728302E-17,1.,0.));
#8521=DIRECTION('center_axis',(0.,0.,-1.));
#8522=DIRECTION('ref_axis',(-2.89623397728302E-17,-1.,0.));
#8523=DIRECTION('',(2.89623397728302E-17,1.,0.));
#8524=DIRECTION('',(1.,-2.89623397728302E-17,0.));
#8525=DIRECTION('center_axis',(1.,-2.89623397728302E-17,0.));
#8526=DIRECTION('ref_axis',(2.89623397728302E-17,1.,0.));
#8527=DIRECTION('',(1.,-2.89623397728302E-17,0.));
#8528=DIRECTION('center_axis',(1.,-2.89623397728302E-17,0.));
#8529=DIRECTION('ref_axis',(2.89623397728302E-17,1.,0.));
#8530=DIRECTION('center_axis',(0.,0.,-1.));
#8531=DIRECTION('ref_axis',(-2.89623397728302E-17,-1.,0.));
#8532=DIRECTION('',(2.89623397728302E-17,1.,0.));
#8533=DIRECTION('center_axis',(1.,-2.89623397728302E-17,0.));
#8534=DIRECTION('ref_axis',(2.89623397728302E-17,1.,0.));
#8535=DIRECTION('',(2.89623397728302E-17,1.,0.));
#8536=DIRECTION('',(0.,0.,-1.));
#8537=DIRECTION('',(2.89623397728302E-17,1.,2.23799898244597E-18));
#8538=DIRECTION('',(0.,0.,1.));
#8539=DIRECTION('',(2.89623397728302E-17,1.,0.));
#8540=DIRECTION('',(0.,0.,1.));
#8541=DIRECTION('center_axis',(2.89623397728302E-17,1.,0.));
#8542=DIRECTION('ref_axis',(-1.,2.89623397728302E-17,0.));
#8543=DIRECTION('',(0.,0.,-1.));
#8544=DIRECTION('',(-1.,2.89623397728302E-17,0.));
#8545=DIRECTION('center_axis',(-1.,0.,0.));
#8546=DIRECTION('ref_axis',(0.,-1.,0.));
#8547=DIRECTION('',(0.,0.,1.));
#8548=DIRECTION('',(0.,1.,0.));
#8549=DIRECTION('',(0.,0.,1.));
#8550=DIRECTION('',(0.,1.,0.));
#8551=DIRECTION('center_axis',(0.,-1.,0.));
#8552=DIRECTION('ref_axis',(1.,0.,0.));
#8553=DIRECTION('',(0.,0.,1.));
#8554=DIRECTION('',(-1.,0.,0.));
#8555=DIRECTION('',(0.,0.,1.));
#8556=DIRECTION('',(0.,0.,-1.));
#8557=DIRECTION('',(-1.,0.,0.));
#8558=DIRECTION('',(0.,0.,1.));
#8559=DIRECTION('',(0.,0.,1.));
#8560=DIRECTION('center_axis',(0.,-1.,0.));
#8561=DIRECTION('ref_axis',(-1.,0.,0.));
#8562=DIRECTION('',(0.,0.,1.));
#8563=DIRECTION('center_axis',(0.,-1.,0.));
#8564=DIRECTION('ref_axis',(-1.,0.,0.));
#8565=DIRECTION('center_axis',(0.,-1.,0.));
#8566=DIRECTION('ref_axis',(-1.,0.,0.));
#8567=DIRECTION('',(0.,0.,1.));
#8568=DIRECTION('center_axis',(0.,-1.,0.));
#8569=DIRECTION('ref_axis',(-1.,0.,0.));
#8570=DIRECTION('',(0.,0.,1.));
#8571=DIRECTION('center_axis',(0.,0.,1.));
#8572=DIRECTION('ref_axis',(1.,0.,0.));
#8573=DIRECTION('',(0.,0.,1.));
#8574=DIRECTION('center_axis',(0.,0.,-1.));
#8575=DIRECTION('ref_axis',(-1.,0.,0.));
#8576=DIRECTION('center_axis',(0.,0.,-1.));
#8577=DIRECTION('ref_axis',(-1.,0.,0.));
#8578=DIRECTION('center_axis',(0.,0.,1.));
#8579=DIRECTION('ref_axis',(1.,0.,0.));
#8580=DIRECTION('',(0.,0.,1.));
#8581=DIRECTION('center_axis',(0.,0.,1.));
#8582=DIRECTION('ref_axis',(1.,0.,0.));
#8583=DIRECTION('center_axis',(0.,0.,1.));
#8584=DIRECTION('ref_axis',(1.,0.,0.));
#8585=DIRECTION('center_axis',(0.,-1.,0.));
#8586=DIRECTION('ref_axis',(-1.,0.,0.));
#8587=DIRECTION('center_axis',(0.,-1.,0.));
#8588=DIRECTION('ref_axis',(-1.,0.,0.));
#8589=DIRECTION('center_axis',(0.,-1.,0.));
#8590=DIRECTION('ref_axis',(-1.,0.,0.));
#8591=DIRECTION('center_axis',(0.,-1.,0.));
#8592=DIRECTION('ref_axis',(-1.,0.,0.));
#8593=DIRECTION('center_axis',(0.,-1.,0.));
#8594=DIRECTION('ref_axis',(1.,0.,0.));
#8595=DIRECTION('center_axis',(0.,-1.,0.));
#8596=DIRECTION('ref_axis',(-1.,0.,0.));
#8597=DIRECTION('center_axis',(0.,-1.,0.));
#8598=DIRECTION('ref_axis',(-1.,0.,0.));
#8599=DIRECTION('center_axis',(0.,0.,-1.));
#8600=DIRECTION('ref_axis',(-1.,0.,0.));
#8601=DIRECTION('center_axis',(0.,0.,1.));
#8602=DIRECTION('ref_axis',(1.,0.,0.));
#8603=DIRECTION('center_axis',(0.,0.,1.));
#8604=DIRECTION('ref_axis',(1.,0.,0.));
#8605=DIRECTION('',(0.,0.,1.));
#8606=DIRECTION('center_axis',(0.,0.,1.));
#8607=DIRECTION('ref_axis',(1.,0.,0.));
#8608=DIRECTION('center_axis',(0.,0.,1.));
#8609=DIRECTION('ref_axis',(1.,0.,0.));
#8610=DIRECTION('',(0.,0.,1.));
#8611=DIRECTION('center_axis',(0.,0.,-1.));
#8612=DIRECTION('ref_axis',(-1.,0.,0.));
#8613=DIRECTION('center_axis',(0.,-1.,0.));
#8614=DIRECTION('ref_axis',(-1.,0.,0.));
#8615=DIRECTION('center_axis',(0.,-1.,0.));
#8616=DIRECTION('ref_axis',(-1.,0.,0.));
#8617=DIRECTION('center_axis',(0.,-1.,0.));
#8618=DIRECTION('ref_axis',(1.,0.,0.));
#8619=DIRECTION('center_axis',(-1.,0.,0.));
#8620=DIRECTION('ref_axis',(0.,0.,1.));
#8621=DIRECTION('',(0.,1.,0.));
#8622=DIRECTION('center_axis',(0.,0.,1.));
#8623=DIRECTION('ref_axis',(1.,0.,0.));
#8624=DIRECTION('',(0.,1.,0.));
#8625=DIRECTION('center_axis',(1.,0.,0.));
#8626=DIRECTION('ref_axis',(0.,0.,-1.));
#8627=DIRECTION('center_axis',(0.,0.,1.));
#8628=DIRECTION('ref_axis',(1.,0.,0.));
#8629=DIRECTION('center_axis',(0.,0.,1.));
#8630=DIRECTION('ref_axis',(1.,0.,0.));
#8631=DIRECTION('',(0.,0.,1.));
#8632=DIRECTION('center_axis',(-0.704814718872335,-0.709391437826051,0.));
#8633=DIRECTION('ref_axis',(0.709391437826051,-0.704814718872335,0.));
#8634=DIRECTION('',(-0.709391437826051,0.704814718872335,0.));
#8635=DIRECTION('',(0.,0.,1.));
#8636=DIRECTION('center_axis',(0.,0.,-1.));
#8637=DIRECTION('ref_axis',(-1.,0.,0.));
#8638=DIRECTION('center_axis',(0.,0.,1.));
#8639=DIRECTION('ref_axis',(1.,0.,0.));
#8640=DIRECTION('',(0.315308161425992,-0.317144704099191,-0.894427190999914));
#8641=DIRECTION('center_axis',(0.,0.,1.));
#8642=DIRECTION('ref_axis',(1.,0.,0.));
#8643=DIRECTION('',(0.,-0.447213595499957,-0.894427190999916));
#8644=DIRECTION('center_axis',(0.,0.,1.));
#8645=DIRECTION('ref_axis',(1.,0.,0.));
#8646=DIRECTION('',(-0.709391437826051,0.704814718872335,0.));
#8647=DIRECTION('center_axis',(0.,0.,1.));
#8648=DIRECTION('ref_axis',(1.,0.,0.));
#8649=DIRECTION('',(-1.,0.,0.));
#8650=DIRECTION('',(0.709157117069843,0.70505048280899,0.));
#8651=DIRECTION('center_axis',(0.,0.,1.));
#8652=DIRECTION('ref_axis',(1.,0.,0.));
#8653=DIRECTION('',(0.,1.,0.));
#8654=DIRECTION('center_axis',(0.,0.,1.));
#8655=DIRECTION('ref_axis',(1.,0.,0.));
#8656=DIRECTION('',(-1.,2.89623397728302E-17,0.));
#8657=DIRECTION('center_axis',(0.,0.,1.));
#8658=DIRECTION('ref_axis',(1.,0.,0.));
#8659=DIRECTION('',(0.,1.,0.));
#8660=DIRECTION('center_axis',(0.,0.,1.));
#8661=DIRECTION('ref_axis',(1.,0.,0.));
#8662=DIRECTION('',(-1.,2.81069120158267E-17,0.));
#8663=DIRECTION('center_axis',(0.,0.,1.));
#8664=DIRECTION('ref_axis',(1.,0.,0.));
#8665=DIRECTION('',(0.,1.,0.));
#8666=DIRECTION('center_axis',(0.,0.,1.));
#8667=DIRECTION('ref_axis',(1.,0.,0.));
#8668=DIRECTION('',(0.709157117069843,0.70505048280899,0.));
#8669=DIRECTION('center_axis',(0.,0.,1.));
#8670=DIRECTION('ref_axis',(1.,0.,0.));
#8671=DIRECTION('',(1.,0.,0.));
#8672=DIRECTION('center_axis',(0.,0.,1.));
#8673=DIRECTION('ref_axis',(1.,0.,0.));
#8674=DIRECTION('',(-0.709391437826051,0.704814718872335,0.));
#8675=DIRECTION('center_axis',(0.,0.,1.));
#8676=DIRECTION('ref_axis',(1.,0.,0.));
#8677=DIRECTION('',(0.,1.,0.));
#8678=DIRECTION('center_axis',(0.,0.,1.));
#8679=DIRECTION('ref_axis',(1.,0.,0.));
#8680=DIRECTION('center_axis',(-1.,0.,1.69411524478956E-16));
#8681=DIRECTION('ref_axis',(-1.69411524478956E-16,0.,-1.));
#8682=DIRECTION('',(-1.69411524478956E-16,0.,-1.));
#8683=DIRECTION('',(0.,-1.,0.));
#8684=DIRECTION('',(-1.69411524478956E-16,0.,-1.));
#8685=DIRECTION('center_axis',(0.,-0.707106781186548,-0.707106781186548));
#8686=DIRECTION('ref_axis',(0.,0.707106781186548,-0.707106781186548));
#8687=DIRECTION('',(1.,0.,0.));
#8688=DIRECTION('',(0.,-0.707106781186547,0.707106781186547));
#8689=DIRECTION('',(1.,0.,0.));
#8690=DIRECTION('',(0.,-0.707106781186547,0.707106781186547));
#8691=DIRECTION('center_axis',(1.,0.,0.));
#8692=DIRECTION('ref_axis',(0.,-1.,0.));
#8693=DIRECTION('',(1.,0.,0.));
#8694=DIRECTION('center_axis',(1.,0.,0.));
#8695=DIRECTION('ref_axis',(0.,-1.,0.));
#8696=DIRECTION('',(1.,0.,0.));
#8697=DIRECTION('center_axis',(1.,0.,0.));
#8698=DIRECTION('ref_axis',(0.,-1.,0.));
#8699=DIRECTION('center_axis',(1.,0.,0.));
#8700=DIRECTION('ref_axis',(0.,-1.,0.));
#8701=DIRECTION('',(1.,0.,0.));
#8702=DIRECTION('center_axis',(1.,0.,0.));
#8703=DIRECTION('ref_axis',(0.,-1.,0.));
#8704=DIRECTION('',(1.,0.,0.));
#8705=DIRECTION('center_axis',(1.,0.,0.));
#8706=DIRECTION('ref_axis',(0.,-1.,0.));
#8707=DIRECTION('center_axis',(0.,-0.707106781186548,0.707106781186548));
#8708=DIRECTION('ref_axis',(0.,-0.707106781186548,-0.707106781186548));
#8709=DIRECTION('',(1.,0.,0.));
#8710=DIRECTION('',(0.,0.707106781186547,0.707106781186547));
#8711=DIRECTION('',(1.,0.,0.));
#8712=DIRECTION('',(0.,0.707106781186547,0.707106781186547));
#8713=DIRECTION('center_axis',(0.,-0.707106781186548,-0.707106781186548));
#8714=DIRECTION('ref_axis',(0.,0.707106781186548,-0.707106781186548));
#8715=DIRECTION('',(1.,0.,0.));
#8716=DIRECTION('',(0.,-0.707106781186547,0.707106781186547));
#8717=DIRECTION('',(1.,0.,0.));
#8718=DIRECTION('',(0.,-0.707106781186547,0.707106781186547));
#8719=DIRECTION('center_axis',(0.,1.,0.));
#8720=DIRECTION('ref_axis',(0.,0.,-1.));
#8721=DIRECTION('',(0.,0.,-1.));
#8722=DIRECTION('',(1.,0.,0.));
#8723=DIRECTION('',(0.,0.,-1.));
#8724=DIRECTION('',(1.,0.,0.));
#8725=DIRECTION('center_axis',(1.,0.,0.));
#8726=DIRECTION('ref_axis',(0.,1.,0.));
#8727=DIRECTION('',(0.,-1.,0.));
#8728=DIRECTION('center_axis',(1.,0.,0.));
#8729=DIRECTION('ref_axis',(0.,1.,0.));
#8730=DIRECTION('',(0.,-1.,0.));
#8731=DIRECTION('',(0.,0.,-1.));
#8732=DIRECTION('',(0.,-1.,0.));
#8733=DIRECTION('',(0.,0.,-1.));
#8734=DIRECTION('',(0.,-1.,0.));
#8735=DIRECTION('',(0.,0.,-1.));
#8736=DIRECTION('',(0.,-0.707106781186548,-0.707106781186547));
#8737=DIRECTION('',(0.,-1.,0.));
#8738=DIRECTION('center_axis',(1.,0.,0.));
#8739=DIRECTION('ref_axis',(0.,-1.,0.));
#8740=DIRECTION('center_axis',(1.,0.,0.));
#8741=DIRECTION('ref_axis',(0.,-1.,0.));
#8742=DIRECTION('',(0.,-1.,0.));
#8743=DIRECTION('',(0.,0.,-1.));
#8744=DIRECTION('',(0.,-1.,0.));
#8745=DIRECTION('',(0.,0.,-1.));
#8746=DIRECTION('center_axis',(1.,0.,0.));
#8747=DIRECTION('ref_axis',(0.,1.,0.));
#8748=DIRECTION('',(0.,-1.,0.));
#8749=DIRECTION('center_axis',(-1.,5.98626274847564E-15,1.72833096685528E-14));
#8750=DIRECTION('ref_axis',(-7.40148683083428E-15,-0.971970549050405,-0.235102640943597));
#8751=DIRECTION('',(0.,0.,1.));
#8752=DIRECTION('center_axis',(1.,0.,0.));
#8753=DIRECTION('ref_axis',(0.,-1.,0.));
#8754=DIRECTION('',(0.,-1.,0.));
#8755=DIRECTION('center_axis',(1.,0.,0.));
#8756=DIRECTION('ref_axis',(0.,-1.,0.));
#8757=DIRECTION('',(0.,0.,-1.));
#8758=DIRECTION('center_axis',(1.,-3.05039095785768E-14,-2.31024227477424E-14));
#8759=DIRECTION('ref_axis',(-2.22044604925027E-14,-1.75785312232313E-14,
-1.));
#8760=DIRECTION('center_axis',(1.,0.,0.));
#8761=DIRECTION('ref_axis',(0.,1.,0.));
#8762=DIRECTION('center_axis',(1.,0.,0.));
#8763=DIRECTION('ref_axis',(0.,1.,0.));
#8764=DIRECTION('center_axis',(-1.,0.,0.));
#8765=DIRECTION('ref_axis',(0.,1.,-3.70074341541746E-15));
#8766=DIRECTION('center_axis',(1.,1.19700591741892E-14,-3.45634853308656E-14));
#8767=DIRECTION('ref_axis',(-2.22044604925016E-14,0.97197054905045,-0.23510264094341));
#8768=DIRECTION('center_axis',(0.935567195832195,-0.343432976162098,0.0822667184657752));
#8769=DIRECTION('ref_axis',(0.350405712511621,0.931739386743705,-0.0952761871072111));
#8770=DIRECTION('',(1.,0.,0.));
#8771=DIRECTION('',(1.,0.,0.));
#8772=DIRECTION('center_axis',(1.,0.,0.));
#8773=DIRECTION('ref_axis',(0.,0.,1.));
#8774=DIRECTION('',(0.,-1.,0.));
#8775=DIRECTION('center_axis',(1.,0.,0.));
#8776=DIRECTION('ref_axis',(0.,1.,0.));
#8777=DIRECTION('',(0.,0.,-1.));
#8778=DIRECTION('',(0.,-1.,0.));
#8779=DIRECTION('',(0.,0.,-1.));
#8780=DIRECTION('',(0.,-1.,0.));
#8781=DIRECTION('center_axis',(1.,0.,0.));
#8782=DIRECTION('ref_axis',(0.,-1.,0.));
#8783=DIRECTION('center_axis',(1.,0.,0.));
#8784=DIRECTION('ref_axis',(0.,-1.,0.));
#8785=DIRECTION('',(0.,-1.,0.));
#8786=DIRECTION('',(0.,-0.707106781186548,-0.707106781186547));
#8787=DIRECTION('',(0.,0.,-1.));
#8788=DIRECTION('',(0.,-1.,0.));
#8789=DIRECTION('',(0.,0.,-1.));
#8790=DIRECTION('',(0.,-1.,0.));
#8791=DIRECTION('',(0.,0.,-1.));
#8792=DIRECTION('',(0.,-1.,0.));
#8793=DIRECTION('center_axis',(1.,0.,0.));
#8794=DIRECTION('ref_axis',(0.,1.,0.));
#8795=DIRECTION('center_axis',(1.,0.,0.));
#8796=DIRECTION('ref_axis',(0.,1.,0.));
#8797=DIRECTION('center_axis',(-1.,4.87332980075517E-14,7.16028322020026E-14));
#8798=DIRECTION('ref_axis',(-6.66133814775094E-14,-0.971970549050408,-0.235102640943585));
#8799=DIRECTION('',(0.,-1.,0.));
#8800=DIRECTION('',(0.,0.,-1.));
#8801=DIRECTION('center_axis',(1.,0.,0.));
#8802=DIRECTION('ref_axis',(0.,-1.,0.));
#8803=DIRECTION('',(0.,-1.,0.));
#8804=DIRECTION('center_axis',(1.,0.,0.));
#8805=DIRECTION('ref_axis',(0.,-1.,0.));
#8806=DIRECTION('',(0.,0.,1.));
#8807=DIRECTION('center_axis',(1.,0.,0.));
#8808=DIRECTION('ref_axis',(0.,1.,0.));
#8809=DIRECTION('center_axis',(1.,0.,0.));
#8810=DIRECTION('ref_axis',(0.,1.,0.));
#8811=DIRECTION('',(1.,0.,0.));
#8812=DIRECTION('center_axis',(1.,0.,0.));
#8813=DIRECTION('ref_axis',(0.,1.,0.));
#8814=DIRECTION('',(1.,0.,0.));
#8815=DIRECTION('center_axis',(0.,1.,0.));
#8816=DIRECTION('ref_axis',(0.,0.,-1.));
#8817=DIRECTION('',(1.,0.,0.));
#8818=DIRECTION('',(1.,0.,0.));
#8819=DIRECTION('center_axis',(1.,0.,0.));
#8820=DIRECTION('ref_axis',(0.,-1.,0.));
#8821=DIRECTION('',(1.,0.,0.));
#8822=DIRECTION('center_axis',(0.,0.,1.));
#8823=DIRECTION('ref_axis',(0.,1.,0.));
#8824=DIRECTION('',(1.,0.,0.));
#8825=DIRECTION('center_axis',(1.,0.,0.));
#8826=DIRECTION('ref_axis',(0.,-1.,0.));
#8827=DIRECTION('',(1.,0.,0.));
#8828=DIRECTION('center_axis',(0.,-1.,0.));
#8829=DIRECTION('ref_axis',(0.,0.,1.));
#8830=DIRECTION('center_axis',(0.939692620785906,0.,0.342020143325675));
#8831=DIRECTION('ref_axis',(-0.342020143325675,0.,0.939692620785906));
#8832=DIRECTION('',(0.,-1.,0.));
#8833=DIRECTION('',(0.342020143325675,0.,-0.939692620785906));
#8834=DIRECTION('center_axis',(0.939692620785908,0.,0.342020143325669));
#8835=DIRECTION('ref_axis',(0.,-1.,0.));
#8836=DIRECTION('',(0.,1.,0.));
#8837=DIRECTION('center_axis',(0.939692620785908,0.,0.342020143325669));
#8838=DIRECTION('ref_axis',(0.,-1.,0.));
#8839=DIRECTION('',(0.342020143325675,0.,-0.939692620785906));
#8840=DIRECTION('center_axis',(0.,-1.,0.));
#8841=DIRECTION('ref_axis',(-1.,0.,0.));
#8842=DIRECTION('center_axis',(0.,-1.,0.));
#8843=DIRECTION('ref_axis',(-1.,0.,0.));
#8844=DIRECTION('center_axis',(0.935567195834894,0.343432976154922,0.0822667184650381));
#8845=DIRECTION('ref_axis',(0.350405712507377,-0.931739386738397,-0.0952761871747276));
#8846=DIRECTION('center_axis',(0.,-1.,0.));
#8847=DIRECTION('ref_axis',(-1.,0.,0.));
#8848=DIRECTION('center_axis',(-1.,0.,0.));
#8849=DIRECTION('ref_axis',(0.,3.70074341541725E-15,-1.));
#8850=DIRECTION('',(1.,-4.13078416639379E-15,0.));
#8851=DIRECTION('center_axis',(0.939692620785908,0.,0.342020143325669));
#8852=DIRECTION('ref_axis',(0.,1.,0.));
#8853=DIRECTION('',(0.,1.,0.));
#8854=DIRECTION('center_axis',(0.939692620785908,0.,0.342020143325669));
#8855=DIRECTION('ref_axis',(0.,-1.,0.));
#8856=DIRECTION('',(0.342020143325669,0.,-0.939692620785908));
#8857=DIRECTION('',(0.,-1.,0.));
#8858=DIRECTION('',(-0.342020143325669,0.,0.939692620785908));
#8859=DIRECTION('center_axis',(0.939692620785908,0.,0.342020143325669));
#8860=DIRECTION('ref_axis',(0.,-1.,0.));
#8861=DIRECTION('center_axis',(0.,-1.,0.));
#8862=DIRECTION('ref_axis',(-0.342020143325669,0.,0.939692620785908));
#8863=DIRECTION('',(0.939692620785908,0.,0.342020143325669));
#8864=DIRECTION('center_axis',(0.,-1.,0.));
#8865=DIRECTION('ref_axis',(-1.,0.,0.));
#8866=DIRECTION('center_axis',(0.939692620785908,0.,0.342020143325669));
#8867=DIRECTION('ref_axis',(0.,-1.,0.));
#8868=DIRECTION('',(0.939692620785908,0.,0.342020143325669));
#8869=DIRECTION('center_axis',(0.,-1.,0.));
#8870=DIRECTION('ref_axis',(-1.,0.,0.));
#8871=DIRECTION('center_axis',(0.,-1.,0.));
#8872=DIRECTION('ref_axis',(-1.,0.,0.));
#8873=DIRECTION('center_axis',(0.,1.,0.));
#8874=DIRECTION('ref_axis',(-1.,0.,0.));
#8875=DIRECTION('',(0.939692620785908,0.,0.342020143325669));
#8876=DIRECTION('center_axis',(0.939692620785908,0.,0.342020143325669));
#8877=DIRECTION('ref_axis',(0.,-1.,0.));
#8878=DIRECTION('',(0.939692620785908,0.,0.342020143325669));
#8879=DIRECTION('center_axis',(0.342020143325669,0.,-0.939692620785908));
#8880=DIRECTION('ref_axis',(0.,-1.,0.));
#8881=DIRECTION('center_axis',(0.,1.,0.));
#8882=DIRECTION('ref_axis',(-1.,0.,0.));
#8883=DIRECTION('',(0.997027766775661,0.,-0.0770430547053904));
#8884=DIRECTION('center_axis',(0.,-1.,0.));
#8885=DIRECTION('ref_axis',(-1.,0.,0.));
#8886=DIRECTION('',(1.,0.,0.));
#8887=DIRECTION('center_axis',(0.,-1.,0.));
#8888=DIRECTION('ref_axis',(-1.,0.,0.));
#8889=DIRECTION('',(0.997027766775661,0.,-0.0770430547053922));
#8890=DIRECTION('center_axis',(1.,0.,0.));
#8891=DIRECTION('ref_axis',(0.,1.,0.));
#8892=DIRECTION('center_axis',(1.,0.,0.));
#8893=DIRECTION('ref_axis',(0.,1.,0.));
#8894=DIRECTION('',(1.,0.,0.));
#8895=DIRECTION('',(1.,0.,0.));
#8896=DIRECTION('center_axis',(0.,-1.,0.));
#8897=DIRECTION('ref_axis',(0.,0.,1.));
#8898=DIRECTION('',(1.,0.,0.));
#8899=DIRECTION('center_axis',(0.,0.,-1.));
#8900=DIRECTION('ref_axis',(0.,-1.,0.));
#8901=DIRECTION('center_axis',(0.,0.,-1.));
#8902=DIRECTION('ref_axis',(-1.,0.,0.));
#8903=DIRECTION('',(-1.,0.,0.));
#8904=DIRECTION('center_axis',(0.,0.,1.));
#8905=DIRECTION('ref_axis',(1.,0.,0.));
#8906=DIRECTION('',(0.,-1.,0.));
#8907=DIRECTION('',(-1.,0.,0.));
#8908=DIRECTION('',(0.,-1.,0.));
#8909=DIRECTION('center_axis',(0.,0.,-1.));
#8910=DIRECTION('ref_axis',(-1.,0.,0.));
#8911=DIRECTION('',(-1.,0.,0.));
#8912=DIRECTION('center_axis',(0.,0.,-1.));
#8913=DIRECTION('ref_axis',(-1.,0.,0.));
#8914=DIRECTION('center_axis',(0.,1.,0.));
#8915=DIRECTION('ref_axis',(-1.,0.,0.));
#8916=DIRECTION('',(-1.,0.,0.));
#8917=DIRECTION('',(0.,0.,-1.));
#8918=DIRECTION('center_axis',(0.,1.,0.));
#8919=DIRECTION('ref_axis',(1.,0.,0.));
#8920=DIRECTION('',(-1.,0.,0.));
#8921=DIRECTION('',(0.,0.,-1.));
#8922=DIRECTION('',(0.,0.,-1.));
#8923=DIRECTION('',(-1.,0.,0.));
#8924=DIRECTION('center_axis',(0.,1.,0.));
#8925=DIRECTION('ref_axis',(1.,0.,0.));
#8926=DIRECTION('',(0.,0.,-1.));
#8927=DIRECTION('center_axis',(0.,0.,-1.));
#8928=DIRECTION('ref_axis',(-1.,0.,0.));
#8929=DIRECTION('center_axis',(0.,0.,-1.));
#8930=DIRECTION('ref_axis',(-1.,0.,0.));
#8931=DIRECTION('center_axis',(0.,0.,1.));
#8932=DIRECTION('ref_axis',(-1.,0.,0.));
#8933=DIRECTION('',(1.,0.,0.));
#8934=DIRECTION('',(0.,1.,0.));
#8935=DIRECTION('',(-1.,0.,0.));
#8936=DIRECTION('center_axis',(0.,0.,-1.));
#8937=DIRECTION('ref_axis',(-1.,0.,0.));
#8938=DIRECTION('center_axis',(1.,0.,0.));
#8939=DIRECTION('ref_axis',(0.,-1.,0.));
#8940=DIRECTION('',(1.,0.,0.));
#8941=DIRECTION('center_axis',(0.,0.,1.));
#8942=DIRECTION('ref_axis',(0.,1.,0.));
#8943=DIRECTION('',(1.,0.,0.));
#8944=DIRECTION('',(1.,0.,0.));
#8945=DIRECTION('center_axis',(1.,0.,0.));
#8946=DIRECTION('ref_axis',(0.,-1.,0.));
#8947=DIRECTION('center_axis',(0.,0.707106781186547,-0.707106781186548));
#8948=DIRECTION('ref_axis',(0.,0.707106781186548,0.707106781186547));
#8949=DIRECTION('',(1.,0.,0.));
#8950=DIRECTION('center_axis',(0.,-1.,0.));
#8951=DIRECTION('ref_axis',(0.,0.,1.));
#8952=DIRECTION('center_axis',(0.,0.,-1.));
#8953=DIRECTION('ref_axis',(0.,-1.,0.));
#8954=DIRECTION('center_axis',(0.,-1.,0.));
#8955=DIRECTION('ref_axis',(0.,0.,1.));
#8956=DIRECTION('center_axis',(0.,0.,1.));
#8957=DIRECTION('ref_axis',(0.,1.,0.));
#8958=DIRECTION('center_axis',(0.,-1.,0.));
#8959=DIRECTION('ref_axis',(0.,0.,1.));
#8960=DIRECTION('center_axis',(0.,0.,-1.));
#8961=DIRECTION('ref_axis',(0.,-1.,0.));
#8962=DIRECTION('center_axis',(0.,-1.,0.));
#8963=DIRECTION('ref_axis',(-1.,0.,0.));
#8964=DIRECTION('',(0.,-1.,0.));
#8965=DIRECTION('center_axis',(0.,-1.,0.));
#8966=DIRECTION('ref_axis',(-1.,0.,0.));
#8967=DIRECTION('center_axis',(0.,1.,0.));
#8968=DIRECTION('ref_axis',(-1.,0.,0.));
#8969=DIRECTION('',(0.997027766775661,0.,-0.0770430547053904));
#8970=DIRECTION('',(0.997027766775661,0.,-0.0770430547053922));
#8971=DIRECTION('center_axis',(0.,-1.,0.));
#8972=DIRECTION('ref_axis',(-1.,0.,0.));
#8973=DIRECTION('center_axis',(0.,-1.,0.));
#8974=DIRECTION('ref_axis',(-1.,0.,0.));
#8975=DIRECTION('',(0.,-1.,0.));
#8976=DIRECTION('center_axis',(-0.0770430547053904,0.,-0.997027766775661));
#8977=DIRECTION('ref_axis',(0.997027766775661,0.,-0.0770430547053904));
#8978=DIRECTION('center_axis',(0.,0.,1.));
#8979=DIRECTION('ref_axis',(-1.,2.89623397728302E-17,0.));
#8980=DIRECTION('',(-2.89623397728302E-17,-1.,0.));
#8981=DIRECTION('center_axis',(0.,0.,1.));
#8982=DIRECTION('ref_axis',(1.,0.,0.));
#8983=DIRECTION('center_axis',(0.0770430547053922,0.,0.997027766775661));
#8984=DIRECTION('ref_axis',(-0.997027766775661,0.,0.0770430547053922));
#8985=DIRECTION('center_axis',(1.,0.,0.));
#8986=DIRECTION('ref_axis',(0.,-1.,0.));
#8987=DIRECTION('center_axis',(-1.,0.,0.));
#8988=DIRECTION('ref_axis',(0.,1.,0.));
#8989=DIRECTION('',(0.,0.,-1.));
#8990=DIRECTION('',(0.,1.,0.));
#8991=DIRECTION('center_axis',(-1.,0.,0.));
#8992=DIRECTION('ref_axis',(0.,1.,0.));
#8993=DIRECTION('center_axis',(1.,0.,0.));
#8994=DIRECTION('ref_axis',(0.,-1.,0.));
#8995=DIRECTION('center_axis',(-1.,0.,0.));
#8996=DIRECTION('ref_axis',(0.,1.,0.));
#8997=DIRECTION('',(-2.89623397728302E-17,-1.,0.));
#8998=DIRECTION('',(0.,0.,-1.));
#8999=DIRECTION('center_axis',(-1.,2.89623397728302E-17,0.));
#9000=DIRECTION('ref_axis',(2.89623397728302E-17,1.,0.));
#9001=DIRECTION('',(0.,1.,0.));
#9002=DIRECTION('center_axis',(-1.,0.,0.));
#9003=DIRECTION('ref_axis',(0.,1.,0.));
#9004=DIRECTION('',(0.,1.,0.));
#9005=DIRECTION('',(0.,0.,-1.));
#9006=DIRECTION('center_axis',(-1.,0.,0.));
#9007=DIRECTION('ref_axis',(0.,1.,0.));
#9008=DIRECTION('center_axis',(-1.,0.,0.));
#9009=DIRECTION('ref_axis',(0.,1.,0.));
#9010=DIRECTION('',(0.,-1.,0.));
#9011=DIRECTION('',(0.,0.,1.));
#9012=DIRECTION('center_axis',(-1.,0.,0.));
#9013=DIRECTION('ref_axis',(0.,1.,0.));
#9014=DIRECTION('',(-1.,0.,0.));
#9015=DIRECTION('',(-1.,0.,0.));
#9016=DIRECTION('center_axis',(-1.,0.,0.));
#9017=DIRECTION('ref_axis',(0.,1.,0.));
#9018=DIRECTION('center_axis',(0.,0.,1.));
#9019=DIRECTION('ref_axis',(1.,0.,0.));
#9020=DIRECTION('',(-1.,0.,0.));
#9021=DIRECTION('',(2.89623397728302E-17,1.,0.));
#9022=DIRECTION('',(-1.,2.89623397728302E-17,0.));
#9023=DIRECTION('',(2.89623397728302E-17,1.,0.));
#9024=DIRECTION('',(-1.,0.,0.));
#9025=DIRECTION('',(0.,1.,0.));
#9026=DIRECTION('center_axis',(0.,0.,1.));
#9027=DIRECTION('ref_axis',(1.,0.,0.));
#9028=DIRECTION('',(-1.,0.,0.));
#9029=DIRECTION('',(-1.,2.81069120158267E-17,0.));
#9030=DIRECTION('center_axis',(1.,0.,0.));
#9031=DIRECTION('ref_axis',(0.,-1.,0.));
#9032=DIRECTION('center_axis',(-1.,0.,0.));
#9033=DIRECTION('ref_axis',(0.,1.,0.));
#9034=DIRECTION('',(0.,1.,0.));
#9035=DIRECTION('',(0.,0.,1.));
#9036=DIRECTION('center_axis',(-0.0770430547053922,0.,0.997027766775661));
#9037=DIRECTION('ref_axis',(-0.997027766775661,0.,-0.0770430547053922));
#9038=DIRECTION('',(-0.997027766775661,0.,-0.0770430547053922));
#9039=DIRECTION('',(0.,1.,0.));
#9040=DIRECTION('',(-0.997027766775661,0.,-0.0770430547053922));
#9041=DIRECTION('',(-0.997027766775661,0.,-0.0770430547053922));
#9042=DIRECTION('',(-0.997027766775661,0.,-0.0770430547053922));
#9043=DIRECTION('center_axis',(0.,0.,1.));
#9044=DIRECTION('ref_axis',(1.,0.,0.));
#9045=DIRECTION('',(1.,0.,0.));
#9046=DIRECTION('',(0.,1.,0.));
#9047=DIRECTION('',(1.,0.,0.));
#9048=DIRECTION('',(2.89623397728302E-17,1.,0.));
#9049=DIRECTION('',(1.,-2.89623397728302E-17,0.));
#9050=DIRECTION('',(2.89623397728302E-17,1.,0.));
#9051=DIRECTION('center_axis',(0.,1.,0.));
#9052=DIRECTION('ref_axis',(-1.,0.,0.));
#9053=DIRECTION('',(0.,0.,-1.));
#9054=DIRECTION('center_axis',(0.,-1.,0.));
#9055=DIRECTION('ref_axis',(0.,0.,-1.));
#9056=DIRECTION('',(0.,0.,1.));
#9057=DIRECTION('',(1.,0.,0.));
#9058=DIRECTION('',(-0.997027766775661,0.,-0.0770430547053922));
#9059=DIRECTION('center_axis',(0.,1.,0.));
#9060=DIRECTION('ref_axis',(-1.,0.,0.));
#9061=DIRECTION('',(0.,0.,-1.));
#9062=DIRECTION('',(-0.997027766775661,0.,-0.0770430547053922));
#9063=DIRECTION('',(-1.,0.,0.));
#9064=DIRECTION('center_axis',(0.,-1.,0.));
#9065=DIRECTION('ref_axis',(0.,0.,-1.));
#9066=DIRECTION('',(0.,0.,1.));
#9067=DIRECTION('',(0.,0.,1.));
#9068=DIRECTION('center_axis',(0.,0.,1.));
#9069=DIRECTION('ref_axis',(1.,0.,0.));
#9070=DIRECTION('',(0.,0.,1.));
#9071=DIRECTION('center_axis',(0.,0.,1.));
#9072=DIRECTION('ref_axis',(1.,0.,0.));
#9073=DIRECTION('',(0.,0.,1.));
#9074=DIRECTION('center_axis',(0.,0.,1.));
#9075=DIRECTION('ref_axis',(1.,0.,0.));
#9076=DIRECTION('',(0.709157117069843,0.70505048280899,0.));
#9077=DIRECTION('center_axis',(0.,0.,1.));
#9078=DIRECTION('ref_axis',(1.,0.,0.));
#9079=DIRECTION('',(0.,1.,0.));
#9080=DIRECTION('center_axis',(0.,0.,1.));
#9081=DIRECTION('ref_axis',(1.,0.,0.));
#9082=DIRECTION('',(-1.,2.81069120158267E-17,0.));
#9083=DIRECTION('center_axis',(0.,0.,1.));
#9084=DIRECTION('ref_axis',(1.,0.,0.));
#9085=DIRECTION('',(0.,1.,0.));
#9086=DIRECTION('center_axis',(0.,0.,1.));
#9087=DIRECTION('ref_axis',(1.,0.,0.));
#9088=DIRECTION('',(-0.709391437826051,0.704814718872335,0.));
#9089=DIRECTION('center_axis',(0.,0.,1.));
#9090=DIRECTION('ref_axis',(1.,0.,0.));
#9091=DIRECTION('',(1.,0.,0.));
#9092=DIRECTION('center_axis',(0.,0.,1.));
#9093=DIRECTION('ref_axis',(1.,0.,0.));
#9094=DIRECTION('center_axis',(0.,0.,1.));
#9095=DIRECTION('ref_axis',(1.,0.,0.));
#9096=DIRECTION('',(0.,-1.,0.));
#9097=DIRECTION('',(1.,0.,0.));
#9098=DIRECTION('',(1.,-2.89623397728302E-17,0.));
#9099=DIRECTION('center_axis',(-1.,0.,0.));
#9100=DIRECTION('ref_axis',(0.,0.,-1.));
#9101=DIRECTION('',(0.,1.,0.));
#9102=DIRECTION('',(0.,-1.,0.));
#9103=DIRECTION('',(0.,1.,0.));
#9104=DIRECTION('',(0.,0.,-1.));
#9105=DIRECTION('',(0.,1.,0.));
#9106=DIRECTION('center_axis',(0.,0.,1.));
#9107=DIRECTION('ref_axis',(-1.,0.,0.));
#9108=DIRECTION('',(0.,1.,0.));
#9109=DIRECTION('',(1.,0.,0.));
#9110=DIRECTION('',(0.,1.,0.));
#9111=DIRECTION('',(-1.,0.,0.));
#9112=DIRECTION('',(0.,1.,0.));
#9113=DIRECTION('',(1.,0.,0.));
#9114=DIRECTION('',(0.,1.,0.));
#9115=DIRECTION('',(-1.,0.,0.));
#9116=DIRECTION('',(0.,1.,0.));
#9117=DIRECTION('',(1.,0.,0.));
#9118=DIRECTION('',(0.,1.,0.));
#9119=DIRECTION('',(-1.,0.,0.));
#9120=DIRECTION('',(0.,1.,0.));
#9121=DIRECTION('',(1.,0.,0.));
#9122=DIRECTION('',(0.,1.,0.));
#9123=DIRECTION('',(-1.,0.,0.));
#9124=DIRECTION('',(0.,1.,0.));
#9125=DIRECTION('',(1.,0.,0.));
#9126=DIRECTION('',(0.,1.,0.));
#9127=DIRECTION('',(-1.,0.,0.));
#9128=DIRECTION('',(0.,1.,0.));
#9129=DIRECTION('',(1.,0.,0.));
#9130=DIRECTION('center_axis',(0.,-1.,0.));
#9131=DIRECTION('ref_axis',(1.,0.,0.));
#9132=DIRECTION('',(1.,0.,0.));
#9133=DIRECTION('',(0.,0.,1.));
#9134=DIRECTION('',(-1.,0.,0.));
#9135=DIRECTION('',(0.,0.,1.));
#9136=DIRECTION('',(0.,0.,1.));
#9137=DIRECTION('',(-1.,0.,0.));
#9138=DIRECTION('',(0.,0.,1.));
#9139=DIRECTION('',(0.,0.,1.));
#9140=DIRECTION('',(-1.,0.,0.));
#9141=DIRECTION('',(0.,0.,1.));
#9142=DIRECTION('',(0.,0.,1.));
#9143=DIRECTION('',(-1.,0.,0.));
#9144=DIRECTION('',(0.,0.,1.));
#9145=DIRECTION('',(0.,0.,1.));
#9146=DIRECTION('',(-1.,0.,0.));
#9147=DIRECTION('',(0.,0.,1.));
#9148=DIRECTION('',(0.,0.,1.));
#9149=DIRECTION('center_axis',(0.,0.,1.));
#9150=DIRECTION('ref_axis',(1.,0.,0.));
#9151=DIRECTION('',(-1.,0.,0.));
#9152=DIRECTION('center_axis',(-1.,0.,0.));
#9153=DIRECTION('ref_axis',(0.,1.,0.));
#9154=DIRECTION('center_axis',(-1.,0.,0.));
#9155=DIRECTION('ref_axis',(0.,1.,0.));
#9156=DIRECTION('',(-1.,0.,0.));
#9157=DIRECTION('center_axis',(2.81069120158267E-17,1.,0.));
#9158=DIRECTION('ref_axis',(1.,-2.81069120158267E-17,0.));
#9159=DIRECTION('',(-1.,2.81069120158267E-17,0.));
#9160=DIRECTION('',(0.,0.,1.));
#9161=DIRECTION('center_axis',(-2.89623397728302E-17,-1.,0.));
#9162=DIRECTION('ref_axis',(-1.,2.89623397728302E-17,0.));
#9163=DIRECTION('center_axis',(0.,-1.,0.));
#9164=DIRECTION('ref_axis',(0.,0.,1.));
#9165=DIRECTION('',(1.,0.,0.));
#9166=DIRECTION('',(0.,0.,1.));
#9167=DIRECTION('',(1.,0.,0.));
#9168=DIRECTION('',(0.,0.,1.));
#9169=DIRECTION('center_axis',(2.81069120158267E-17,1.,0.));
#9170=DIRECTION('ref_axis',(1.,-2.81069120158267E-17,0.));
#9171=DIRECTION('center_axis',(-2.89623397728302E-17,-1.,0.));
#9172=DIRECTION('ref_axis',(-1.,2.89623397728302E-17,0.));
#9173=DIRECTION('center_axis',(1.,0.,0.));
#9174=DIRECTION('ref_axis',(0.,1.,0.));
#9175=DIRECTION('',(0.,1.,0.));
#9176=DIRECTION('center_axis',(1.,0.,0.));
#9177=DIRECTION('ref_axis',(0.,1.,0.));
#9178=DIRECTION('center_axis',(1.,0.,0.));
#9179=DIRECTION('ref_axis',(0.,1.,0.));
#9180=DIRECTION('',(0.,1.,-9.76020241428709E-17));
#9181=DIRECTION('',(0.,0.,1.));
#9182=DIRECTION('center_axis',(1.,0.,0.));
#9183=DIRECTION('ref_axis',(0.,1.,0.));
#9184=DIRECTION('',(0.,1.,0.));
#9185=DIRECTION('center_axis',(1.,0.,0.));
#9186=DIRECTION('ref_axis',(0.,1.,0.));
#9187=DIRECTION('',(0.,-1.,0.));
#9188=DIRECTION('',(0.,0.,1.));
#9189=DIRECTION('center_axis',(1.,0.,0.));
#9190=DIRECTION('ref_axis',(0.,-1.,0.));
#9191=DIRECTION('',(0.,-1.,0.));
#9192=DIRECTION('',(0.,0.,1.));
#9193=DIRECTION('center_axis',(-1.,2.81069120158267E-17,0.));
#9194=DIRECTION('ref_axis',(2.81069120158267E-17,1.,0.));
#9195=DIRECTION('center_axis',(-1.,2.81069120158267E-17,0.));
#9196=DIRECTION('ref_axis',(2.81069120158267E-17,1.,0.));
#9197=DIRECTION('center_axis',(-1.,2.81069120158267E-17,0.));
#9198=DIRECTION('ref_axis',(2.81069120158267E-17,1.,0.));
#9199=DIRECTION('center_axis',(1.,0.,0.));
#9200=DIRECTION('ref_axis',(0.,-1.,0.));
#9201=DIRECTION('center_axis',(1.,0.,0.));
#9202=DIRECTION('ref_axis',(0.,-1.,0.));
#9203=DIRECTION('center_axis',(1.,0.,0.));
#9204=DIRECTION('ref_axis',(0.,-1.,0.));
#9205=DIRECTION('center_axis',(0.,1.,0.));
#9206=DIRECTION('ref_axis',(1.,0.,0.));
#9207=DIRECTION('center_axis',(0.,-1.,0.));
#9208=DIRECTION('ref_axis',(-1.,0.,0.));
#9209=DIRECTION('center_axis',(0.,-1.,0.));
#9210=DIRECTION('ref_axis',(-1.,0.,0.));
#9211=DIRECTION('center_axis',(0.709157117069843,0.705050482808989,0.));
#9212=DIRECTION('ref_axis',(0.705050482808989,-0.709157117069843,0.));
#9213=DIRECTION('center_axis',(0.709391437826051,-0.704814718872335,0.));
#9214=DIRECTION('ref_axis',(-0.704814718872335,-0.709391437826051,0.));
#9215=DIRECTION('center_axis',(0.,1.,0.));
#9216=DIRECTION('ref_axis',(1.,0.,0.));
#9217=DIRECTION('center_axis',(0.709391437826048,-0.704814718872337,0.));
#9218=DIRECTION('ref_axis',(-0.704814718872337,-0.709391437826048,0.));
#9219=DIRECTION('center_axis',(0.,1.,0.));
#9220=DIRECTION('ref_axis',(1.,0.,0.));
#9221=DIRECTION('center_axis',(0.,1.,0.));
#9222=DIRECTION('ref_axis',(1.,0.,0.));
#9223=DIRECTION('center_axis',(-0.709391437826051,0.704814718872335,0.));
#9224=DIRECTION('ref_axis',(0.704814718872335,0.709391437826051,0.));
#9225=DIRECTION('center_axis',(0.709157117069831,0.705050482809001,0.));
#9226=DIRECTION('ref_axis',(0.705050482809001,-0.709157117069831,0.));
#9227=DIRECTION('center_axis',(0.709157117069843,0.70505048280899,0.));
#9228=DIRECTION('ref_axis',(0.70505048280899,-0.709157117069843,0.));
#9229=DIRECTION('center_axis',(0.,0.,1.));
#9230=DIRECTION('ref_axis',(1.,0.,0.));
#9231=DIRECTION('',(0.,1.,0.));
#9232=DIRECTION('center_axis',(1.,0.,0.));
#9233=DIRECTION('ref_axis',(0.,0.,-1.));
#9234=DIRECTION('',(0.,0.,1.));
#9235=DIRECTION('center_axis',(0.,1.,0.));
#9236=DIRECTION('ref_axis',(-1.,0.,0.));
#9237=DIRECTION('',(0.,0.,-1.));
#9238=DIRECTION('center_axis',(0.,-1.,0.));
#9239=DIRECTION('ref_axis',(0.,0.,-1.));
#9240=DIRECTION('',(0.,0.,1.));
#9241=DIRECTION('center_axis',(1.,-2.89623397728302E-17,0.));
#9242=DIRECTION('ref_axis',(2.89623397728302E-17,1.,0.));
#9243=DIRECTION('',(1.,-2.89623397728302E-17,0.));
#9244=DIRECTION('center_axis',(1.,-2.89623397728302E-17,0.));
#9245=DIRECTION('ref_axis',(2.89623397728302E-17,1.,0.));
#9246=DIRECTION('',(1.,-2.89623397728302E-17,0.));
#9247=DIRECTION('center_axis',(1.,-2.89623397728302E-17,0.));
#9248=DIRECTION('ref_axis',(2.89623397728302E-17,1.,0.));
#9249=DIRECTION('center_axis',(1.,-2.89623397728302E-17,0.));
#9250=DIRECTION('ref_axis',(2.89623397728302E-17,1.,0.));
#9251=DIRECTION('',(0.,0.,-1.));
#9252=DIRECTION('',(4.83260688547209E-18,0.166858303692908,0.985980885458093));
#9253=DIRECTION('center_axis',(1.,-2.89623397728302E-17,0.));
#9254=DIRECTION('ref_axis',(2.89623397728302E-17,1.,0.));
#9255=DIRECTION('',(2.84870058917352E-17,0.983587863245052,0.180429807063667));
#9256=DIRECTION('center_axis',(1.,-2.89623397728302E-17,0.));
#9257=DIRECTION('ref_axis',(2.89623397728302E-17,1.,0.));
#9258=DIRECTION('',(0.,0.,1.));
#9259=DIRECTION('center_axis',(1.,-2.89623397728302E-17,0.));
#9260=DIRECTION('ref_axis',(2.89623397728302E-17,1.,0.));
#9261=DIRECTION('',(2.89623397728302E-17,1.,0.));
#9262=DIRECTION('center_axis',(1.,-2.89623397728302E-17,0.));
#9263=DIRECTION('ref_axis',(2.89623397728302E-17,1.,0.));
#9264=DIRECTION('',(0.,0.,-1.));
#9265=DIRECTION('',(2.89623397728302E-17,1.,0.));
#9266=DIRECTION('center_axis',(1.,-2.89623397728302E-17,0.));
#9267=DIRECTION('ref_axis',(2.89623397728302E-17,1.,0.));
#9268=DIRECTION('',(0.,0.,1.));
#9269=DIRECTION('center_axis',(1.,-2.89623397728302E-17,0.));
#9270=DIRECTION('ref_axis',(2.89623397728302E-17,1.,0.));
#9271=DIRECTION('',(2.84870058917352E-17,0.983587863245052,0.180429807063667));
#9272=DIRECTION('center_axis',(1.,-2.89623397728302E-17,0.));
#9273=DIRECTION('ref_axis',(2.89623397728302E-17,1.,0.));
#9274=DIRECTION('',(4.83260688547209E-18,0.166858303692908,0.985980885458093));
#9275=DIRECTION('center_axis',(2.89623397728302E-17,1.,0.));
#9276=DIRECTION('ref_axis',(0.,0.,-1.));
#9277=DIRECTION('',(1.,-2.89623397728302E-17,0.));
#9278=DIRECTION('',(1.,-2.89623397728302E-17,0.));
#9279=DIRECTION('center_axis',(0.,0.,1.));
#9280=DIRECTION('ref_axis',(2.89623397728302E-17,1.,0.));
#9281=DIRECTION('',(1.,-2.81069120158267E-17,0.));
#9282=DIRECTION('',(1.,-2.89623397728302E-17,0.));
#9283=DIRECTION('center_axis',(1.,-2.89623397728302E-17,0.));
#9284=DIRECTION('ref_axis',(2.89623397728302E-17,1.,0.));
#9285=DIRECTION('center_axis',(2.85563134141532E-17,0.985980885458093,-0.166858303692908));
#9286=DIRECTION('ref_axis',(-4.83260688547209E-18,-0.166858303692908,-0.985980885458093));
#9287=DIRECTION('',(1.,-2.89623397728302E-17,0.));
#9288=DIRECTION('center_axis',(1.,-2.89623397728302E-17,0.));
#9289=DIRECTION('ref_axis',(2.89623397728302E-17,1.,0.));
#9290=DIRECTION('',(1.,-2.89623397728302E-17,0.));
#9291=DIRECTION('center_axis',(5.22566937732412E-18,0.180429807063667,-0.983587863245052));
#9292=DIRECTION('ref_axis',(-2.84870058917352E-17,-0.983587863245052,-0.180429807063667));
#9293=DIRECTION('',(1.,-2.89623397728302E-17,0.));
#9294=DIRECTION('center_axis',(1.,-2.89623397728302E-17,0.));
#9295=DIRECTION('ref_axis',(2.89623397728302E-17,1.,0.));
#9296=DIRECTION('center_axis',(0.,1.,0.));
#9297=DIRECTION('ref_axis',(0.,0.,-1.));
#9298=DIRECTION('',(1.,0.,0.));
#9299=DIRECTION('',(1.,0.,0.));
#9300=DIRECTION('',(0.,0.,1.));
#9301=DIRECTION('center_axis',(2.81069120158267E-17,1.,0.));
#9302=DIRECTION('ref_axis',(1.,-2.81069120158267E-17,0.));
#9303=DIRECTION('',(-1.,2.81069120158267E-17,0.));
#9304=DIRECTION('',(0.,0.,1.));
#9305=DIRECTION('',(1.,-2.81069120158267E-17,0.));
#9306=DIRECTION('',(0.,0.,-1.));
#9307=DIRECTION('',(1.,-2.81069120158267E-17,0.));
#9308=DIRECTION('',(0.,0.,-1.));
#9309=DIRECTION('',(1.,-2.89623397728302E-17,0.));
#9310=DIRECTION('',(0.,0.,-1.));
#9311=DIRECTION('center_axis',(1.,0.,0.));
#9312=DIRECTION('ref_axis',(0.,1.,0.));
#9313=DIRECTION('',(1.,0.,0.));
#9314=DIRECTION('center_axis',(1.,0.,0.));
#9315=DIRECTION('ref_axis',(0.,1.,0.));
#9316=DIRECTION('center_axis',(-2.89623397728302E-17,-1.,0.));
#9317=DIRECTION('ref_axis',(0.,0.,1.));
#9318=DIRECTION('',(0.,0.,1.));
#9319=DIRECTION('',(1.,-2.89623397728302E-17,0.));
#9320=DIRECTION('',(0.,0.,1.));
#9321=DIRECTION('center_axis',(1.,-2.89623397728302E-17,0.));
#9322=DIRECTION('ref_axis',(2.89623397728302E-17,1.,0.));
#9323=DIRECTION('',(2.89623397728302E-17,1.,0.));
#9324=DIRECTION('',(0.,0.,1.));
#9325=DIRECTION('',(2.89623397728302E-17,1.,0.));
#9326=DIRECTION('center_axis',(1.,-2.89623397728302E-17,0.));
#9327=DIRECTION('ref_axis',(2.89623397728302E-17,1.,0.));
#9328=DIRECTION('',(2.89623397728302E-17,1.,0.));
#9329=DIRECTION('center_axis',(1.,-2.89623397728302E-17,0.));
#9330=DIRECTION('ref_axis',(2.89623397728302E-17,1.,0.));
#9331=DIRECTION('center_axis',(0.,0.,-1.));
#9332=DIRECTION('ref_axis',(-2.89623397728302E-17,-1.,0.));
#9333=DIRECTION('',(2.89623397728302E-17,1.,0.));
#9334=DIRECTION('',(1.,-2.89623397728302E-17,0.));
#9335=DIRECTION('',(1.,-2.89623397728302E-17,0.));
#9336=DIRECTION('center_axis',(2.89623397728302E-17,1.,0.));
#9337=DIRECTION('ref_axis',(0.,0.,-1.));
#9338=DIRECTION('',(0.,0.,1.));
#9339=DIRECTION('center_axis',(1.,-2.89623397728302E-17,0.));
#9340=DIRECTION('ref_axis',(2.89623397728302E-17,1.,0.));
#9341=DIRECTION('',(1.,-2.89623397728302E-17,0.));
#9342=DIRECTION('',(1.,-2.89623397728302E-17,0.));
#9343=DIRECTION('center_axis',(1.,-2.89623397728302E-17,0.));
#9344=DIRECTION('ref_axis',(2.89623397728302E-17,1.,0.));
#9345=DIRECTION('center_axis',(0.,0.,-1.));
#9346=DIRECTION('ref_axis',(-2.89623397728302E-17,-1.,0.));
#9347=DIRECTION('',(2.89623397728302E-17,1.,0.));
#9348=DIRECTION('',(1.,-2.89623397728302E-17,0.));
#9349=DIRECTION('center_axis',(1.,-2.89623397728302E-17,0.));
#9350=DIRECTION('ref_axis',(2.89623397728302E-17,1.,0.));
#9351=DIRECTION('center_axis',(1.,-2.89623397728302E-17,0.));
#9352=DIRECTION('ref_axis',(2.89623397728302E-17,1.,0.));
#9353=DIRECTION('',(2.89623397728302E-17,1.,0.));
#9354=DIRECTION('center_axis',(1.,-2.89623397728302E-17,0.));
#9355=DIRECTION('ref_axis',(2.89623397728302E-17,1.,0.));
#9356=DIRECTION('center_axis',(0.,0.,-1.));
#9357=DIRECTION('ref_axis',(-2.89623397728302E-17,-1.,0.));
#9358=DIRECTION('center_axis',(0.,-1.,0.));
#9359=DIRECTION('ref_axis',(0.,0.,-1.));
#9360=DIRECTION('center_axis',(-0.0770430547053922,0.,0.997027766775661));
#9361=DIRECTION('ref_axis',(-0.997027766775661,0.,-0.0770430547053922));
#9362=DIRECTION('center_axis',(0.,1.,0.));
#9363=DIRECTION('ref_axis',(-1.,0.,0.));
#9364=DIRECTION('center_axis',(1.,-2.89623397728302E-17,0.));
#9365=DIRECTION('ref_axis',(2.89623397728302E-17,1.,0.));
#9366=DIRECTION('',(1.,-2.89623397728302E-17,0.));
#9367=DIRECTION('center_axis',(1.,-2.89623397728302E-17,0.));
#9368=DIRECTION('ref_axis',(2.89623397728302E-17,1.,0.));
#9369=DIRECTION('',(1.,-2.89623397728302E-17,0.));
#9370=DIRECTION('center_axis',(1.,-2.89623397728302E-17,0.));
#9371=DIRECTION('ref_axis',(2.89623397728302E-17,1.,0.));
#9372=DIRECTION('center_axis',(1.,-2.89623397728302E-17,0.));
#9373=DIRECTION('ref_axis',(2.89623397728302E-17,1.,0.));
#9374=DIRECTION('center_axis',(1.,-2.89623397728302E-17,0.));
#9375=DIRECTION('ref_axis',(2.89623397728302E-17,1.,0.));
#9376=DIRECTION('',(1.,-2.89623397728302E-17,0.));
#9377=DIRECTION('center_axis',(1.,-2.89623397728302E-17,0.));
#9378=DIRECTION('ref_axis',(2.89623397728302E-17,1.,0.));
#9379=DIRECTION('',(1.,-2.89623397728302E-17,0.));
#9380=DIRECTION('center_axis',(0.,0.,1.));
#9381=DIRECTION('ref_axis',(2.89623397728302E-17,1.,0.));
#9382=DIRECTION('',(2.89623397728302E-17,1.,0.));
#9383=DIRECTION('',(2.89623397728302E-17,1.,0.));
#9384=DIRECTION('center_axis',(1.,-2.89623397728302E-17,0.));
#9385=DIRECTION('ref_axis',(2.89623397728302E-17,1.,0.));
#9386=DIRECTION('center_axis',(1.,-2.89623397728302E-17,0.));
#9387=DIRECTION('ref_axis',(2.89623397728302E-17,1.,0.));
#9388=DIRECTION('',(4.83260688547209E-18,0.166858303692908,0.985980885458093));
#9389=DIRECTION('',(2.84870058917352E-17,0.983587863245052,0.180429807063667));
#9390=DIRECTION('center_axis',(1.,-2.89623397728302E-17,0.));
#9391=DIRECTION('ref_axis',(2.89623397728302E-17,1.,0.));
#9392=DIRECTION('',(0.,0.,1.));
#9393=DIRECTION('center_axis',(2.89623397728302E-17,1.,0.));
#9394=DIRECTION('ref_axis',(0.,0.,-1.));
#9395=DIRECTION('',(0.,0.,1.));
#9396=DIRECTION('',(1.,-2.89623397728302E-17,0.));
#9397=DIRECTION('center_axis',(1.,-2.89623397728302E-17,0.));
#9398=DIRECTION('ref_axis',(2.89623397728302E-17,1.,0.));
#9399=DIRECTION('',(1.,-2.89623397728302E-17,0.));
#9400=DIRECTION('center_axis',(1.,-2.89623397728302E-17,0.));
#9401=DIRECTION('ref_axis',(2.89623397728302E-17,1.,0.));
#9402=DIRECTION('center_axis',(1.,-2.89623397728302E-17,0.));
#9403=DIRECTION('ref_axis',(2.89623397728302E-17,1.,0.));
#9404=DIRECTION('center_axis',(1.,-2.89623397728302E-17,0.));
#9405=DIRECTION('ref_axis',(2.89623397728302E-17,1.,0.));
#9406=DIRECTION('',(1.,-2.89623397728302E-17,0.));
#9407=DIRECTION('center_axis',(1.,-2.89623397728302E-17,0.));
#9408=DIRECTION('ref_axis',(2.89623397728302E-17,1.,0.));
#9409=DIRECTION('',(2.84870058917352E-17,0.983587863245052,0.180429807063667));
#9410=DIRECTION('',(4.83260688547209E-18,0.166858303692908,0.985980885458093));
#9411=DIRECTION('center_axis',(2.85563134141532E-17,0.985980885458093,-0.166858303692908));
#9412=DIRECTION('ref_axis',(-4.83260688547209E-18,-0.166858303692908,-0.985980885458093));
#9413=DIRECTION('center_axis',(5.22566937732412E-18,0.180429807063667,-0.983587863245052));
#9414=DIRECTION('ref_axis',(-2.84870058917352E-17,-0.983587863245052,-0.180429807063667));
#9415=DIRECTION('center_axis',(0.,-9.76020241428709E-17,-1.));
#9416=DIRECTION('ref_axis',(0.,-1.,9.76020241428709E-17));
#9417=DIRECTION('',(0.,1.,-9.76020241428709E-17));
#9418=DIRECTION('',(1.,0.,0.));
#9419=DIRECTION('center_axis',(2.81069120158267E-17,1.,0.));
#9420=DIRECTION('ref_axis',(1.,-2.81069120158267E-17,0.));
#9421=DIRECTION('',(0.,0.,-1.));
#9422=DIRECTION('',(-1.,2.81069120158267E-17,0.));
#9423=DIRECTION('',(0.,0.,1.));
#9424=DIRECTION('',(1.,-2.81069120158267E-17,0.));
#9425=DIRECTION('center_axis',(0.,0.,1.));
#9426=DIRECTION('ref_axis',(1.,0.,0.));
#9427=DIRECTION('',(-2.89623397728302E-17,-1.,0.));
#9428=DIRECTION('center_axis',(-2.89623397728302E-17,-1.,0.));
#9429=DIRECTION('ref_axis',(0.,0.,1.));
#9430=DIRECTION('center_axis',(0.,0.,1.));
#9431=DIRECTION('ref_axis',(0.,1.,0.));
#9432=DIRECTION('',(1.,0.,0.));
#9433=DIRECTION('',(0.,1.,0.));
#9434=DIRECTION('',(0.,1.,0.));
#9435=DIRECTION('center_axis',(1.,0.,0.));
#9436=DIRECTION('ref_axis',(0.,1.,0.));
#9437=DIRECTION('',(0.,0.,1.));
#9438=DIRECTION('',(0.,-1.,0.));
#9439=DIRECTION('center_axis',(1.,0.,0.));
#9440=DIRECTION('ref_axis',(0.,1.,0.));
#9441=DIRECTION('',(0.,1.,0.));
#9442=DIRECTION('center_axis',(1.,0.,0.));
#9443=DIRECTION('ref_axis',(0.,1.,0.));
#9444=DIRECTION('',(0.,0.,1.));
#9445=DIRECTION('',(0.,1.,-9.76020241428709E-17));
#9446=DIRECTION('center_axis',(1.,0.,0.));
#9447=DIRECTION('ref_axis',(0.,1.,0.));
#9448=DIRECTION('',(0.,0.,1.));
#9449=DIRECTION('center_axis',(1.,0.,0.));
#9450=DIRECTION('ref_axis',(0.,1.,0.));
#9451=DIRECTION('center_axis',(0.,0.,-1.));
#9452=DIRECTION('ref_axis',(0.,-1.,0.));
#9453=DIRECTION('',(1.,0.,0.));
#9454=DIRECTION('',(0.,1.,0.));
#9455=DIRECTION('',(1.,0.,0.));
#9456=DIRECTION('center_axis',(0.,0.,1.));
#9457=DIRECTION('ref_axis',(0.,1.,0.));
#9458=DIRECTION('',(1.,0.,0.));
#9459=DIRECTION('',(0.,-1.,0.));
#9460=DIRECTION('',(1.,0.,0.));
#9461=DIRECTION('center_axis',(0.,1.,0.));
#9462=DIRECTION('ref_axis',(0.,0.,-1.));
#9463=DIRECTION('',(0.,0.,1.));
#9464=DIRECTION('center_axis',(1.,0.,0.));
#9465=DIRECTION('ref_axis',(0.,1.,0.));
#9466=DIRECTION('center_axis',(1.,0.,0.));
#9467=DIRECTION('ref_axis',(0.,1.,0.));
#9468=DIRECTION('center_axis',(1.,0.,0.));
#9469=DIRECTION('ref_axis',(0.,1.,0.));
#9470=DIRECTION('',(1.,0.,0.));
#9471=DIRECTION('center_axis',(1.,0.,0.));
#9472=DIRECTION('ref_axis',(0.,1.,0.));
#9473=DIRECTION('center_axis',(1.,0.,0.));
#9474=DIRECTION('ref_axis',(0.,1.,0.));
#9475=DIRECTION('',(1.,0.,0.));
#9476=DIRECTION('',(1.,0.,0.));
#9477=DIRECTION('center_axis',(1.,0.,0.));
#9478=DIRECTION('ref_axis',(0.,1.,0.));
#9479=DIRECTION('center_axis',(0.,1.,0.));
#9480=DIRECTION('ref_axis',(0.,0.,-1.));
#9481=DIRECTION('',(0.,0.,1.));
#9482=DIRECTION('',(1.,0.,0.));
#9483=DIRECTION('center_axis',(0.,-9.76020241428709E-17,-1.));
#9484=DIRECTION('ref_axis',(0.,-1.,9.76020241428709E-17));
#9485=DIRECTION('',(0.,1.,-9.76020241428709E-17));
#9486=DIRECTION('center_axis',(1.,0.,0.));
#9487=DIRECTION('ref_axis',(0.,1.,0.));
#9488=DIRECTION('center_axis',(1.,0.,0.));
#9489=DIRECTION('ref_axis',(0.,1.,0.));
#9490=DIRECTION('',(0.,0.,1.));
#9491=DIRECTION('center_axis',(1.,0.,0.));
#9492=DIRECTION('ref_axis',(0.,1.,0.));
#9493=DIRECTION('',(1.,0.,0.));
#9494=DIRECTION('center_axis',(0.,-1.,0.));
#9495=DIRECTION('ref_axis',(0.,0.,1.));
#9496=DIRECTION('center_axis',(0.,0.,1.));
#9497=DIRECTION('ref_axis',(0.,1.,0.));
#9498=DIRECTION('',(1.,0.,0.));
#9499=DIRECTION('',(0.,1.,0.));
#9500=DIRECTION('',(0.,1.,0.));
#9501=DIRECTION('center_axis',(1.,0.,0.));
#9502=DIRECTION('ref_axis',(0.,1.,0.));
#9503=DIRECTION('',(0.,0.,1.));
#9504=DIRECTION('',(0.,-1.,0.));
#9505=DIRECTION('center_axis',(1.,0.,0.));
#9506=DIRECTION('ref_axis',(0.,1.,0.));
#9507=DIRECTION('',(0.,1.,0.));
#9508=DIRECTION('center_axis',(1.,0.,0.));
#9509=DIRECTION('ref_axis',(0.,1.,0.));
#9510=DIRECTION('',(0.,0.,1.));
#9511=DIRECTION('',(0.,1.,-9.76020241428709E-17));
#9512=DIRECTION('center_axis',(1.,0.,0.));
#9513=DIRECTION('ref_axis',(0.,1.,0.));
#9514=DIRECTION('',(0.,0.,1.));
#9515=DIRECTION('center_axis',(1.,0.,0.));
#9516=DIRECTION('ref_axis',(0.,1.,0.));
#9517=DIRECTION('center_axis',(0.,0.,-1.));
#9518=DIRECTION('ref_axis',(0.,-1.,0.));
#9519=DIRECTION('',(1.,0.,0.));
#9520=DIRECTION('',(0.,1.,0.));
#9521=DIRECTION('',(1.,0.,0.));
#9522=DIRECTION('center_axis',(0.,0.,1.));
#9523=DIRECTION('ref_axis',(0.,1.,0.));
#9524=DIRECTION('',(1.,0.,0.));
#9525=DIRECTION('',(0.,-1.,0.));
#9526=DIRECTION('',(1.,0.,0.));
#9527=DIRECTION('center_axis',(0.,1.,0.));
#9528=DIRECTION('ref_axis',(0.,0.,-1.));
#9529=DIRECTION('',(0.,0.,1.));
#9530=DIRECTION('center_axis',(1.,0.,0.));
#9531=DIRECTION('ref_axis',(0.,1.,0.));
#9532=DIRECTION('center_axis',(1.,0.,0.));
#9533=DIRECTION('ref_axis',(0.,1.,0.));
#9534=DIRECTION('center_axis',(1.,0.,0.));
#9535=DIRECTION('ref_axis',(0.,1.,0.));
#9536=DIRECTION('',(1.,0.,0.));
#9537=DIRECTION('center_axis',(1.,0.,0.));
#9538=DIRECTION('ref_axis',(0.,1.,0.));
#9539=DIRECTION('center_axis',(1.,0.,0.));
#9540=DIRECTION('ref_axis',(0.,1.,0.));
#9541=DIRECTION('',(1.,0.,0.));
#9542=DIRECTION('',(1.,0.,0.));
#9543=DIRECTION('center_axis',(1.,0.,0.));
#9544=DIRECTION('ref_axis',(0.,1.,0.));
#9545=DIRECTION('center_axis',(0.,1.,0.));
#9546=DIRECTION('ref_axis',(0.,0.,-1.));
#9547=DIRECTION('',(0.,0.,1.));
#9548=DIRECTION('',(1.,0.,0.));
#9549=DIRECTION('center_axis',(0.,-9.76020241428709E-17,-1.));
#9550=DIRECTION('ref_axis',(0.,-1.,9.76020241428709E-17));
#9551=DIRECTION('',(0.,1.,-9.76020241428709E-17));
#9552=DIRECTION('center_axis',(1.,0.,0.));
#9553=DIRECTION('ref_axis',(0.,1.,0.));
#9554=DIRECTION('center_axis',(1.,0.,0.));
#9555=DIRECTION('ref_axis',(0.,1.,0.));
#9556=DIRECTION('',(0.,0.,1.));
#9557=DIRECTION('center_axis',(1.,0.,0.));
#9558=DIRECTION('ref_axis',(0.,1.,0.));
#9559=DIRECTION('',(1.,0.,0.));
#9560=DIRECTION('center_axis',(0.,-1.,0.));
#9561=DIRECTION('ref_axis',(0.,0.,1.));
#9562=DIRECTION('center_axis',(0.,0.,1.));
#9563=DIRECTION('ref_axis',(0.,1.,0.));
#9564=DIRECTION('',(1.,0.,0.));
#9565=DIRECTION('',(0.,1.,0.));
#9566=DIRECTION('',(0.,1.,0.));
#9567=DIRECTION('center_axis',(1.,0.,0.));
#9568=DIRECTION('ref_axis',(0.,1.,0.));
#9569=DIRECTION('',(0.,0.,1.));
#9570=DIRECTION('',(0.,-1.,0.));
#9571=DIRECTION('center_axis',(1.,0.,0.));
#9572=DIRECTION('ref_axis',(0.,1.,0.));
#9573=DIRECTION('',(0.,1.,0.));
#9574=DIRECTION('center_axis',(1.,0.,0.));
#9575=DIRECTION('ref_axis',(0.,1.,0.));
#9576=DIRECTION('',(0.,0.,1.));
#9577=DIRECTION('',(0.,1.,-9.76020241428709E-17));
#9578=DIRECTION('center_axis',(1.,0.,0.));
#9579=DIRECTION('ref_axis',(0.,1.,0.));
#9580=DIRECTION('',(0.,0.,1.));
#9581=DIRECTION('center_axis',(1.,0.,0.));
#9582=DIRECTION('ref_axis',(0.,1.,0.));
#9583=DIRECTION('center_axis',(0.,0.,-1.));
#9584=DIRECTION('ref_axis',(0.,-1.,0.));
#9585=DIRECTION('',(1.,0.,0.));
#9586=DIRECTION('',(0.,1.,0.));
#9587=DIRECTION('',(1.,0.,0.));
#9588=DIRECTION('center_axis',(0.,0.,1.));
#9589=DIRECTION('ref_axis',(0.,1.,0.));
#9590=DIRECTION('',(1.,0.,0.));
#9591=DIRECTION('',(0.,-1.,0.));
#9592=DIRECTION('',(1.,0.,0.));
#9593=DIRECTION('center_axis',(0.,1.,0.));
#9594=DIRECTION('ref_axis',(0.,0.,-1.));
#9595=DIRECTION('',(0.,0.,1.));
#9596=DIRECTION('center_axis',(1.,0.,0.));
#9597=DIRECTION('ref_axis',(0.,1.,0.));
#9598=DIRECTION('center_axis',(1.,0.,0.));
#9599=DIRECTION('ref_axis',(0.,1.,0.));
#9600=DIRECTION('center_axis',(1.,0.,0.));
#9601=DIRECTION('ref_axis',(0.,1.,0.));
#9602=DIRECTION('',(1.,0.,0.));
#9603=DIRECTION('center_axis',(1.,0.,0.));
#9604=DIRECTION('ref_axis',(0.,1.,0.));
#9605=DIRECTION('center_axis',(1.,0.,0.));
#9606=DIRECTION('ref_axis',(0.,1.,0.));
#9607=DIRECTION('',(1.,0.,0.));
#9608=DIRECTION('',(1.,0.,0.));
#9609=DIRECTION('center_axis',(1.,0.,0.));
#9610=DIRECTION('ref_axis',(0.,1.,0.));
#9611=DIRECTION('center_axis',(0.,1.,0.));
#9612=DIRECTION('ref_axis',(0.,0.,-1.));
#9613=DIRECTION('',(0.,0.,1.));
#9614=DIRECTION('',(1.,0.,0.));
#9615=DIRECTION('center_axis',(0.,-9.76020241428709E-17,-1.));
#9616=DIRECTION('ref_axis',(0.,-1.,9.76020241428709E-17));
#9617=DIRECTION('',(0.,1.,-9.76020241428709E-17));
#9618=DIRECTION('center_axis',(1.,0.,0.));
#9619=DIRECTION('ref_axis',(0.,1.,0.));
#9620=DIRECTION('center_axis',(1.,0.,0.));
#9621=DIRECTION('ref_axis',(0.,1.,0.));
#9622=DIRECTION('',(0.,0.,1.));
#9623=DIRECTION('center_axis',(1.,0.,0.));
#9624=DIRECTION('ref_axis',(0.,1.,0.));
#9625=DIRECTION('',(1.,0.,0.));
#9626=DIRECTION('center_axis',(0.,-1.,0.));
#9627=DIRECTION('ref_axis',(0.,0.,1.));
#9628=DIRECTION('center_axis',(0.,0.,1.));
#9629=DIRECTION('ref_axis',(0.,1.,0.));
#9630=DIRECTION('',(1.,0.,0.));
#9631=DIRECTION('',(0.,1.,0.));
#9632=DIRECTION('',(0.,1.,0.));
#9633=DIRECTION('center_axis',(1.,0.,0.));
#9634=DIRECTION('ref_axis',(0.,1.,0.));
#9635=DIRECTION('',(0.,0.,1.));
#9636=DIRECTION('',(0.,-1.,0.));
#9637=DIRECTION('center_axis',(1.,0.,0.));
#9638=DIRECTION('ref_axis',(0.,1.,0.));
#9639=DIRECTION('',(0.,1.,0.));
#9640=DIRECTION('center_axis',(1.,0.,0.));
#9641=DIRECTION('ref_axis',(0.,1.,0.));
#9642=DIRECTION('',(0.,0.,1.));
#9643=DIRECTION('',(0.,1.,-9.76020241428709E-17));
#9644=DIRECTION('center_axis',(1.,0.,0.));
#9645=DIRECTION('ref_axis',(0.,1.,0.));
#9646=DIRECTION('',(0.,0.,1.));
#9647=DIRECTION('center_axis',(1.,0.,0.));
#9648=DIRECTION('ref_axis',(0.,1.,0.));
#9649=DIRECTION('center_axis',(0.,0.,-1.));
#9650=DIRECTION('ref_axis',(0.,-1.,0.));
#9651=DIRECTION('',(1.,0.,0.));
#9652=DIRECTION('',(0.,1.,0.));
#9653=DIRECTION('',(1.,0.,0.));
#9654=DIRECTION('center_axis',(0.,0.,1.));
#9655=DIRECTION('ref_axis',(0.,1.,0.));
#9656=DIRECTION('',(1.,0.,0.));
#9657=DIRECTION('',(0.,-1.,0.));
#9658=DIRECTION('',(1.,0.,0.));
#9659=DIRECTION('center_axis',(0.,1.,0.));
#9660=DIRECTION('ref_axis',(0.,0.,-1.));
#9661=DIRECTION('',(0.,0.,1.));
#9662=DIRECTION('center_axis',(1.,0.,0.));
#9663=DIRECTION('ref_axis',(0.,1.,0.));
#9664=DIRECTION('center_axis',(1.,0.,0.));
#9665=DIRECTION('ref_axis',(0.,1.,0.));
#9666=DIRECTION('center_axis',(1.,0.,0.));
#9667=DIRECTION('ref_axis',(0.,1.,0.));
#9668=DIRECTION('',(1.,0.,0.));
#9669=DIRECTION('center_axis',(1.,0.,0.));
#9670=DIRECTION('ref_axis',(0.,1.,0.));
#9671=DIRECTION('center_axis',(1.,0.,0.));
#9672=DIRECTION('ref_axis',(0.,1.,0.));
#9673=DIRECTION('',(1.,0.,0.));
#9674=DIRECTION('',(1.,0.,0.));
#9675=DIRECTION('center_axis',(1.,0.,0.));
#9676=DIRECTION('ref_axis',(0.,1.,0.));
#9677=DIRECTION('center_axis',(0.,1.,0.));
#9678=DIRECTION('ref_axis',(0.,0.,-1.));
#9679=DIRECTION('',(0.,0.,1.));
#9680=DIRECTION('',(1.,0.,0.));
#9681=DIRECTION('center_axis',(0.,-9.76020241428709E-17,-1.));
#9682=DIRECTION('ref_axis',(0.,-1.,9.76020241428709E-17));
#9683=DIRECTION('',(0.,1.,-9.76020241428709E-17));
#9684=DIRECTION('center_axis',(1.,0.,0.));
#9685=DIRECTION('ref_axis',(0.,1.,0.));
#9686=DIRECTION('center_axis',(1.,0.,0.));
#9687=DIRECTION('ref_axis',(0.,1.,0.));
#9688=DIRECTION('',(0.,0.,1.));
#9689=DIRECTION('center_axis',(1.,0.,0.));
#9690=DIRECTION('ref_axis',(0.,1.,0.));
#9691=DIRECTION('',(1.,0.,0.));
#9692=DIRECTION('center_axis',(0.,-1.,0.));
#9693=DIRECTION('ref_axis',(0.,0.,1.));
#9694=DIRECTION('center_axis',(0.,0.,1.));
#9695=DIRECTION('ref_axis',(0.,1.,0.));
#9696=DIRECTION('',(0.,1.,0.));
#9697=DIRECTION('center_axis',(1.,0.,0.));
#9698=DIRECTION('ref_axis',(0.,1.,0.));
#9699=DIRECTION('',(0.,0.,1.));
#9700=DIRECTION('',(0.,-1.,0.));
#9701=DIRECTION('center_axis',(1.,0.,0.));
#9702=DIRECTION('ref_axis',(0.,1.,0.));
#9703=DIRECTION('',(0.,1.,0.));
#9704=DIRECTION('center_axis',(1.,0.,0.));
#9705=DIRECTION('ref_axis',(0.,1.,0.));
#9706=DIRECTION('center_axis',(1.,0.,0.));
#9707=DIRECTION('ref_axis',(0.,1.,0.));
#9708=DIRECTION('center_axis',(0.,0.,-1.));
#9709=DIRECTION('ref_axis',(0.,-1.,0.));
#9710=DIRECTION('',(1.,0.,0.));
#9711=DIRECTION('',(1.,0.,0.));
#9712=DIRECTION('center_axis',(0.,0.,1.));
#9713=DIRECTION('ref_axis',(0.,1.,0.));
#9714=DIRECTION('',(1.,0.,0.));
#9715=DIRECTION('',(1.,0.,0.));
#9716=DIRECTION('center_axis',(0.,1.,0.));
#9717=DIRECTION('ref_axis',(0.,0.,-1.));
#9718=DIRECTION('center_axis',(1.,0.,0.));
#9719=DIRECTION('ref_axis',(0.,1.,0.));
#9720=DIRECTION('center_axis',(1.,0.,0.));
#9721=DIRECTION('ref_axis',(0.,1.,0.));
#9722=DIRECTION('center_axis',(1.,0.,0.));
#9723=DIRECTION('ref_axis',(0.,1.,0.));
#9724=DIRECTION('center_axis',(-0.0770430547053922,0.,0.997027766775661));
#9725=DIRECTION('ref_axis',(-0.997027766775661,0.,-0.0770430547053922));
#9726=DIRECTION('',(0.,1.,0.));
#9727=DIRECTION('',(-0.997027766775661,0.,-0.0770430547053922));
#9728=DIRECTION('',(-0.997027766775661,0.,-0.0770430547053922));
#9729=DIRECTION('center_axis',(0.,1.,0.));
#9730=DIRECTION('ref_axis',(1.,0.,0.));
#9731=DIRECTION('',(0.,1.,0.));
#9732=DIRECTION('center_axis',(0.,1.,0.));
#9733=DIRECTION('ref_axis',(1.,0.,0.));
#9734=DIRECTION('center_axis',(0.,1.,0.));
#9735=DIRECTION('ref_axis',(1.,0.,0.));
#9736=DIRECTION('center_axis',(1.,0.,0.));
#9737=DIRECTION('ref_axis',(0.,0.,1.));
#9738=DIRECTION('',(0.,0.,-1.));
#9739=DIRECTION('',(0.,0.,-1.));
#9740=DIRECTION('',(0.,-1.,0.));
#9741=DIRECTION('center_axis',(0.,1.,0.));
#9742=DIRECTION('ref_axis',(-1.,0.,0.));
#9743=DIRECTION('',(-0.997027766775661,0.,-0.0770430547053897));
#9744=DIRECTION('center_axis',(0.,-1.,0.));
#9745=DIRECTION('ref_axis',(-1.,0.,0.));
#9746=DIRECTION('',(1.,0.,0.));
#9747=DIRECTION('center_axis',(0.,1.,0.));
#9748=DIRECTION('ref_axis',(1.,0.,0.));
#9749=DIRECTION('',(0.,1.,0.));
#9750=DIRECTION('center_axis',(0.,1.,0.));
#9751=DIRECTION('ref_axis',(1.,0.,0.));
#9752=DIRECTION('center_axis',(-1.,2.89623397728302E-17,0.));
#9753=DIRECTION('ref_axis',(0.,0.,-1.));
#9754=DIRECTION('',(0.,1.,0.));
#9755=DIRECTION('center_axis',(-1.,0.,0.));
#9756=DIRECTION('ref_axis',(0.,1.,0.));
#9757=DIRECTION('',(0.,1.,0.));
#9758=DIRECTION('center_axis',(-1.,2.89623397728302E-17,0.));
#9759=DIRECTION('ref_axis',(2.89623397728302E-17,1.,0.));
#9760=DIRECTION('',(0.,0.,1.));
#9761=DIRECTION('',(-2.89623397728302E-17,-1.,0.));
#9762=DIRECTION('',(0.,0.,-1.));
#9763=DIRECTION('center_axis',(0.,0.894427190999916,-0.447213595499958));
#9764=DIRECTION('ref_axis',(0.,-0.447213595499958,-0.894427190999916));
#9765=DIRECTION('',(0.,-0.447213595499958,-0.894427190999916));
#9766=DIRECTION('center_axis',(-2.89623397728302E-17,-1.,0.));
#9767=DIRECTION('ref_axis',(-1.,2.89623397728302E-17,0.));
#9768=DIRECTION('center_axis',(-2.89623397728302E-17,-1.,0.));
#9769=DIRECTION('ref_axis',(-1.,2.89623397728302E-17,0.));
#9770=DIRECTION('center_axis',(0.,0.,1.));
#9771=DIRECTION('ref_axis',(1.,0.,0.));
#9772=DIRECTION('center_axis',(0.,0.,1.));
#9773=DIRECTION('ref_axis',(1.,0.,0.));
#9774=DIRECTION('',(0.,0.,1.));
#9775=DIRECTION('',(0.,0.,1.));
#9776=DIRECTION('center_axis',(0.894427190999916,0.,0.447213595499958));
#9777=DIRECTION('ref_axis',(0.447213595499958,0.,-0.894427190999916));
#9778=DIRECTION('',(0.447213595499957,9.93013661298905E-17,-0.894427190999917));
#9779=DIRECTION('',(0.,1.,0.));
#9780=DIRECTION('',(0.447213595499958,9.93013661298909E-17,-0.894427190999916));
#9781=DIRECTION('center_axis',(-1.,0.,0.));
#9782=DIRECTION('ref_axis',(0.,1.,0.));
#9783=DIRECTION('',(-1.,0.,0.));
#9784=DIRECTION('center_axis',(2.89623397728302E-17,1.,0.));
#9785=DIRECTION('ref_axis',(-1.,2.89623397728302E-17,0.));
#9786=DIRECTION('',(-1.,2.89623397728302E-17,0.));
#9787=DIRECTION('',(0.,0.,1.));
#9788=DIRECTION('',(-1.,2.89623397728302E-17,0.));
#9789=DIRECTION('',(0.,0.,1.));
#9790=DIRECTION('center_axis',(-2.89623397728302E-17,-1.,0.));
#9791=DIRECTION('ref_axis',(-1.,2.89623397728302E-17,0.));
#9792=DIRECTION('',(1.,-2.89623397728302E-17,0.));
#9793=DIRECTION('center_axis',(2.89623397728302E-17,1.,0.));
#9794=DIRECTION('ref_axis',(1.,-2.89623397728302E-17,0.));
#9795=DIRECTION('',(-1.,2.89623397728302E-17,0.));
#9796=DIRECTION('center_axis',(2.89623397728302E-17,1.,0.));
#9797=DIRECTION('ref_axis',(1.,-2.89623397728302E-17,0.));
#9798=DIRECTION('',(-1.,2.89623397728302E-17,0.));
#9799=DIRECTION('',(0.,0.,-1.));
#9800=DIRECTION('',(1.,-2.89623397728302E-17,0.));
#9801=DIRECTION('',(0.,0.,1.));
#9802=DIRECTION('',(1.,-2.89623397728302E-17,0.));
#9803=DIRECTION('',(0.,0.,1.));
#9804=DIRECTION('',(-1.,2.89623397728302E-17,0.));
#9805=DIRECTION('',(0.,0.,-1.));
#9806=DIRECTION('',(0.,0.,1.));
#9807=DIRECTION('center_axis',(2.89623397728302E-17,1.,0.));
#9808=DIRECTION('ref_axis',(1.,-2.89623397728302E-17,0.));
#9809=DIRECTION('',(0.,0.,1.));
#9810=DIRECTION('center_axis',(2.89623397728302E-17,1.,0.));
#9811=DIRECTION('ref_axis',(1.,-2.89623397728302E-17,0.));
#9812=DIRECTION('center_axis',(2.89623397728302E-17,1.,0.));
#9813=DIRECTION('ref_axis',(1.,-2.89623397728302E-17,0.));
#9814=DIRECTION('',(0.,0.,1.));
#9815=DIRECTION('center_axis',(2.89623397728302E-17,1.,0.));
#9816=DIRECTION('ref_axis',(1.,-2.89623397728302E-17,0.));
#9817=DIRECTION('',(0.,0.,1.));
#9818=DIRECTION('center_axis',(2.89623397728302E-17,1.,0.));
#9819=DIRECTION('ref_axis',(1.,-2.89623397728302E-17,0.));
#9820=DIRECTION('',(0.,0.,1.));
#9821=DIRECTION('center_axis',(2.89623397728302E-17,1.,0.));
#9822=DIRECTION('ref_axis',(1.,-2.89623397728302E-17,0.));
#9823=DIRECTION('',(0.,0.,1.));
#9824=DIRECTION('center_axis',(-1.,2.89623397728302E-17,0.));
#9825=DIRECTION('ref_axis',(2.89623397728302E-17,1.,0.));
#9826=DIRECTION('',(-1.,2.89623397728302E-17,0.));
#9827=DIRECTION('center_axis',(-1.,2.89623397728302E-17,0.));
#9828=DIRECTION('ref_axis',(2.89623397728302E-17,1.,0.));
#9829=DIRECTION('center_axis',(1.,-2.89623397728302E-17,1.44811698864151E-17));
#9830=DIRECTION('ref_axis',(-2.89623397728302E-17,-1.,0.));
#9831=DIRECTION('center_axis',(2.89623397728302E-17,1.,0.));
#9832=DIRECTION('ref_axis',(-1.,0.,0.));
#9833=DIRECTION('center_axis',(2.89623397728302E-17,1.,0.));
#9834=DIRECTION('ref_axis',(1.,-2.89623397728302E-17,0.));
#9835=DIRECTION('center_axis',(-1.,2.89623397728302E-17,0.));
#9836=DIRECTION('ref_axis',(2.89623397728302E-17,1.,0.));
#9837=DIRECTION('center_axis',(2.89623397728302E-17,1.,0.));
#9838=DIRECTION('ref_axis',(1.,0.,0.));
#9839=DIRECTION('center_axis',(2.89623397728302E-17,1.,0.));
#9840=DIRECTION('ref_axis',(1.,-2.89623397728302E-17,0.));
#9841=DIRECTION('center_axis',(-1.,2.89623397728302E-17,0.));
#9842=DIRECTION('ref_axis',(2.89623397728302E-17,1.,0.));
#9843=DIRECTION('center_axis',(-1.,2.89623397728302E-17,0.));
#9844=DIRECTION('ref_axis',(2.89623397728302E-17,1.,0.));
#9845=DIRECTION('',(-1.,2.89623397728302E-17,0.));
#9846=DIRECTION('center_axis',(2.89623397728302E-17,1.,0.));
#9847=DIRECTION('ref_axis',(-1.,2.89623397728302E-17,0.));
#9848=DIRECTION('center_axis',(-1.,2.89623397728302E-17,0.));
#9849=DIRECTION('ref_axis',(0.,0.,-1.));
#9850=DIRECTION('',(-2.89623397728302E-17,-1.,0.));
#9851=DIRECTION('',(-2.89623397728302E-17,-1.,0.));
#9852=DIRECTION('center_axis',(0.,0.,-1.));
#9853=DIRECTION('ref_axis',(1.,-2.89623397728302E-17,0.));
#9854=DIRECTION('',(-2.89623397728302E-17,-1.,0.));
#9855=DIRECTION('center_axis',(1.,-2.89623397728302E-17,0.));
#9856=DIRECTION('ref_axis',(0.,0.,1.));
#9857=DIRECTION('',(-2.89623397728302E-17,-1.,0.));
#9858=DIRECTION('center_axis',(0.,0.,1.));
#9859=DIRECTION('ref_axis',(-1.,2.89623397728302E-17,0.));
#9860=DIRECTION('center_axis',(-1.,2.89623397728302E-17,0.));
#9861=DIRECTION('ref_axis',(0.,0.,-1.));
#9862=DIRECTION('',(-2.89623397728302E-17,-1.,0.));
#9863=DIRECTION('',(-2.89623397728302E-17,-1.,0.));
#9864=DIRECTION('center_axis',(0.,0.,-1.));
#9865=DIRECTION('ref_axis',(1.,-2.89623397728302E-17,0.));
#9866=DIRECTION('',(-2.89623397728302E-17,-1.,0.));
#9867=DIRECTION('center_axis',(1.,-2.89623397728302E-17,0.));
#9868=DIRECTION('ref_axis',(0.,0.,1.));
#9869=DIRECTION('',(-2.89623397728302E-17,-1.,0.));
#9870=DIRECTION('center_axis',(0.,0.,1.));
#9871=DIRECTION('ref_axis',(-1.,2.89623397728302E-17,0.));
#9872=DIRECTION('center_axis',(0.,0.,1.));
#9873=DIRECTION('ref_axis',(1.,0.,0.));
#9874=DIRECTION('',(0.,0.,1.));
#9875=DIRECTION('center_axis',(0.,0.,-1.));
#9876=DIRECTION('ref_axis',(-1.,0.,0.));
#9877=DIRECTION('center_axis',(0.,0.,-1.));
#9878=DIRECTION('ref_axis',(-1.,0.,0.));
#9879=DIRECTION('center_axis',(2.89623397728302E-17,1.,0.));
#9880=DIRECTION('ref_axis',(1.,0.,0.));
#9881=DIRECTION('center_axis',(2.89623397728302E-17,1.,0.));
#9882=DIRECTION('ref_axis',(1.,-2.89623397728302E-17,0.));
#9883=DIRECTION('center_axis',(0.,0.,1.));
#9884=DIRECTION('ref_axis',(1.,-5.79246795456604E-17,0.));
#9885=DIRECTION('center_axis',(0.,0.,1.));
#9886=DIRECTION('ref_axis',(1.,0.,0.));
#9887=DIRECTION('',(0.,0.,1.));
#9888=DIRECTION('center_axis',(0.,0.,1.));
#9889=DIRECTION('ref_axis',(1.,-5.79246795456604E-17,0.));
#9890=DIRECTION('center_axis',(2.89623397728302E-17,1.,0.));
#9891=DIRECTION('ref_axis',(1.,0.,0.));
#9892=DIRECTION('center_axis',(2.89623397728302E-17,1.,0.));
#9893=DIRECTION('ref_axis',(1.,-2.89623397728302E-17,0.));
#9894=DIRECTION('center_axis',(2.89623397728302E-17,1.,0.));
#9895=DIRECTION('ref_axis',(-1.,2.89623397728302E-17,0.));
#9896=DIRECTION('center_axis',(2.89623397728302E-17,1.,0.));
#9897=DIRECTION('ref_axis',(1.,0.,0.));
#9898=DIRECTION('center_axis',(2.89623397728302E-17,1.,0.));
#9899=DIRECTION('ref_axis',(1.,-2.89623397728302E-17,0.));
#9900=DIRECTION('center_axis',(0.,0.,-1.));
#9901=DIRECTION('ref_axis',(-1.,0.,0.));
#9902=DIRECTION('center_axis',(0.,0.,1.));
#9903=DIRECTION('ref_axis',(1.,-5.79246795456604E-17,0.));
#9904=DIRECTION('center_axis',(0.,0.,1.));
#9905=DIRECTION('ref_axis',(1.,0.,0.));
#9906=DIRECTION('',(0.,0.,1.));
#9907=DIRECTION('center_axis',(0.,0.,1.));
#9908=DIRECTION('ref_axis',(1.,-5.79246795456604E-17,0.));
#9909=DIRECTION('center_axis',(2.89623397728302E-17,1.,0.));
#9910=DIRECTION('ref_axis',(1.,0.,0.));
#9911=DIRECTION('center_axis',(2.89623397728302E-17,1.,0.));
#9912=DIRECTION('ref_axis',(1.,-2.89623397728302E-17,0.));
#9913=DIRECTION('center_axis',(0.,0.,-1.));
#9914=DIRECTION('ref_axis',(-1.,0.,0.));
#9915=DIRECTION('center_axis',(0.,0.,1.));
#9916=DIRECTION('ref_axis',(1.,0.,0.));
#9917=DIRECTION('',(0.,0.,1.));
#9918=DIRECTION('center_axis',(2.89623397728302E-17,1.,0.));
#9919=DIRECTION('ref_axis',(-1.,2.89623397728302E-17,0.));
#9920=DIRECTION('center_axis',(0.,0.,1.));
#9921=DIRECTION('ref_axis',(1.,0.,0.));
#9922=DIRECTION('',(0.,0.,1.));
#9923=DIRECTION('center_axis',(0.,0.,1.));
#9924=DIRECTION('ref_axis',(1.,-5.79246795456604E-17,0.));
#9925=DIRECTION('center_axis',(0.,0.,1.));
#9926=DIRECTION('ref_axis',(1.,-5.79246795456604E-17,0.));
#9927=DIRECTION('center_axis',(0.,0.,1.));
#9928=DIRECTION('ref_axis',(1.,0.,0.));
#9929=DIRECTION('',(0.,0.,1.));
#9930=DIRECTION('center_axis',(0.,0.,-1.));
#9931=DIRECTION('ref_axis',(-1.,0.,0.));
#9932=DIRECTION('center_axis',(0.,0.,-1.));
#9933=DIRECTION('ref_axis',(-1.,0.,0.));
#9934=DIRECTION('center_axis',(2.89623397728302E-17,1.,0.));
#9935=DIRECTION('ref_axis',(1.,0.,0.));
#9936=DIRECTION('center_axis',(2.89623397728302E-17,1.,0.));
#9937=DIRECTION('ref_axis',(1.,-2.89623397728302E-17,0.));
#9938=DIRECTION('center_axis',(2.89623397728302E-17,1.,0.));
#9939=DIRECTION('ref_axis',(1.,0.,0.));
#9940=DIRECTION('center_axis',(2.89623397728302E-17,1.,0.));
#9941=DIRECTION('ref_axis',(1.,-2.89623397728302E-17,0.));
#9942=DIRECTION('center_axis',(2.89623397728302E-17,1.,0.));
#9943=DIRECTION('ref_axis',(-1.,2.89623397728302E-17,0.));
#9944=DIRECTION('center_axis',(-2.89623397728302E-17,-1.,0.));
#9945=DIRECTION('ref_axis',(-1.,2.89623397728302E-17,0.));
#9946=DIRECTION('',(-2.89623397728302E-17,-1.,0.));
#9947=DIRECTION('center_axis',(0.,0.,1.));
#9948=DIRECTION('ref_axis',(1.,0.,0.));
#9949=DIRECTION('center_axis',(0.,0.,1.));
#9950=DIRECTION('ref_axis',(1.,0.,0.));
#9951=DIRECTION('',(0.,0.,1.));
#9952=DIRECTION('center_axis',(0.,0.,1.));
#9953=DIRECTION('ref_axis',(1.,0.,0.));
#9954=DIRECTION('center_axis',(2.89623397728302E-17,1.,0.));
#9955=DIRECTION('ref_axis',(-1.,2.89623397728302E-17,0.));
#9956=DIRECTION('',(0.,0.,1.));
#9957=DIRECTION('',(-1.,2.89623397728302E-17,0.));
#9958=DIRECTION('center_axis',(0.,0.,1.));
#9959=DIRECTION('ref_axis',(-1.,2.89623397728302E-17,0.));
#9960=DIRECTION('',(0.,-1.,0.));
#9961=DIRECTION('center_axis',(1.,0.,0.));
#9962=DIRECTION('ref_axis',(0.,1.,0.));
#9963=DIRECTION('center_axis',(2.59047042077976E-17,0.894427190999916,0.447213595499958));
#9964=DIRECTION('ref_axis',(0.,0.447213595499958,-0.894427190999916));
#9965=DIRECTION('',(0.,0.447213595499958,-0.894427190999916));
#9966=DIRECTION('',(0.,-0.447213595499958,0.894427190999916));
#9967=DIRECTION('center_axis',(0.,0.,-1.));
#9968=DIRECTION('ref_axis',(-1.,0.,0.));
#9969=DIRECTION('center_axis',(0.,0.,-1.));
#9970=DIRECTION('ref_axis',(-1.,0.,0.));
#9971=DIRECTION('',(-0.31530816142599,0.317144704099193,0.894427190999914));
#9972=DIRECTION('center_axis',(0.,0.,-1.));
#9973=DIRECTION('ref_axis',(-1.,0.,0.));
#9974=DIRECTION('center_axis',(0.,0.,1.));
#9975=DIRECTION('ref_axis',(1.,0.,0.));
#9976=DIRECTION('',(-0.447213595499957,0.,-0.894427190999917));
#9977=DIRECTION('center_axis',(0.,0.,1.));
#9978=DIRECTION('ref_axis',(1.,0.,0.));
#9979=DIRECTION('center_axis',(0.894427190999917,0.,-0.447213595499956));
#9980=DIRECTION('ref_axis',(-0.447213595499956,0.,-0.894427190999917));
#9981=DIRECTION('',(-0.447213595499959,0.,-0.894427190999915));
#9982=DIRECTION('center_axis',(0.,0.,1.));
#9983=DIRECTION('ref_axis',(1.,0.,0.));
#9984=DIRECTION('center_axis',(0.,0.,1.));
#9985=DIRECTION('ref_axis',(1.,0.,0.));
#9986=DIRECTION('center_axis',(0.,0.,-1.));
#9987=DIRECTION('ref_axis',(-1.,0.,0.));
#9988=DIRECTION('',(-0.315202724588184,-0.317249495527075,-0.894427190999917));
#9989=DIRECTION('center_axis',(0.630405449176378,0.634498991054147,-0.447213595499957));
#9990=DIRECTION('ref_axis',(-0.315202724588188,-0.317249495527073,-0.894427190999916));
#9991=DIRECTION('',(-0.315202724588188,-0.317249495527073,-0.894427190999916));
#9992=DIRECTION('center_axis',(0.630616322851978,-0.634289408198377,0.447213595499961));
#9993=DIRECTION('ref_axis',(0.315308161425992,-0.317144704099191,-0.894427190999915));
#9994=DIRECTION('',(0.709157117069843,0.70505048280899,0.));
#9995=DIRECTION('center_axis',(0.,0.,-1.));
#9996=DIRECTION('ref_axis',(-1.,0.,0.));
#9997=DIRECTION('center_axis',(0.,0.,1.));
#9998=DIRECTION('ref_axis',(1.,0.,0.));
#9999=DIRECTION('',(0.,0.,1.));
#10000=DIRECTION('center_axis',(0.70505048280899,-0.709157117069843,0.));
#10001=DIRECTION('ref_axis',(0.709157117069843,0.70505048280899,0.));
#10002=DIRECTION('center_axis',(-1.,2.89623397728302E-17,0.));
#10003=DIRECTION('ref_axis',(2.89623397728302E-17,1.,0.));
#10004=DIRECTION('',(-1.,2.89623397728302E-17,0.));
#10005=DIRECTION('center_axis',(0.,0.,1.));
#10006=DIRECTION('ref_axis',(1.,0.,0.));
#10007=DIRECTION('center_axis',(0.,1.,0.));
#10008=DIRECTION('ref_axis',(-1.,0.,0.));
#10009=DIRECTION('',(0.,0.,-1.));
#10010=DIRECTION('center_axis',(0.,1.,0.));
#10011=DIRECTION('ref_axis',(1.,0.,0.));
#10012=DIRECTION('',(-1.,0.,0.));
#10013=DIRECTION('',(0.,0.,1.));
#10014=DIRECTION('center_axis',(0.,0.,1.));
#10015=DIRECTION('ref_axis',(0.,-1.,0.));
#10016=DIRECTION('center_axis',(0.,0.,-1.));
#10017=DIRECTION('ref_axis',(-1.,0.,0.));
#10018=DIRECTION('',(0.,-1.,0.));
#10019=DIRECTION('',(-1.,0.,0.));
#10020=DIRECTION('',(0.,-1.,0.));
#10021=DIRECTION('center_axis',(0.,0.,1.));
#10022=DIRECTION('ref_axis',(1.,0.,0.));
#10023=DIRECTION('center_axis',(-1.,0.,0.));
#10024=DIRECTION('ref_axis',(0.,1.,0.));
#10025=DIRECTION('',(-1.,0.,0.));
#10026=DIRECTION('center_axis',(-1.,0.,0.));
#10027=DIRECTION('ref_axis',(0.,1.,0.));
#10028=DIRECTION('center_axis',(-1.,0.,0.));
#10029=DIRECTION('ref_axis',(0.,1.,0.));
#10030=DIRECTION('center_axis',(-1.,0.,0.));
#10031=DIRECTION('ref_axis',(0.,-1.,0.));
#10032=DIRECTION('center_axis',(1.,0.,0.));
#10033=DIRECTION('ref_axis',(0.,1.,0.));
#10034=DIRECTION('',(0.,0.,-1.));
#10035=DIRECTION('',(0.,0.,1.));
#10036=DIRECTION('center_axis',(-1.,0.,0.));
#10037=DIRECTION('ref_axis',(0.,1.,0.));
#10038=DIRECTION('',(0.,-1.,0.));
#10039=DIRECTION('',(0.,-0.707106781186548,-0.707106781186547));
#10040=DIRECTION('',(0.,0.,-1.));
#10041=DIRECTION('',(0.,0.707106781186546,-0.707106781186549));
#10042=DIRECTION('',(0.,-1.,0.));
#10043=DIRECTION('center_axis',(-1.,0.,0.));
#10044=DIRECTION('ref_axis',(0.,1.,0.));
#10045=DIRECTION('',(0.,0.,-1.));
#10046=DIRECTION('center_axis',(-1.,0.,0.));
#10047=DIRECTION('ref_axis',(0.,1.,0.));
#10048=DIRECTION('',(0.,-1.,0.));
#10049=DIRECTION('',(0.,-0.707106781186549,-0.707106781186546));
#10050=DIRECTION('',(0.,0.,-1.));
#10051=DIRECTION('',(0.,0.707106781186547,-0.707106781186547));
#10052=DIRECTION('',(0.,-1.,0.));
#10053=DIRECTION('',(0.,0.,-1.));
#10054=DIRECTION('center_axis',(1.,0.,0.));
#10055=DIRECTION('ref_axis',(0.,1.,0.));
#10056=DIRECTION('',(0.,1.,0.));
#10057=DIRECTION('center_axis',(1.,-1.70736469238807E-15,-1.23450838690442E-14));
#10058=DIRECTION('ref_axis',(0.,0.971970549050395,-0.235102640943637));
#10059=DIRECTION('',(0.,0.,1.));
#10060=DIRECTION('center_axis',(1.,0.,0.));
#10061=DIRECTION('ref_axis',(0.,-1.,0.));
#10062=DIRECTION('',(0.,1.,0.));
#10063=DIRECTION('center_axis',(1.,0.,0.));
#10064=DIRECTION('ref_axis',(0.,-1.,0.));
#10065=DIRECTION('',(0.,0.,-1.));
#10066=DIRECTION('center_axis',(1.,-6.3175698449977E-15,2.61682642958052E-15));
#10067=DIRECTION('ref_axis',(7.40148683083401E-15,1.,-4.81096644004211E-14));
#10068=DIRECTION('center_axis',(1.,0.,0.));
#10069=DIRECTION('ref_axis',(0.,1.,0.));
#10070=DIRECTION('center_axis',(1.,0.,0.));
#10071=DIRECTION('ref_axis',(0.,1.,0.));
#10072=DIRECTION('center_axis',(0.,1.,0.));
#10073=DIRECTION('ref_axis',(-1.,0.,0.));
#10074=DIRECTION('',(1.,0.,0.));
#10075=DIRECTION('center_axis',(0.,1.,0.));
#10076=DIRECTION('ref_axis',(1.,0.,0.));
#10077=DIRECTION('',(-0.342020143325669,0.,-0.939692620785908));
#10078=DIRECTION('',(0.939692620785908,0.,-0.342020143325669));
#10079=DIRECTION('',(-0.342020143325669,0.,-0.939692620785908));
#10080=DIRECTION('center_axis',(0.,-1.,0.));
#10081=DIRECTION('ref_axis',(-1.,0.,0.));
#10082=DIRECTION('center_axis',(-0.939692620785908,0.,0.342020143325669));
#10083=DIRECTION('ref_axis',(0.,-1.,0.));
#10084=DIRECTION('',(0.,-1.,0.));
#10085=DIRECTION('center_axis',(0.939692620785908,0.,-0.342020143325669));
#10086=DIRECTION('ref_axis',(0.,-1.,0.));
#10087=DIRECTION('',(0.,1.,0.));
#10088=DIRECTION('',(0.342020143325669,0.,0.939692620785908));
#10089=DIRECTION('center_axis',(0.939692620785908,0.,-0.342020143325669));
#10090=DIRECTION('ref_axis',(0.,-1.,0.));
#10091=DIRECTION('center_axis',(-1.,0.,0.));
#10092=DIRECTION('ref_axis',(0.,1.,-3.70074341541746E-15));
#10093=DIRECTION('center_axis',(-0.935567195833011,-0.34343297615987,0.0822667184657979));
#10094=DIRECTION('ref_axis',(0.350405712516192,-0.931739386726313,0.0952761872604785));
#10095=DIRECTION('center_axis',(-1.,-3.70073208521512E-15,3.70075474561926E-15));
#10096=DIRECTION('ref_axis',(3.70074341541712E-15,-1.,-1.85037170770856E-14));
#10097=DIRECTION('',(1.,0.,0.));
#10098=DIRECTION('center_axis',(0.939692620785908,0.,-0.342020143325669));
#10099=DIRECTION('ref_axis',(0.,-1.,0.));
#10100=DIRECTION('',(0.939692620785908,0.,-0.342020143325669));
#10101=DIRECTION('center_axis',(0.939692620785908,0.,-0.342020143325669));
#10102=DIRECTION('ref_axis',(0.,-1.,0.));
#10103=DIRECTION('center_axis',(-0.939692620785908,0.,0.342020143325669));
#10104=DIRECTION('ref_axis',(0.,-1.,0.));
#10105=DIRECTION('',(0.,-1.,0.));
#10106=DIRECTION('',(0.,-1.,0.));
#10107=DIRECTION('center_axis',(0.939692620785908,0.,-0.342020143325669));
#10108=DIRECTION('ref_axis',(0.,-1.,0.));
#10109=DIRECTION('',(0.342020143325669,0.,0.939692620785908));
#10110=DIRECTION('center_axis',(0.,1.,0.));
#10111=DIRECTION('ref_axis',(1.,0.,0.));
#10112=DIRECTION('center_axis',(0.,1.,0.));
#10113=DIRECTION('ref_axis',(1.,0.,0.));
#10114=DIRECTION('center_axis',(0.,-1.,0.));
#10115=DIRECTION('ref_axis',(-1.,0.,0.));
#10116=DIRECTION('center_axis',(0.,-1.,0.));
#10117=DIRECTION('ref_axis',(-1.,0.,0.));
#10118=DIRECTION('center_axis',(-0.935567195834296,0.34343297615647,0.0822667184653746));
#10119=DIRECTION('ref_axis',(0.350405712506817,0.931739386743552,0.0952761871263714));
#10120=DIRECTION('',(0.,-1.,0.));
#10121=DIRECTION('center_axis',(1.,0.,0.));
#10122=DIRECTION('ref_axis',(0.,-1.,0.));
#10123=DIRECTION('',(1.,0.,0.));
#10124=DIRECTION('',(1.,0.,0.));
#10125=DIRECTION('center_axis',(1.,0.,0.));
#10126=DIRECTION('ref_axis',(0.,-1.,0.));
#10127=DIRECTION('center_axis',(-1.,0.,0.));
#10128=DIRECTION('ref_axis',(0.,0.,-1.));
#10129=DIRECTION('',(0.,-1.,0.));
#10130=DIRECTION('center_axis',(1.,0.,0.));
#10131=DIRECTION('ref_axis',(0.,1.,0.));
#10132=DIRECTION('',(0.,0.,-1.));
#10133=DIRECTION('',(0.,-1.,0.));
#10134=DIRECTION('',(0.,0.707106781186547,-0.707106781186547));
#10135=DIRECTION('',(0.,0.,-1.));
#10136=DIRECTION('',(0.,-0.707106781186549,-0.707106781186546));
#10137=DIRECTION('',(0.,-1.,0.));
#10138=DIRECTION('center_axis',(-1.,0.,0.));
#10139=DIRECTION('ref_axis',(0.,1.,0.));
#10140=DIRECTION('',(0.,0.,-1.));
#10141=DIRECTION('center_axis',(-1.,0.,0.));
#10142=DIRECTION('ref_axis',(0.,1.,0.));
#10143=DIRECTION('',(0.,-1.,0.));
#10144=DIRECTION('',(0.,0.707106781186546,-0.707106781186549));
#10145=DIRECTION('',(0.,0.,-1.));
#10146=DIRECTION('',(0.,-0.707106781186548,-0.707106781186547));
#10147=DIRECTION('',(0.,-1.,0.));
#10148=DIRECTION('center_axis',(-1.,0.,0.));
#10149=DIRECTION('ref_axis',(0.,1.,0.));
#10150=DIRECTION('',(0.,0.,-1.));
#10151=DIRECTION('',(0.,0.,-1.));
#10152=DIRECTION('center_axis',(1.,0.,0.));
#10153=DIRECTION('ref_axis',(0.,1.,0.));
#10154=DIRECTION('center_axis',(1.,0.,0.));
#10155=DIRECTION('ref_axis',(0.,1.,0.));
#10156=DIRECTION('center_axis',(-1.,1.5388487425696E-14,9.87801781757154E-15));
#10157=DIRECTION('ref_axis',(-1.85037170770857E-14,-0.971970549050483,-0.235102640943275));
#10158=DIRECTION('',(0.,0.,-1.));
#10159=DIRECTION('',(0.,1.,0.));
#10160=DIRECTION('center_axis',(1.,0.,0.));
#10161=DIRECTION('ref_axis',(0.,-1.,0.));
#10162=DIRECTION('',(0.,0.,1.));
#10163=DIRECTION('center_axis',(1.,0.,0.));
#10164=DIRECTION('ref_axis',(0.,1.,0.));
#10165=DIRECTION('center_axis',(1.,0.,0.));
#10166=DIRECTION('ref_axis',(0.,1.,0.));
#10167=DIRECTION('',(1.,0.,0.));
#10168=DIRECTION('center_axis',(1.,0.,0.));
#10169=DIRECTION('ref_axis',(0.,1.,0.));
#10170=DIRECTION('',(1.,0.,0.));
#10171=DIRECTION('center_axis',(1.,0.,0.));
#10172=DIRECTION('ref_axis',(0.,-1.,0.));
#10173=DIRECTION('',(1.,0.,0.));
#10174=DIRECTION('',(1.,0.,0.));
#10175=DIRECTION('center_axis',(0.,-1.,0.));
#10176=DIRECTION('ref_axis',(0.,0.,1.));
#10177=DIRECTION('center_axis',(0.,0.,1.));
#10178=DIRECTION('ref_axis',(0.,1.,0.));
#10179=DIRECTION('center_axis',(0.,1.,0.));
#10180=DIRECTION('ref_axis',(0.,0.,-1.));
#10181=DIRECTION('',(1.,0.,0.));
#10182=DIRECTION('center_axis',(-1.,0.,0.));
#10183=DIRECTION('ref_axis',(0.,1.,0.));
#10184=DIRECTION('',(1.,0.,0.));
#10185=DIRECTION('center_axis',(0.,1.,0.));
#10186=DIRECTION('ref_axis',(-1.,0.,0.));
#10187=DIRECTION('',(0.939692620785908,0.,-0.342020143325669));
#10188=DIRECTION('center_axis',(0.939692620785908,0.,-0.342020143325669));
#10189=DIRECTION('ref_axis',(0.,-1.,0.));
#10190=DIRECTION('',(0.939692620785908,0.,-0.342020143325669));
#10191=DIRECTION('center_axis',(-0.342020143325669,0.,-0.939692620785908));
#10192=DIRECTION('ref_axis',(0.,-1.,0.));
#10193=DIRECTION('center_axis',(0.,-1.,0.));
#10194=DIRECTION('ref_axis',(0.,0.,-1.));
#10195=DIRECTION('',(1.,0.,0.));
#10196=DIRECTION('center_axis',(1.,0.,0.));
#10197=DIRECTION('ref_axis',(0.,1.,0.));
#10198=DIRECTION('center_axis',(0.,0.,1.));
#10199=DIRECTION('ref_axis',(1.,0.,0.));
#10200=DIRECTION('center_axis',(0.,0.,-1.));
#10201=DIRECTION('ref_axis',(-1.,0.,0.));
#10202=DIRECTION('center_axis',(0.,1.,0.));
#10203=DIRECTION('ref_axis',(1.,0.,0.));
#10204=DIRECTION('center_axis',(0.,0.,-1.));
#10205=DIRECTION('ref_axis',(-1.,0.,0.));
#10206=DIRECTION('center_axis',(0.,-1.,0.));
#10207=DIRECTION('ref_axis',(-1.,0.,0.));
#10208=DIRECTION('',(0.,-1.,0.));
#10209=DIRECTION('center_axis',(0.,-1.,0.));
#10210=DIRECTION('ref_axis',(-1.,0.,0.));
#10211=DIRECTION('center_axis',(0.0770430547053897,0.,-0.997027766775661));
#10212=DIRECTION('ref_axis',(0.997027766775661,0.,0.0770430547053897));
#10213=DIRECTION('',(-0.997027766775661,0.,-0.0770430547053897));
#10214=DIRECTION('center_axis',(0.,1.,0.));
#10215=DIRECTION('ref_axis',(-1.,0.,0.));
#10216=DIRECTION('',(1.,0.,0.));
#10217=DIRECTION('center_axis',(1.,0.,0.));
#10218=DIRECTION('ref_axis',(0.,1.,0.));
#10219=DIRECTION('',(1.,0.,0.));
#10220=DIRECTION('center_axis',(0.,1.,0.));
#10221=DIRECTION('ref_axis',(0.,0.,1.));
#10222=DIRECTION('',(-1.,0.,0.));
#10223=DIRECTION('center_axis',(0.,0.,-1.));
#10224=DIRECTION('ref_axis',(0.,1.,0.));
#10225=DIRECTION('',(-1.,0.,0.));
#10226=DIRECTION('center_axis',(0.,-0.707106781186548,-0.707106781186548));
#10227=DIRECTION('ref_axis',(0.,-0.707106781186548,0.707106781186548));
#10228=DIRECTION('',(-1.,0.,0.));
#10229=DIRECTION('center_axis',(0.,-1.,0.));
#10230=DIRECTION('ref_axis',(0.,0.,-1.));
#10231=DIRECTION('',(-1.,0.,0.));
#10232=DIRECTION('center_axis',(0.,-0.707106781186546,0.707106781186549));
#10233=DIRECTION('ref_axis',(0.,0.707106781186549,0.707106781186546));
#10234=DIRECTION('',(-1.,0.,0.));
#10235=DIRECTION('center_axis',(0.,0.,1.));
#10236=DIRECTION('ref_axis',(0.,-1.,0.));
#10237=DIRECTION('',(-1.,0.,0.));
#10238=DIRECTION('center_axis',(-1.,0.,0.));
#10239=DIRECTION('ref_axis',(0.,1.,0.));
#10240=DIRECTION('',(-1.,0.,0.));
#10241=DIRECTION('center_axis',(0.,-1.,0.));
#10242=DIRECTION('ref_axis',(0.,0.,-1.));
#10243=DIRECTION('',(-1.,0.,0.));
#10244=DIRECTION('center_axis',(-1.,0.,0.));
#10245=DIRECTION('ref_axis',(0.,1.,0.));
#10246=DIRECTION('',(-1.,0.,0.));
#10247=DIRECTION('center_axis',(0.,0.,-1.));
#10248=DIRECTION('ref_axis',(0.,1.,0.));
#10249=DIRECTION('',(-1.,0.,0.));
#10250=DIRECTION('center_axis',(0.,-0.707106781186549,-0.707106781186546));
#10251=DIRECTION('ref_axis',(0.,-0.707106781186546,0.707106781186549));
#10252=DIRECTION('',(-1.,0.,0.));
#10253=DIRECTION('center_axis',(0.,-1.,0.));
#10254=DIRECTION('ref_axis',(0.,0.,-1.));
#10255=DIRECTION('',(-1.,0.,0.));
#10256=DIRECTION('center_axis',(0.,-0.707106781186547,0.707106781186548));
#10257=DIRECTION('ref_axis',(0.,0.707106781186548,0.707106781186547));
#10258=DIRECTION('',(-1.,0.,0.));
#10259=DIRECTION('center_axis',(0.,0.,1.));
#10260=DIRECTION('ref_axis',(0.,-1.,0.));
#10261=DIRECTION('',(-1.,0.,0.));
#10262=DIRECTION('center_axis',(-1.,0.,0.));
#10263=DIRECTION('ref_axis',(0.,1.,0.));
#10264=CARTESIAN_POINT('',(0.,0.,0.));
#10265=CARTESIAN_POINT('Origin',(5.03834840421659,-1.57672368704254,0.));
#10266=CARTESIAN_POINT('',(-2.46165159578341,-1.57672368704254,0.));
#10267=CARTESIAN_POINT('',(-2.46165159578341,-1.57672368704254,6.3));
#10268=CARTESIAN_POINT('',(-2.46165159578341,-1.57672368704254,0.));
#10269=CARTESIAN_POINT('',(-0.661651595783413,-1.57672368704254,0.));
#10270=CARTESIAN_POINT('',(-2.86165159578341,-1.57672368704254,0.));
#10271=CARTESIAN_POINT('',(-0.661651595783413,-1.57672368704254,2.));
#10272=CARTESIAN_POINT('',(-0.661651595783413,-1.57672368704254,0.));
#10273=CARTESIAN_POINT('',(2.83834840421659,-1.57672368704254,2.));
#10274=CARTESIAN_POINT('',(0.,-1.57672368704254,2.));
#10275=CARTESIAN_POINT('',(2.83834840421659,-1.57672368704254,0.));
#10276=CARTESIAN_POINT('',(2.83834840421659,-1.57672368704254,0.));
#10277=CARTESIAN_POINT('',(4.63834840421659,-1.57672368704254,0.));
#10278=CARTESIAN_POINT('',(-2.86165159578341,-1.57672368704254,0.));
#10279=CARTESIAN_POINT('',(4.63834840421659,-1.57672368704254,6.3));
#10280=CARTESIAN_POINT('',(4.63834840421659,-1.57672368704254,0.));
#10281=CARTESIAN_POINT('',(2.76834840421659,-1.57672368704254,6.3));
#10282=CARTESIAN_POINT('',(0.,-1.57672368704254,6.3));
#10283=CARTESIAN_POINT('',(2.64784902804715,-1.57672368704254,3.89001247661122));
#10284=CARTESIAN_POINT('',(2.45334840421659,-1.57672368704254,0.));
#10285=CARTESIAN_POINT('',(2.44809856027158,-1.57672368704254,3.7));
#10286=CARTESIAN_POINT('Origin',(2.44809856027158,-1.57672368704254,3.9));
#10287=CARTESIAN_POINT('',(-0.271401751838405,-1.57672368704254,3.7));
#10288=CARTESIAN_POINT('',(0.,-1.57672368704254,3.7));
#10289=CARTESIAN_POINT('',(-0.471152219613974,-1.57672368704254,3.89001247661122));
#10290=CARTESIAN_POINT('Origin',(-0.271401751838405,-1.57672368704254,3.9));
#10291=CARTESIAN_POINT('',(-0.591651595783413,-1.57672368704254,6.3));
#10292=CARTESIAN_POINT('',(-0.276651595783413,-1.57672368704254,0.));
#10293=CARTESIAN_POINT('',(0.,-1.57672368704254,6.3));
#10294=CARTESIAN_POINT('Origin',(5.03834840421659,2.62327631295746,0.));
#10295=CARTESIAN_POINT('',(5.03834840421659,2.22327631295746,0.));
#10296=CARTESIAN_POINT('',(5.03834840421659,2.22327631295746,6.7));
#10297=CARTESIAN_POINT('',(5.03834840421659,2.22327631295746,0.));
#10298=CARTESIAN_POINT('',(5.03834840421659,-1.17672368704254,6.7));
#10299=CARTESIAN_POINT('',(5.03834840421659,-1.57672368704254,6.7));
#10300=CARTESIAN_POINT('',(5.03834840421659,-1.17672368704254,0.));
#10301=CARTESIAN_POINT('',(5.03834840421659,-1.17672368704254,0.));
#10302=CARTESIAN_POINT('',(5.03834840421659,-0.976723687042543,0.));
#10303=CARTESIAN_POINT('',(5.03834840421659,-1.57672368704254,0.));
#10304=CARTESIAN_POINT('',(5.03834840421659,-0.976723687042543,0.546050764200579));
#10305=CARTESIAN_POINT('',(5.03834840421659,-0.976723687042543,0.));
#10306=CARTESIAN_POINT('',(5.03834840421659,0.223276312957457,0.546050764200579));
#10307=CARTESIAN_POINT('',(5.03834840421659,0.,0.546050764200579));
#10308=CARTESIAN_POINT('',(5.03834840421659,0.223276312957457,0.));
#10309=CARTESIAN_POINT('',(5.03834840421659,0.223276312957457,0.));
#10310=CARTESIAN_POINT('',(5.03834840421659,0.923276312957457,0.));
#10311=CARTESIAN_POINT('',(5.03834840421659,-1.57672368704254,0.));
#10312=CARTESIAN_POINT('',(5.03834840421659,1.02765775625643,4.05));
#10313=CARTESIAN_POINT('',(5.03834840421659,0.923276312957457,0.));
#10314=CARTESIAN_POINT('',(5.03834840421659,2.01889486965849,4.05));
#10315=CARTESIAN_POINT('',(5.03834840421659,1.52327631295746,4.05));
#10316=CARTESIAN_POINT('',(5.03834840421659,2.12327631295746,0.));
#10317=CARTESIAN_POINT('',(5.03834840421659,2.12327631295746,0.));
#10318=CARTESIAN_POINT('',(5.03834840421659,-1.57672368704254,0.));
#10319=CARTESIAN_POINT('Origin',(2.44809856027158,-1.26824471008509,3.9));
#10320=CARTESIAN_POINT('',(2.44809856027158,-1.0684322238223,3.89134145892861));
#10321=CARTESIAN_POINT('',(2.64784902804715,-1.26824471008509,3.89001247661122));
#10322=CARTESIAN_POINT('Origin',(2.44809856027158,-1.26824471008509,3.9));
#10323=CARTESIAN_POINT('',(2.44809856027158,-1.26824471008509,3.7));
#10324=CARTESIAN_POINT('Origin',(2.44809856027158,-1.26824471008509,3.9));
#10325=CARTESIAN_POINT('Origin',(2.44809856027158,-1.26824471008509,3.9));
#10326=CARTESIAN_POINT('Origin',(-2.86165159578341,-1.57672368704254,0.));
#10327=CARTESIAN_POINT('',(-2.86165159578341,0.223276312957457,0.546050764200579));
#10328=CARTESIAN_POINT('',(-2.86165159578341,-0.976723687042543,0.546050764200579));
#10329=CARTESIAN_POINT('',(-2.86165159578341,0.,0.546050764200579));
#10330=CARTESIAN_POINT('',(-2.86165159578341,-0.976723687042543,0.));
#10331=CARTESIAN_POINT('',(-2.86165159578341,-0.976723687042543,0.));
#10332=CARTESIAN_POINT('',(-2.86165159578341,-1.17672368704254,0.));
#10333=CARTESIAN_POINT('',(-2.86165159578341,-1.57672368704254,0.));
#10334=CARTESIAN_POINT('',(-2.86165159578341,-1.17672368704254,6.7));
#10335=CARTESIAN_POINT('',(-2.86165159578341,-1.17672368704254,0.));
#10336=CARTESIAN_POINT('',(-2.86165159578341,2.22327631295746,6.7));
#10337=CARTESIAN_POINT('',(-2.86165159578341,-1.57672368704254,6.7));
#10338=CARTESIAN_POINT('',(-2.86165159578341,2.22327631295746,0.));
#10339=CARTESIAN_POINT('',(-2.86165159578341,2.22327631295746,0.));
#10340=CARTESIAN_POINT('',(-2.86165159578341,2.12327631295746,0.));
#10341=CARTESIAN_POINT('',(-2.86165159578341,-1.57672368704254,0.));
#10342=CARTESIAN_POINT('',(-2.86165159578341,2.01889486965849,4.05));
#10343=CARTESIAN_POINT('',(-2.86165159578341,2.12327631295746,0.));
#10344=CARTESIAN_POINT('',(-2.86165159578341,1.02765775625643,4.05));
#10345=CARTESIAN_POINT('',(-2.86165159578341,1.52327631295746,4.05));
#10346=CARTESIAN_POINT('',(-2.86165159578341,0.923276312957457,0.));
#10347=CARTESIAN_POINT('',(-2.86165159578341,0.923276312957457,0.));
#10348=CARTESIAN_POINT('',(-2.86165159578341,0.223276312957457,0.));
#10349=CARTESIAN_POINT('',(-2.86165159578341,-1.57672368704254,0.));
#10350=CARTESIAN_POINT('',(-2.86165159578341,0.223276312957457,0.));
#10351=CARTESIAN_POINT('Origin',(-0.271401751838405,0.,3.9));
#10352=CARTESIAN_POINT('',(-0.271401751838405,-1.26824471008509,3.7));
#10353=CARTESIAN_POINT('',(-0.271401751838405,0.,3.7));
#10354=CARTESIAN_POINT('',(-0.471152219613974,-1.26824471008509,3.89001247661122));
#10355=CARTESIAN_POINT('Origin',(-0.271401751838405,-1.26824471008509,3.9));
#10356=CARTESIAN_POINT('',(-0.471152219613974,0.,3.89001247661122));
#10357=CARTESIAN_POINT('Origin',(2.44809856027158,0.,3.9));
#10358=CARTESIAN_POINT('',(2.64784902804715,0.,3.89001247661122));
#10359=CARTESIAN_POINT('',(2.44809856027158,0.,3.7));
#10360=CARTESIAN_POINT('Origin',(-2.46165159578341,-1.17672368704254,0.));
#10361=CARTESIAN_POINT('Origin',(-2.46165159578341,-1.17672368704254,6.3));
#10362=CARTESIAN_POINT('Origin',(-2.46165159578341,-1.17672368704254,0.));
#10363=CARTESIAN_POINT('Origin',(4.63834840421659,-1.17672368704254,0.));
#10364=CARTESIAN_POINT('Origin',(4.63834840421659,-1.17672368704254,0.));
#10365=CARTESIAN_POINT('Origin',(4.63834840421659,-1.17672368704254,6.3));
#10366=CARTESIAN_POINT('Origin',(-0.271401751838405,-1.26824471008509,3.9));
#10367=CARTESIAN_POINT('',(-0.271401751838405,-1.0684322238223,3.89134145892861));
#10368=CARTESIAN_POINT('Origin',(-0.271401751838405,-1.26824471008509,3.9));
#10369=CARTESIAN_POINT('Origin',(-0.271401751838405,-1.26824471008509,3.9));
#10370=CARTESIAN_POINT('Origin',(-2.86165159578341,-1.07672368704254,3.7));
#10371=CARTESIAN_POINT('',(2.58853148732515,-0.946723687042543,6.7));
#10372=CARTESIAN_POINT('',(2.25309856027158,-1.2374322238223,-0.00865854107138729));
#10373=CARTESIAN_POINT('',(-0.411834678891975,-0.946723687042543,6.7));
#10374=CARTESIAN_POINT('',(0.,-0.946723687042543,6.7));
#10375=CARTESIAN_POINT('',(-0.0764017518384055,-1.2374322238223,-0.00865854107138729));
#10376=CARTESIAN_POINT('',(0.,-1.0684322238223,3.89134145892861));
#10377=CARTESIAN_POINT('Origin',(-0.461651595783413,-1.57672368704254,3.7));
#10378=CARTESIAN_POINT('',(0.,-1.26824471008509,3.7));
#10379=CARTESIAN_POINT('Origin',(-0.611651595783413,-1.57672368704254,6.7));
#10380=CARTESIAN_POINT('',(-0.611651595783413,-1.14647858407157,6.7));
#10381=CARTESIAN_POINT('',(-0.276152219613974,-1.43724471008509,-0.00998752338877845));
#10382=CARTESIAN_POINT('',(-0.611651595783413,-1.17672368704254,6.7));
#10383=CARTESIAN_POINT('',(-0.611651595783413,0.,6.7));
#10384=CARTESIAN_POINT('Origin',(-0.591651595783413,-1.17672368704254,6.3));
#10385=CARTESIAN_POINT('Origin',(2.63834840421659,-1.57672368704254,3.7));
#10386=CARTESIAN_POINT('',(2.78834840421659,-1.14647858407157,6.7));
#10387=CARTESIAN_POINT('',(2.45284902804715,-1.43724471008509,-0.00998752338877841));
#10388=CARTESIAN_POINT('',(2.78834840421659,-1.17672368704254,6.7));
#10389=CARTESIAN_POINT('Origin',(2.76834840421659,-1.17672368704254,6.3));
#10390=CARTESIAN_POINT('',(2.78834840421659,0.,6.7));
#10391=CARTESIAN_POINT('Origin',(-2.86165159578341,2.62327631295746,0.));
#10392=CARTESIAN_POINT('',(-2.46165159578341,2.62327631295746,0.));
#10393=CARTESIAN_POINT('',(-2.46165159578341,2.62327631295746,6.3));
#10394=CARTESIAN_POINT('',(-2.46165159578341,2.62327631295746,0.));
#10395=CARTESIAN_POINT('',(-1.81165159578341,2.62327631295746,6.3));
#10396=CARTESIAN_POINT('',(0.,2.62327631295746,6.3));
#10397=CARTESIAN_POINT('',(-1.81165159578341,2.62327631295746,6.05));
#10398=CARTESIAN_POINT('',(-1.81165159578341,2.62327631295746,0.));
#10399=CARTESIAN_POINT('',(3.98834840421659,2.62327631295746,6.05));
#10400=CARTESIAN_POINT('',(0.,2.62327631295746,6.05));
#10401=CARTESIAN_POINT('',(3.98834840421659,2.62327631295746,6.3));
#10402=CARTESIAN_POINT('',(3.98834840421659,2.62327631295746,0.));
#10403=CARTESIAN_POINT('',(4.63834840421659,2.62327631295746,6.3));
#10404=CARTESIAN_POINT('',(0.,2.62327631295746,6.3));
#10405=CARTESIAN_POINT('',(4.63834840421659,2.62327631295746,0.));
#10406=CARTESIAN_POINT('',(4.63834840421659,2.62327631295746,0.));
#10407=CARTESIAN_POINT('',(2.83834840421659,2.62327631295746,0.));
#10408=CARTESIAN_POINT('',(-2.86165159578341,2.62327631295746,0.));
#10409=CARTESIAN_POINT('',(2.83834840421659,2.62327631295746,0.9));
#10410=CARTESIAN_POINT('',(2.83834840421659,2.62327631295746,0.));
#10411=CARTESIAN_POINT('',(-0.661651595783413,2.62327631295746,0.9));
#10412=CARTESIAN_POINT('',(0.,2.62327631295746,0.9));
#10413=CARTESIAN_POINT('',(-0.661651595783413,2.62327631295746,0.));
#10414=CARTESIAN_POINT('',(-0.661651595783413,2.62327631295746,0.));
#10415=CARTESIAN_POINT('',(-2.86165159578341,2.62327631295746,0.));
#10416=CARTESIAN_POINT('Origin',(2.25309856027158,-1.43724471008509,0.));
#10417=CARTESIAN_POINT('Origin',(2.58809856027158,-1.14691137675175,6.7));
#10418=CARTESIAN_POINT('Origin',(-0.0764017518384055,-1.43724471008509,
0.));
#10419=CARTESIAN_POINT('Origin',(-0.411401751838405,-1.14691137675175,6.7));
#10420=CARTESIAN_POINT('Origin',(0.,-1.26824471008509,3.9));
#10421=CARTESIAN_POINT('Origin',(-0.919586400112295,-0.154854784264685,
6.7));
#10422=CARTESIAN_POINT('',(-1.81165159578341,2.22327631295746,6.7));
#10423=CARTESIAN_POINT('',(0.,2.22327631295746,6.7));
#10424=CARTESIAN_POINT('',(0.,-1.17672368704254,6.7));
#10425=CARTESIAN_POINT('',(0.,-1.17672368704254,6.7));
#10426=CARTESIAN_POINT('',(3.98834840421659,2.22327631295746,6.7));
#10427=CARTESIAN_POINT('',(0.,2.22327631295746,6.7));
#10428=CARTESIAN_POINT('',(3.98834840421659,1.19827631295746,6.7));
#10429=CARTESIAN_POINT('',(3.98834840421659,0.,6.7));
#10430=CARTESIAN_POINT('',(4.01334840421659,1.19827631295746,6.7));
#10431=CARTESIAN_POINT('',(0.,1.19827631295746,6.7));
#10432=CARTESIAN_POINT('',(4.31334840421659,0.898276312957457,6.7));
#10433=CARTESIAN_POINT('Origin',(4.01334840421659,0.898276312957457,6.7));
#10434=CARTESIAN_POINT('',(4.31334840421659,0.798276312957457,6.7));
#10435=CARTESIAN_POINT('',(4.31334840421659,0.,6.7));
#10436=CARTESIAN_POINT('',(4.51334840421659,0.798276312957457,6.7));
#10437=CARTESIAN_POINT('',(0.,0.798276312957457,6.7));
#10438=CARTESIAN_POINT('',(4.51334840421659,0.576746197938014,6.7));
#10439=CARTESIAN_POINT('',(4.51334840421659,0.,6.7));
#10440=CARTESIAN_POINT('',(4.36587364562108,0.222167639403094,6.7));
#10441=CARTESIAN_POINT('Origin',(4.01334840421659,0.576746197938014,6.7));
#10442=CARTESIAN_POINT('',(3.88461686683596,-0.256302245577465,6.7));
#10443=CARTESIAN_POINT('',(0.,-4.11842381435938,6.7));
#10444=CARTESIAN_POINT('',(3.53209162543146,-0.401723687042543,6.7));
#10445=CARTESIAN_POINT('Origin',(3.53209162543146,0.0982763129574566,6.7));
#10446=CARTESIAN_POINT('',(1.46334840421659,-0.401723687042543,6.7));
#10447=CARTESIAN_POINT('',(0.,-0.401723687042543,6.7));
#10448=CARTESIAN_POINT('',(1.46334840421659,-0.201723687042543,6.7));
#10449=CARTESIAN_POINT('',(1.46334840421659,0.,6.7));
#10450=CARTESIAN_POINT('',(0.713348404216587,-0.201723687042543,6.7));
#10451=CARTESIAN_POINT('',(0.,-0.201723687042543,6.7));
#10452=CARTESIAN_POINT('',(0.713348404216587,-0.401723687042543,6.7));
#10453=CARTESIAN_POINT('',(0.713348404216587,0.,6.7));
#10454=CARTESIAN_POINT('',(-1.35549205172699,-0.401723687042543,6.7));
#10455=CARTESIAN_POINT('',(0.,-0.401723687042543,6.7));
#10456=CARTESIAN_POINT('',(-1.70789941116316,-0.256419405955569,6.7));
#10457=CARTESIAN_POINT('Origin',(-1.35549205172699,0.0982763129574571,6.7));
#10458=CARTESIAN_POINT('',(-2.18905895521958,0.221635882977907,6.7));
#10459=CARTESIAN_POINT('',(0.,-1.95330011124026,6.7));
#10460=CARTESIAN_POINT('',(-2.33665159578341,0.576331601890933,6.7));
#10461=CARTESIAN_POINT('Origin',(-1.83665159578341,0.576331601890933,6.7));
#10462=CARTESIAN_POINT('',(-2.33665159578341,0.798276312957457,6.7));
#10463=CARTESIAN_POINT('',(-2.33665159578341,0.,6.7));
#10464=CARTESIAN_POINT('',(-2.13665159578341,0.798276312957457,6.7));
#10465=CARTESIAN_POINT('',(0.,0.798276312957457,6.7));
#10466=CARTESIAN_POINT('',(-2.13665159578341,0.898276312957457,6.7));
#10467=CARTESIAN_POINT('',(-2.13665159578341,0.,6.7));
#10468=CARTESIAN_POINT('',(-1.83665159578341,1.19827631295746,6.7));
#10469=CARTESIAN_POINT('Origin',(-1.83665159578341,0.898276312957457,6.7));
#10470=CARTESIAN_POINT('',(-1.81165159578341,1.19827631295746,6.7));
#10471=CARTESIAN_POINT('',(0.,1.19827631295746,6.7));
#10472=CARTESIAN_POINT('',(-1.81165159578341,0.,6.7));
#10473=CARTESIAN_POINT('Origin',(5.03834840421659,1.02327631295746,3.88));
#10474=CARTESIAN_POINT('',(4.38834840421659,0.923276312957457,0.));
#10475=CARTESIAN_POINT('',(0.,0.923276312957457,0.));
#10476=CARTESIAN_POINT('',(4.38834840421659,1.02327631295746,3.88));
#10477=CARTESIAN_POINT('',(4.38834840421659,1.02327631295746,3.88));
#10478=CARTESIAN_POINT('',(4.83834840421659,1.02327631295746,3.88));
#10479=CARTESIAN_POINT('',(5.03834840421659,1.02327631295746,3.88));
#10480=CARTESIAN_POINT('',(0.,0.917281566988795,-0.232596143584104));
#10481=CARTESIAN_POINT('Origin',(5.03834840421659,2.02327631295746,3.88));
#10482=CARTESIAN_POINT('',(4.38834840421659,2.02327631295746,3.88));
#10483=CARTESIAN_POINT('',(4.38834840421659,-1.57672368704254,3.88));
#10484=CARTESIAN_POINT('',(4.83834840421659,2.02327631295746,3.88));
#10485=CARTESIAN_POINT('',(5.03834840421659,2.02327631295746,3.88));
#10486=CARTESIAN_POINT('',(4.83834840421659,1.52327631295746,3.88));
#10487=CARTESIAN_POINT('Origin',(4.38834840421659,0.631206359181024,3.49223497814904));
#10488=CARTESIAN_POINT('',(4.38834840421659,2.12327631295746,0.));
#10489=CARTESIAN_POINT('',(4.38834840421659,0.,0.));
#10490=CARTESIAN_POINT('',(4.38834840421659,2.02327631295746,3.88));
#10491=CARTESIAN_POINT('Origin',(5.03834840421659,2.12327631295746,0.));
#10492=CARTESIAN_POINT('',(0.,2.12327631295746,0.));
#10493=CARTESIAN_POINT('',(0.,2.12927105892612,-0.232596143584104));
#10494=CARTESIAN_POINT('Origin',(-2.86165159578341,2.02327631295746,3.88));
#10495=CARTESIAN_POINT('',(-2.21165159578341,2.12327631295746,0.));
#10496=CARTESIAN_POINT('',(0.,2.12327631295746,0.));
#10497=CARTESIAN_POINT('',(-2.21165159578341,2.02327631295746,3.88));
#10498=CARTESIAN_POINT('',(-2.21165159578341,2.12327631295746,0.));
#10499=CARTESIAN_POINT('',(-2.66165159578341,2.02327631295746,3.88));
#10500=CARTESIAN_POINT('',(-2.86165159578341,2.02327631295746,3.88));
#10501=CARTESIAN_POINT('',(0.,2.08158569070013,1.6175961435841));
#10502=CARTESIAN_POINT('Origin',(-2.86165159578341,1.02327631295746,3.88));
#10503=CARTESIAN_POINT('',(-2.21165159578341,1.02327631295746,3.88));
#10504=CARTESIAN_POINT('',(-2.21165159578341,0.,3.88));
#10505=CARTESIAN_POINT('',(-2.66165159578341,1.02327631295746,3.88));
#10506=CARTESIAN_POINT('',(-2.86165159578341,1.02327631295746,3.88));
#10507=CARTESIAN_POINT('',(-2.66165159578341,1.52327631295746,3.88));
#10508=CARTESIAN_POINT('Origin',(-2.21165159578341,-0.0610236044987431,
2.50180557744787));
#10509=CARTESIAN_POINT('',(-2.21165159578341,0.923276312957457,0.));
#10510=CARTESIAN_POINT('',(-2.21165159578341,0.,0.));
#10511=CARTESIAN_POINT('',(-2.21165159578341,0.923276312957457,0.));
#10512=CARTESIAN_POINT('Origin',(-2.86165159578341,0.923276312957457,0.));
#10513=CARTESIAN_POINT('',(0.,0.923276312957457,0.));
#10514=CARTESIAN_POINT('',(0.,0.964966935214779,1.6175961435841));
#10515=CARTESIAN_POINT('Origin',(-2.76165159578341,1.52327631295746,3.965));
#10516=CARTESIAN_POINT('Origin',(4.93834840421659,1.52327631295746,3.965));
#10517=CARTESIAN_POINT('Origin',(5.03834840421659,-0.976723687042543,0.33));
#10518=CARTESIAN_POINT('',(4.82293979327551,-0.926723687042543,0.346645210845447));
#10519=CARTESIAN_POINT('',(4.82293979327551,-0.976723687042543,0.346645210845447));
#10520=CARTESIAN_POINT('',(4.82293979327551,0.,0.346645210845447));
#10521=CARTESIAN_POINT('',(3.66334840421659,-0.976723687042543,0.43625));
#10522=CARTESIAN_POINT('',(2.83834840421659,-0.976723687042543,0.5));
#10523=CARTESIAN_POINT('',(3.66334840421659,0.223276312957457,0.43625));
#10524=CARTESIAN_POINT('',(3.66334840421659,0.,0.43625));
#10525=CARTESIAN_POINT('',(4.82293979327551,0.223276312957457,0.346645210845447));
#10526=CARTESIAN_POINT('',(2.83834840421659,0.223276312957457,0.5));
#10527=CARTESIAN_POINT('',(4.82293979327551,0.173276312957457,0.346645210845447));
#10528=CARTESIAN_POINT('',(4.82293979327551,0.,0.346645210845447));
#10529=CARTESIAN_POINT('',(3.93834840421659,0.173276312957457,0.415));
#10530=CARTESIAN_POINT('',(0.,0.173276312957457,0.71932692214401));
#10531=CARTESIAN_POINT('',(3.93834840421659,-0.926723687042543,0.415));
#10532=CARTESIAN_POINT('',(3.93834840421659,0.,0.415));
#10533=CARTESIAN_POINT('',(0.,-0.926723687042543,0.71932692214401));
#10534=CARTESIAN_POINT('Origin',(4.63834840421659,2.22327631295746,0.));
#10535=CARTESIAN_POINT('Origin',(4.63834840421659,2.22327631295746,0.));
#10536=CARTESIAN_POINT('Origin',(4.63834840421659,2.22327631295746,6.3));
#10537=CARTESIAN_POINT('Origin',(0.,2.22327631295746,6.3));
#10538=CARTESIAN_POINT('Origin',(3.98834840421659,2.22327631295746,6.3));
#10539=CARTESIAN_POINT('Origin',(0.,2.22327631295746,6.3));
#10540=CARTESIAN_POINT('Origin',(-1.81165159578341,2.22327631295746,6.3));
#10541=CARTESIAN_POINT('Origin',(-2.46165159578341,2.22327631295746,6.3));
#10542=CARTESIAN_POINT('Origin',(-2.46165159578341,2.22327631295746,0.));
#10543=CARTESIAN_POINT('Origin',(-2.46165159578341,2.22327631295746,0.));
#10544=CARTESIAN_POINT('Origin',(-1.83665159578341,0.898276312957457,6.45));
#10545=CARTESIAN_POINT('',(-2.13665159578341,0.898276312957457,7.15));
#10546=CARTESIAN_POINT('',(-2.13665159578341,0.898276312957457,6.45));
#10547=CARTESIAN_POINT('',(-1.98665159578341,1.15808393409279,7.15));
#10548=CARTESIAN_POINT('Origin',(-1.83665159578341,0.898276312957457,7.15));
#10549=CARTESIAN_POINT('',(-1.83665159578341,1.19827631295746,7.08228756555323));
#10550=CARTESIAN_POINT('Ctrl Pts',(-1.98665159578341,1.15808393409279,7.15));
#10551=CARTESIAN_POINT('Ctrl Pts',(-1.98032049050157,1.16173919943153,7.15));
#10552=CARTESIAN_POINT('Ctrl Pts',(-1.97381522201098,1.16518469567554,7.14969773179072));
#10553=CARTESIAN_POINT('Ctrl Pts',(-1.96721662412072,1.1683740241891,7.14905346486929));
#10554=CARTESIAN_POINT('Ctrl Pts',(-1.96059109858938,1.17157636775448,7.14840656881533));
#10555=CARTESIAN_POINT('Ctrl Pts',(-1.95387648416471,1.17452041211756,7.14741627818328));
#10556=CARTESIAN_POINT('Ctrl Pts',(-1.94712786087785,1.17719385462496,7.14605579404628));
#10557=CARTESIAN_POINT('Ctrl Pts',(-1.94040409570213,1.17985744968228,7.14470032116334));
#10558=CARTESIAN_POINT('Ctrl Pts',(-1.93365092834486,1.18224875482483,7.14297691375731));
#10559=CARTESIAN_POINT('Ctrl Pts',(-1.92695908072238,1.18436119226216,7.14088426767465));
#10560=CARTESIAN_POINT('Ctrl Pts',(-1.92028210221845,1.18646893591619,7.13879627139941));
#10561=CARTESIAN_POINT('Ctrl Pts',(-1.91362174102542,1.18831373143795,7.13632775313729));
#10562=CARTESIAN_POINT('Ctrl Pts',(-1.90704531293069,1.18990060057685,7.13347435714664));
#10563=CARTESIAN_POINT('Ctrl Pts',(-1.90042988135106,1.19149688112049,7.13060403823281));
#10564=CARTESIAN_POINT('Ctrl Pts',(-1.89391796658862,1.19283013820916,7.12735234326839));
#10565=CARTESIAN_POINT('Ctrl Pts',(-1.88757138514836,1.19392335773408,7.12373287501367));
#10566=CARTESIAN_POINT('Ctrl Pts',(-1.88123545158001,1.19501474312804,7.12011947926187));
#10567=CARTESIAN_POINT('Ctrl Pts',(-1.87506932602533,1.19586570718501,7.11614170235509));
#10568=CARTESIAN_POINT('Ctrl Pts',(-1.86914133803298,1.19651181867141,7.11183738543188));
#10569=CARTESIAN_POINT('Ctrl Pts',(-1.86324347209893,1.19715464705267,7.1075549401598));
#10570=CARTESIAN_POINT('Ctrl Pts',(-1.85758679337745,1.19759455524504,7.10295736913093));
#10571=CARTESIAN_POINT('Ctrl Pts',(-1.85216394025453,1.1978749903557,7.09803064044429));
#10572=CARTESIAN_POINT('Ctrl Pts',(-1.84671261364255,1.19815689793221,7.09307804324301));
#10573=CARTESIAN_POINT('Ctrl Pts',(-1.84153005394947,1.19827631295752,7.08781921716302));
#10574=CARTESIAN_POINT('Ctrl Pts',(-1.83665159577985,1.19827631295746,7.08228756554919));
#10575=CARTESIAN_POINT('',(-1.83665159578341,1.19827631295746,6.45));
#10576=CARTESIAN_POINT('Origin',(-1.58665159578341,2.08327631295746,-0.15));
#10577=CARTESIAN_POINT('',(-1.48665159578341,0.948276312957458,-0.15));
#10578=CARTESIAN_POINT('',(-1.48665159578341,2.08327631295746,-0.15));
#10579=CARTESIAN_POINT('',(-1.48665159578341,0.4,-0.15));
#10580=CARTESIAN_POINT('',(-1.08665159578341,2.08327631295746,-0.15));
#10581=CARTESIAN_POINT('',(-1.58665159578341,2.08327631295746,-0.15));
#10582=CARTESIAN_POINT('',(-1.08665159578341,0.948276312957458,-0.15));
#10583=CARTESIAN_POINT('',(-1.08665159578341,0.4,-0.15));
#10584=CARTESIAN_POINT('',(-1.58665159578341,0.948276312957458,-0.15));
#10585=CARTESIAN_POINT('Origin',(-2.13665159578341,0.576331601890934,6.45));
#10586=CARTESIAN_POINT('',(-2.13665159578341,0.798276312957457,7.15));
#10587=CARTESIAN_POINT('',(-2.13665159578341,0.798276312957457,0.));
#10588=CARTESIAN_POINT('',(-2.13665159578341,0.,7.15));
#10589=CARTESIAN_POINT('Origin',(3.53209162543146,-0.201723687042543,6.45));
#10590=CARTESIAN_POINT('',(1.46334840421659,-0.201723687042543,6.8));
#10591=CARTESIAN_POINT('',(1.46334840421659,-0.201723687042543,0.));
#10592=CARTESIAN_POINT('',(0.713348404216587,-0.201723687042543,6.8));
#10593=CARTESIAN_POINT('',(0.,-0.201723687042543,6.8));
#10594=CARTESIAN_POINT('',(0.713348404216587,-0.201723687042543,0.));
#10595=CARTESIAN_POINT('Origin',(-1.58665159578341,0.0982763129574575,-0.35));
#10596=CARTESIAN_POINT('',(-1.48665159578341,0.298276312957458,-0.35));
#10597=CARTESIAN_POINT('',(-1.08665159578341,0.298276312957458,-0.35));
#10598=CARTESIAN_POINT('',(-1.58665159578341,0.298276312957458,-0.35));
#10599=CARTESIAN_POINT('',(-1.08665159578341,0.0982763129574575,-0.15));
#10600=CARTESIAN_POINT('Origin',(-1.08665159578341,0.0982763129574575,-0.35));
#10601=CARTESIAN_POINT('',(-1.48665159578341,0.0982763129574575,-0.15));
#10602=CARTESIAN_POINT('',(-1.58665159578341,0.0982763129574575,-0.15));
#10603=CARTESIAN_POINT('Origin',(-1.48665159578341,0.0982763129574575,-0.35));
#10604=CARTESIAN_POINT('Origin',(-1.58665159578341,2.08327631295746,0.5));
#10605=CARTESIAN_POINT('',(-1.08665159578341,2.08327631295746,0.));
#10606=CARTESIAN_POINT('',(-1.48665159578341,2.08327631295746,0.));
#10607=CARTESIAN_POINT('',(0.,2.08327631295746,0.));
#10608=CARTESIAN_POINT('',(-1.08665159578341,2.08327631295746,-0.15));
#10609=CARTESIAN_POINT('',(-1.48665159578341,2.08327631295746,-0.15));
#10610=CARTESIAN_POINT('Origin',(-2.66165159578341,0.,0.546050764200579));
#10611=CARTESIAN_POINT('',(-2.64624298484233,0.223276312957457,0.346645210845447));
#10612=CARTESIAN_POINT('Origin',(-2.66165159578341,0.223276312957457,0.546050764200579));
#10613=CARTESIAN_POINT('',(-2.64624298484233,0.173276312957457,0.346645210845447));
#10614=CARTESIAN_POINT('',(-2.64624298484233,0.,0.346645210845447));
#10615=CARTESIAN_POINT('',(-2.64624298484233,-0.926723687042543,0.346645210845447));
#10616=CARTESIAN_POINT('',(-2.64624298484233,0.,0.346645210845447));
#10617=CARTESIAN_POINT('',(-2.64624298484233,-0.976723687042543,0.346645210845447));
#10618=CARTESIAN_POINT('',(-2.64624298484233,0.,0.346645210845447));
#10619=CARTESIAN_POINT('Origin',(-2.66165159578341,-0.976723687042543,0.546050764200579));
#10620=CARTESIAN_POINT('Origin',(4.83834840421659,0.,0.546050764200579));
#10621=CARTESIAN_POINT('',(4.82293979327551,0.,0.346645210845447));
#10622=CARTESIAN_POINT('Origin',(4.83834840421659,0.223276312957457,0.546050764200579));
#10623=CARTESIAN_POINT('Origin',(4.83834840421659,-0.976723687042543,0.546050764200579));
#10624=CARTESIAN_POINT('Origin',(5.03834840421659,-0.976723687042543,0.33));
#10625=CARTESIAN_POINT('',(3.26334840421659,-0.976723687042543,0.467159090909091));
#10626=CARTESIAN_POINT('',(3.26334840421659,0.223276312957457,0.467159090909091));
#10627=CARTESIAN_POINT('',(3.26334840421659,0.,0.467159090909091));
#10628=CARTESIAN_POINT('',(2.83834840421659,-0.976723687042543,0.5));
#10629=CARTESIAN_POINT('',(2.83834840421659,-0.976723687042543,0.5));
#10630=CARTESIAN_POINT('',(2.83834840421659,0.223276312957457,0.5));
#10631=CARTESIAN_POINT('',(2.83834840421659,0.,0.5));
#10632=CARTESIAN_POINT('',(2.83834840421659,0.223276312957457,0.5));
#10633=CARTESIAN_POINT('Origin',(-1.48665159578341,1.69329998274547,8.40272818962931));
#10634=CARTESIAN_POINT('',(-1.48665159578341,0.748276312957458,-0.35));
#10635=CARTESIAN_POINT('Origin',(-1.48665159578341,0.948276312957458,-0.35));
#10636=CARTESIAN_POINT('',(-1.48665159578341,-1.17672368704254,-0.35));
#10637=CARTESIAN_POINT('',(-1.48665159578341,-1.17672368704254,-0.15));
#10638=CARTESIAN_POINT('',(-1.48665159578341,0.4,-0.15));
#10639=CARTESIAN_POINT('',(-1.48665159578341,-1.17672368704254,0.));
#10640=CARTESIAN_POINT('',(-1.48665159578341,-1.17672368704254,-0.15));
#10641=CARTESIAN_POINT('',(-1.48665159578341,-0.976723687042543,0.));
#10642=CARTESIAN_POINT('',(-1.48665159578341,0.,0.));
#10643=CARTESIAN_POINT('',(-1.48665159578341,-0.976723687042543,0.43625));
#10644=CARTESIAN_POINT('',(-1.48665159578341,-0.976723687042543,0.));
#10645=CARTESIAN_POINT('',(-1.48665159578341,0.223276312957457,0.43625));
#10646=CARTESIAN_POINT('',(-1.48665159578341,0.,0.43625));
#10647=CARTESIAN_POINT('',(-1.48665159578341,0.223276312957457,0.));
#10648=CARTESIAN_POINT('',(-1.48665159578341,0.223276312957457,0.));
#10649=CARTESIAN_POINT('',(-1.48665159578341,0.,0.));
#10650=CARTESIAN_POINT('Origin',(-1.58665159578341,0.298276312957457,-0.15));
#10651=CARTESIAN_POINT('',(-1.08665159578341,-1.17672368704254,-0.15));
#10652=CARTESIAN_POINT('',(-1.08665159578341,0.4,-0.15));
#10653=CARTESIAN_POINT('',(-1.58665159578341,-1.17672368704254,-0.15));
#10654=CARTESIAN_POINT('Origin',(-1.58665159578341,0.948276312957458,-0.35));
#10655=CARTESIAN_POINT('',(-1.08665159578341,0.748276312957458,-0.35));
#10656=CARTESIAN_POINT('',(-1.58665159578341,0.748276312957458,-0.35));
#10657=CARTESIAN_POINT('Origin',(-1.08665159578341,0.948276312957458,-0.35));
#10658=CARTESIAN_POINT('Origin',(-1.58665159578341,0.748276312957457,-0.35));
#10659=CARTESIAN_POINT('',(-1.08665159578341,-1.17672368704254,-0.35));
#10660=CARTESIAN_POINT('Origin',(-1.08665159578341,1.69329998274547,8.40272818962931));
#10661=CARTESIAN_POINT('',(-1.08665159578341,0.223276312957457,0.));
#10662=CARTESIAN_POINT('',(-1.08665159578341,0.,0.));
#10663=CARTESIAN_POINT('',(-1.08665159578341,0.223276312957457,0.467159090909091));
#10664=CARTESIAN_POINT('',(-1.08665159578341,0.223276312957457,0.));
#10665=CARTESIAN_POINT('',(-1.08665159578341,-0.976723687042543,0.467159090909091));
#10666=CARTESIAN_POINT('',(-1.08665159578341,0.,0.467159090909091));
#10667=CARTESIAN_POINT('',(-1.08665159578341,-0.976723687042543,0.));
#10668=CARTESIAN_POINT('',(-1.08665159578341,-0.976723687042543,0.));
#10669=CARTESIAN_POINT('',(-1.08665159578341,-1.17672368704254,0.));
#10670=CARTESIAN_POINT('',(-1.08665159578341,0.,0.));
#10671=CARTESIAN_POINT('',(-1.08665159578341,-1.17672368704254,-0.15));
#10672=CARTESIAN_POINT('Origin',(3.65898438514034,0.798276312957457,8.1629802205289));
#10673=CARTESIAN_POINT('',(-2.33665159578341,0.798276312957457,7.15));
#10674=CARTESIAN_POINT('',(-2.33665159578341,0.798276312957457,6.45));
#10675=CARTESIAN_POINT('',(-1.78665159578341,0.798276312957457,7.15));
#10676=CARTESIAN_POINT('Origin',(-2.33665159578341,0.368276312957457,6.45));
#10677=CARTESIAN_POINT('',(-2.33665159578341,0.576331601890933,12.5));
#10678=CARTESIAN_POINT('',(-2.33665159578341,0.576331601890933,6.45));
#10679=CARTESIAN_POINT('',(-2.33665159578341,0.898276312957457,12.5));
#10680=CARTESIAN_POINT('',(-2.33665159578341,0.737303957424195,12.5));
#10681=CARTESIAN_POINT('',(-2.33665159578341,0.898276312957457,7.15));
#10682=CARTESIAN_POINT('',(-2.33665159578341,0.898276312957457,6.45));
#10683=CARTESIAN_POINT('',(-2.33665159578341,1.57644650105631,7.15));
#10684=CARTESIAN_POINT('Origin',(3.73834840421659,-0.401723687042543,6.45));
#10685=CARTESIAN_POINT('',(3.53209162543146,-0.401723687042543,12.5));
#10686=CARTESIAN_POINT('',(3.53209162543146,-0.401723687042543,6.45));
#10687=CARTESIAN_POINT('',(-1.35549205172699,-0.401723687042543,12.5));
#10688=CARTESIAN_POINT('',(1.08829978685224,-0.401723687042543,12.5));
#10689=CARTESIAN_POINT('',(-1.35549205172699,-0.401723687042543,6.45));
#10690=CARTESIAN_POINT('',(0.713348404216587,-0.401723687042543,6.8));
#10691=CARTESIAN_POINT('',(0.713348404216587,-0.401723687042543,6.45));
#10692=CARTESIAN_POINT('',(1.46334840421659,-0.401723687042543,6.8));
#10693=CARTESIAN_POINT('',(2.64332267659269,-0.401723687042543,6.8));
#10694=CARTESIAN_POINT('',(1.46334840421659,-0.401723687042543,6.45));
#10695=CARTESIAN_POINT('',(3.33834840421659,-0.401723687042543,8.55));
#10696=CARTESIAN_POINT('',(3.33834840421659,-0.401723687042543,11.55));
#10697=CARTESIAN_POINT('',(3.33834840421659,-0.401723687042543,6.45));
#10698=CARTESIAN_POINT('',(2.33834840421659,-0.401723687042543,8.55));
#10699=CARTESIAN_POINT('Origin',(2.83834840421659,-0.401723687042543,8.55));
#10700=CARTESIAN_POINT('',(2.33834840421659,-0.401723687042543,11.55));
#10701=CARTESIAN_POINT('',(2.33834840421659,-0.401723687042543,6.45));
#10702=CARTESIAN_POINT('Origin',(2.83834840421659,-0.401723687042543,11.55));
#10703=CARTESIAN_POINT('',(-0.161651595783413,-0.401723687042543,11.55));
#10704=CARTESIAN_POINT('',(-1.16165159578341,-0.401723687042543,11.55));
#10705=CARTESIAN_POINT('Origin',(-0.661651595783413,-0.401723687042543,
11.55));
#10706=CARTESIAN_POINT('',(-0.161651595783413,-0.401723687042543,8.55));
#10707=CARTESIAN_POINT('',(-0.161651595783413,-0.401723687042543,6.45));
#10708=CARTESIAN_POINT('',(-1.16165159578341,-0.401723687042543,8.55));
#10709=CARTESIAN_POINT('Origin',(-0.661651595783413,-0.401723687042543,
8.55));
#10710=CARTESIAN_POINT('',(-1.16165159578341,-0.401723687042543,6.45));
#10711=CARTESIAN_POINT('Origin',(2.36834840421659,-0.401723687042543,6.45));
#10712=CARTESIAN_POINT('',(2.36834840421659,-0.431723687042543,8.55));
#10713=CARTESIAN_POINT('',(2.36834840421659,-0.431723687042543,11.55));
#10714=CARTESIAN_POINT('',(2.36834840421659,-0.431723687042543,6.45));
#10715=CARTESIAN_POINT('Origin',(2.36834840421659,-0.401723687042543,11.55));
#10716=CARTESIAN_POINT('Origin',(2.36834840421659,-0.401723687042543,8.55));
#10717=CARTESIAN_POINT('Origin',(3.30834840421659,-0.401723687042543,6.45));
#10718=CARTESIAN_POINT('',(3.30834840421659,-0.431723687042543,8.55));
#10719=CARTESIAN_POINT('',(3.30834840421659,-0.431723687042543,11.55));
#10720=CARTESIAN_POINT('',(3.30834840421659,-0.431723687042543,6.45));
#10721=CARTESIAN_POINT('Origin',(3.30834840421659,-0.401723687042543,8.55));
#10722=CARTESIAN_POINT('Origin',(3.30834840421659,-0.401723687042543,11.55));
#10723=CARTESIAN_POINT('Origin',(2.83834840421659,-0.401723687042543,11.55));
#10724=CARTESIAN_POINT('Origin',(2.83834840421659,-0.431723687042543,11.55));
#10725=CARTESIAN_POINT('Origin',(2.83834840421659,-0.401723687042543,8.55));
#10726=CARTESIAN_POINT('Origin',(2.83834840421659,-0.431723687042543,8.55));
#10727=CARTESIAN_POINT('Origin',(1.97280885298211,-0.431723687042543,10.5579050821671));
#10728=CARTESIAN_POINT('Origin',(-0.661651595783413,-0.401723687042543,
8.55));
#10729=CARTESIAN_POINT('',(-1.13165159578341,-0.431723687042543,8.55));
#10730=CARTESIAN_POINT('',(-0.191651595783413,-0.431723687042543,8.55));
#10731=CARTESIAN_POINT('Origin',(-0.661651595783413,-0.431723687042543,
8.55));
#10732=CARTESIAN_POINT('Origin',(-1.13165159578341,-0.401723687042543,8.55));
#10733=CARTESIAN_POINT('Origin',(-0.191651595783413,-0.401723687042543,
8.55));
#10734=CARTESIAN_POINT('Origin',(-0.191651595783413,-0.401723687042543,
6.45));
#10735=CARTESIAN_POINT('',(-0.191651595783413,-0.431723687042543,11.55));
#10736=CARTESIAN_POINT('',(-0.191651595783413,-0.431723687042543,6.45));
#10737=CARTESIAN_POINT('Origin',(-0.191651595783413,-0.401723687042543,
11.55));
#10738=CARTESIAN_POINT('Origin',(-1.13165159578341,-0.401723687042543,6.45));
#10739=CARTESIAN_POINT('',(-1.13165159578341,-0.431723687042543,11.55));
#10740=CARTESIAN_POINT('',(-1.13165159578341,-0.431723687042543,6.45));
#10741=CARTESIAN_POINT('Origin',(-1.13165159578341,-0.401723687042543,11.55));
#10742=CARTESIAN_POINT('Origin',(-0.661651595783413,-0.401723687042543,
11.55));
#10743=CARTESIAN_POINT('Origin',(-0.661651595783413,-0.431723687042543,
11.55));
#10744=CARTESIAN_POINT('Origin',(1.97280885298211,-0.431723687042543,10.5579050821671));
#10745=CARTESIAN_POINT('Origin',(0.713348404216587,-0.401723687042543,6.8));
#10746=CARTESIAN_POINT('',(0.713348404216587,-0.401723687042543,6.8));
#10747=CARTESIAN_POINT('Origin',(1.46334840421659,-0.401723687042543,6.8));
#10748=CARTESIAN_POINT('',(1.46334840421659,-0.401723687042543,6.8));
#10749=CARTESIAN_POINT('Origin',(1.46334840421659,-0.401723687042543,6.45));
#10750=CARTESIAN_POINT('Origin',(-1.35549205172699,0.0982763129574571,6.45));
#10751=CARTESIAN_POINT('',(-1.70789941116316,-0.256419405955568,12.5));
#10752=CARTESIAN_POINT('Origin',(-1.35549205172699,0.0982763129574571,12.5));
#10753=CARTESIAN_POINT('',(-1.70789941116316,-0.256419405955568,6.45));
#10754=CARTESIAN_POINT('Origin',(-1.56165159578341,-0.401723687042543,6.45));
#10755=CARTESIAN_POINT('',(-2.18905895521958,0.221635882977907,12.5));
#10756=CARTESIAN_POINT('',(-1.94847918319137,-0.0173917614888306,12.5));
#10757=CARTESIAN_POINT('',(-2.18905895521958,0.221635882977907,6.45));
#10758=CARTESIAN_POINT('Origin',(3.53209162543146,0.0982763129574566,12.5));
#10759=CARTESIAN_POINT('',(3.88461686683596,-0.256302245577464,12.5));
#10760=CARTESIAN_POINT('Origin',(3.53209162543146,0.0982763129574566,12.5));
#10761=CARTESIAN_POINT('',(3.81411181855506,-0.18538653387048,12.7));
#10762=CARTESIAN_POINT('',(3.81411181855506,-0.18538653387048,12.7));
#10763=CARTESIAN_POINT('',(3.53209162543146,-0.301723687042544,12.7));
#10764=CARTESIAN_POINT('Origin',(3.53209162543146,0.0982763129574566,12.7));
#10765=CARTESIAN_POINT('',(3.53209162543146,-0.301723687042543,12.7));
#10766=CARTESIAN_POINT('Origin',(4.16764503482902,1.16734675216948,12.7));
#10767=CARTESIAN_POINT('',(-1.63741793927593,-0.185480262172964,12.7));
#10768=CARTESIAN_POINT('',(-2.11857748333235,0.292575026760513,12.7));
#10769=CARTESIAN_POINT('',(-1.87799771130414,0.0535473822937744,12.7));
#10770=CARTESIAN_POINT('',(-1.35549205172699,-0.301723687042543,12.7));
#10771=CARTESIAN_POINT('Origin',(-1.35549205172699,0.0982763129574571,12.7));
#10772=CARTESIAN_POINT('',(1.08829978685224,-0.301723687042543,12.7));
#10773=CARTESIAN_POINT('',(4.29536859734018,0.293083351110078,12.7));
#10774=CARTESIAN_POINT('',(4.05474020794762,0.0538484086197983,12.7));
#10775=CARTESIAN_POINT('',(4.41334840421659,0.576746197938014,12.7));
#10776=CARTESIAN_POINT('Origin',(4.01334840421659,0.576746197938014,12.7));
#10777=CARTESIAN_POINT('',(4.41334840421659,0.898276312957457,12.7));
#10778=CARTESIAN_POINT('',(4.41334840421659,0.737511255447736,12.7));
#10779=CARTESIAN_POINT('',(4.01334840421659,1.29827631295746,12.7));
#10780=CARTESIAN_POINT('Origin',(4.01334840421659,0.898276312957457,12.7));
#10781=CARTESIAN_POINT('',(-1.83665159578341,1.29827631295746,12.7));
#10782=CARTESIAN_POINT('',(1.08834840421659,1.29827631295746,12.7));
#10783=CARTESIAN_POINT('',(-2.23665159578341,0.898276312957457,12.7));
#10784=CARTESIAN_POINT('Origin',(-1.83665159578341,0.898276312957457,12.7));
#10785=CARTESIAN_POINT('',(-2.23665159578341,0.576331601890933,12.7));
#10786=CARTESIAN_POINT('',(-2.23665159578341,0.737303957424195,12.7));
#10787=CARTESIAN_POINT('Origin',(-1.83665159578341,0.576331601890933,12.7));
#10788=CARTESIAN_POINT('',(4.01334840421659,1.17148139371435,12.7));
#10789=CARTESIAN_POINT('',(-1.83665159578341,1.17148139371435,12.7));
#10790=CARTESIAN_POINT('',(4.86825996552804E-18,1.17148139371435,12.7));
#10791=CARTESIAN_POINT('',(4.28655348497348,0.898276312957457,12.7));
#10792=CARTESIAN_POINT('Origin',(4.01334840421659,0.898276312957457,12.7));
#10793=CARTESIAN_POINT('',(4.28655348497348,0.576746197938014,12.7));
#10794=CARTESIAN_POINT('',(4.28655348497348,0.,12.7));
#10795=CARTESIAN_POINT('',(4.2059717783101,0.383000870499628,12.7));
#10796=CARTESIAN_POINT('Origin',(4.01334840421659,0.576746197938014,12.7));
#10797=CARTESIAN_POINT('',(3.72471499952498,-0.0954690144809325,12.7));
#10798=CARTESIAN_POINT('',(0.122118325812614,-3.67720353145512,12.7));
#10799=CARTESIAN_POINT('',(3.53209162543146,-0.174928767799432,12.7));
#10800=CARTESIAN_POINT('Origin',(3.53209162543146,0.0982763129574566,12.7));
#10801=CARTESIAN_POINT('',(-1.35549205172699,-0.174928767799432,12.7));
#10802=CARTESIAN_POINT('',(0.,-0.174928767799432,12.7));
#10803=CARTESIAN_POINT('',(-1.54805101391515,-0.0955330321020545,12.7));
#10804=CARTESIAN_POINT('Origin',(-1.35549205172699,0.0982763129574566,12.7));
#10805=CARTESIAN_POINT('',(-2.02921055797157,0.382522256831422,12.7));
#10806=CARTESIAN_POINT('',(-0.122077490300927,-1.51230672653167,12.7));
#10807=CARTESIAN_POINT('',(-2.1098566765403,0.576331601890934,12.7));
#10808=CARTESIAN_POINT('Origin',(-1.83665159578341,0.576331601890934,12.7));
#10809=CARTESIAN_POINT('',(-2.1098566765403,0.898276312957457,12.7));
#10810=CARTESIAN_POINT('',(-2.1098566765403,0.,12.7));
#10811=CARTESIAN_POINT('Origin',(-1.83665159578341,0.898276312957457,12.7));
#10812=CARTESIAN_POINT('Origin',(3.93834840421659,0.173276312957457,0.214403781253964));
#10813=CARTESIAN_POINT('',(3.93834840421659,0.173276312957457,0.214403781253964));
#10814=CARTESIAN_POINT('',(3.93834840421659,0.173276312957457,0.310681818181818));
#10815=CARTESIAN_POINT('',(3.93834840421659,-0.926723687042543,0.214403781253964));
#10816=CARTESIAN_POINT('',(3.93834840421659,0.173276312957457,0.214403781253964));
#10817=CARTESIAN_POINT('',(3.93834840421659,-0.926723687042543,0.310681818181818));
#10818=CARTESIAN_POINT('Origin',(5.18834840421659,-2.95172368704254,4.35));
#10819=CARTESIAN_POINT('',(5.08834840421659,-3.05172368704254,4.45));
#10820=CARTESIAN_POINT('',(5.28834840421659,-3.05172368704254,4.45));
#10821=CARTESIAN_POINT('',(5.18834840421659,-3.05172368704254,4.45));
#10822=CARTESIAN_POINT('',(5.08834840421659,-2.85172368704254,4.25));
#10823=CARTESIAN_POINT('',(5.08834840421659,-5.05172368704254,6.45));
#10824=CARTESIAN_POINT('',(5.28834840421659,-2.85172368704254,4.25));
#10825=CARTESIAN_POINT('',(5.18834840421659,-2.85172368704254,4.25));
#10826=CARTESIAN_POINT('',(5.28834840421659,-5.05172368704254,6.45));
#10827=CARTESIAN_POINT('Origin',(2.64332267659269,-1.65172368704254,4.05));
#10828=CARTESIAN_POINT('',(5.08834840421659,-1.65172368704254,4.25));
#10829=CARTESIAN_POINT('',(5.28834840421659,-1.65172368704254,4.25));
#10830=CARTESIAN_POINT('',(2.64332267659269,-1.65172368704254,4.25));
#10831=CARTESIAN_POINT('',(5.08834840421659,-1.45172368704254,4.05));
#10832=CARTESIAN_POINT('Origin',(5.08834840421659,-1.65172368704254,4.05));
#10833=CARTESIAN_POINT('',(5.28834840421659,-1.45172368704254,4.05));
#10834=CARTESIAN_POINT('',(2.64332267659269,-1.45172368704254,4.05));
#10835=CARTESIAN_POINT('Origin',(5.28834840421659,-1.65172368704254,4.05));
#10836=CARTESIAN_POINT('Origin',(2.64332267659269,-1.65172368704254,1.8));
#10837=CARTESIAN_POINT('',(5.08834840421659,-1.45172368704254,1.8));
#10838=CARTESIAN_POINT('',(5.28834840421659,-1.45172368704254,1.8));
#10839=CARTESIAN_POINT('',(2.64332267659269,-1.45172368704254,1.8));
#10840=CARTESIAN_POINT('',(5.08834840421659,-1.65172368704254,1.6));
#10841=CARTESIAN_POINT('Origin',(5.08834840421659,-1.65172368704254,1.8));
#10842=CARTESIAN_POINT('',(5.28834840421659,-1.65172368704254,1.6));
#10843=CARTESIAN_POINT('',(2.64332267659269,-1.65172368704254,1.6));
#10844=CARTESIAN_POINT('Origin',(5.28834840421659,-1.65172368704254,1.8));
#10845=CARTESIAN_POINT('Origin',(5.18834840421659,-2.95172368704254,1.5));
#10846=CARTESIAN_POINT('',(5.08834840421659,-2.85172368704254,1.6));
#10847=CARTESIAN_POINT('',(5.28834840421659,-2.85172368704254,1.6));
#10848=CARTESIAN_POINT('',(5.18834840421659,-2.85172368704254,1.6));
#10849=CARTESIAN_POINT('',(5.08834840421659,-3.05172368704254,1.4));
#10850=CARTESIAN_POINT('',(5.08834840421659,1.99827631295746,6.45));
#10851=CARTESIAN_POINT('',(5.28834840421659,-3.05172368704254,1.4));
#10852=CARTESIAN_POINT('',(5.18834840421659,-3.05172368704254,1.4));
#10853=CARTESIAN_POINT('',(5.28834840421659,1.99827631295746,6.45));
#10854=CARTESIAN_POINT('Origin',(5.18834840421659,-2.95172368704254,0.0999999999999988));
#10855=CARTESIAN_POINT('',(5.08834840421659,-3.05172368704254,0.199999999999997));
#10856=CARTESIAN_POINT('',(5.28834840421659,-3.05172368704254,0.199999999999997));
#10857=CARTESIAN_POINT('',(5.18834840421659,-3.05172368704254,0.199999999999999));
#10858=CARTESIAN_POINT('',(5.08834840421659,-2.85172368704254,-8.88178419700125E-16));
#10859=CARTESIAN_POINT('',(5.08834840421659,-9.30172368704254,6.45));
#10860=CARTESIAN_POINT('',(5.28834840421659,-2.85172368704254,-8.88178419700125E-16));
#10861=CARTESIAN_POINT('',(5.18834840421659,-2.85172368704254,-8.88178419700125E-16));
#10862=CARTESIAN_POINT('',(5.28834840421659,-9.30172368704254,6.45));
#10863=CARTESIAN_POINT('Origin',(5.08834840421659,-1.32672368704254,0.399999999999999));
#10864=CARTESIAN_POINT('',(5.08834840421659,-1.32672368704254,0.399999999999999));
#10865=CARTESIAN_POINT('',(5.08834840421659,-1.32672368704254,-8.88178419700125E-16));
#10866=CARTESIAN_POINT('',(5.08834840421659,-1.32672368704254,7.15));
#10867=CARTESIAN_POINT('',(5.28834840421659,-1.32672368704254,0.399999999999999));
#10868=CARTESIAN_POINT('',(5.08834840421659,-1.32672368704254,0.399999999999999));
#10869=CARTESIAN_POINT('',(5.28834840421659,-1.32672368704254,-8.88178419700125E-16));
#10870=CARTESIAN_POINT('',(5.28834840421659,-1.32672368704254,7.15));
#10871=CARTESIAN_POINT('',(5.08834840421659,-1.32672368704254,-8.88178419700125E-16));
#10872=CARTESIAN_POINT('Origin',(5.08834840421659,2.70161264317233,2.54043476845102));
#10873=CARTESIAN_POINT('',(5.08834840421659,0.232624897474068,0.542187127836942));
#10874=CARTESIAN_POINT('',(5.08834840421659,-0.986072271559154,0.542187127836942));
#10875=CARTESIAN_POINT('',(5.08834840421659,1.57644650105631,0.542187127836942));
#10876=CARTESIAN_POINT('Origin',(5.08834840421659,-1.12672368704254,0.399999999999999));
#10877=CARTESIAN_POINT('',(5.08834840421659,2.84827631295746,-8.88178419700125E-16));
#10878=CARTESIAN_POINT('',(5.08834840421659,-3.05172368704254,7.15));
#10879=CARTESIAN_POINT('',(5.08834840421659,2.84827631295746,1.6));
#10880=CARTESIAN_POINT('',(5.08834840421659,-1.45172368704254,7.15));
#10881=CARTESIAN_POINT('',(5.08834840421659,-1.45172368704254,4.25));
#10882=CARTESIAN_POINT('',(5.08834840421659,-3.05172368704255,5.24999999999999));
#10883=CARTESIAN_POINT('',(5.08834840421659,-3.05172368704254,7.15));
#10884=CARTESIAN_POINT('',(5.08834840421659,-2.85172368704255,5.45));
#10885=CARTESIAN_POINT('',(5.08834840421659,1.57644650105631,9.87817018809884));
#10886=CARTESIAN_POINT('',(5.08834840421659,-1.65172368704254,5.45));
#10887=CARTESIAN_POINT('',(5.08834840421659,-1.45172368704254,5.45));
#10888=CARTESIAN_POINT('',(5.08834840421659,-1.45172368704254,5.65));
#10889=CARTESIAN_POINT('Origin',(5.08834840421659,-1.65172368704254,5.65));
#10890=CARTESIAN_POINT('',(5.08834840421659,-1.25172368704254,5.85));
#10891=CARTESIAN_POINT('Origin',(5.08834840421659,-1.25172368704254,5.65));
#10892=CARTESIAN_POINT('',(5.08834840421659,2.44827631295746,5.85));
#10893=CARTESIAN_POINT('',(5.08834840421659,2.84827631295746,5.85));
#10894=CARTESIAN_POINT('',(5.08834840421659,2.44827631295746,-8.88178419700125E-16));
#10895=CARTESIAN_POINT('',(5.08834840421659,2.44827631295746,6.45));
#10896=CARTESIAN_POINT('',(5.08834840421659,0.573276312957457,-8.88178419700125E-16));
#10897=CARTESIAN_POINT('',(5.08834840421659,2.84827631295746,-8.88178419700125E-16));
#10898=CARTESIAN_POINT('',(5.08834840421659,0.573276312957457,0.399999999999999));
#10899=CARTESIAN_POINT('',(5.08834840421659,0.573276312957457,7.15));
#10900=CARTESIAN_POINT('Origin',(5.08834840421659,0.373276312957457,0.399999999999999));
#10901=CARTESIAN_POINT('',(5.08834840421659,1.97748073059931,2.54473460385831));
#10902=CARTESIAN_POINT('',(5.08834840421659,1.0690718953158,2.54473460385831));
#10903=CARTESIAN_POINT('',(5.08834840421659,1.57644650105631,2.54473460385831));
#10904=CARTESIAN_POINT('',(5.08834840421659,2.27327631295746,2.58));
#10905=CARTESIAN_POINT('Origin',(5.08834840421659,2.12327631295746,2.58));
#10906=CARTESIAN_POINT('',(5.08834840421659,2.27327631295746,3.63));
#10907=CARTESIAN_POINT('',(5.08834840421659,2.27327631295746,6.45));
#10908=CARTESIAN_POINT('',(5.08834840421659,1.77327631295746,4.13));
#10909=CARTESIAN_POINT('Origin',(5.08834840421659,1.77327631295746,3.63));
#10910=CARTESIAN_POINT('',(5.08834840421659,1.27327631295746,4.13));
#10911=CARTESIAN_POINT('',(5.08834840421659,1.57644650105631,4.13));
#10912=CARTESIAN_POINT('',(5.08834840421659,0.773276312957457,3.63));
#10913=CARTESIAN_POINT('Origin',(5.08834840421659,1.27327631295746,3.63));
#10914=CARTESIAN_POINT('',(5.08834840421659,0.773276312957457,2.58));
#10915=CARTESIAN_POINT('',(5.08834840421659,0.773276312957457,6.45));
#10916=CARTESIAN_POINT('Origin',(5.0883484042166,0.92327631295746,2.58));
#10917=CARTESIAN_POINT('',(5.08834840421659,-2.75172368704254,4.85));
#10918=CARTESIAN_POINT('Origin',(5.08834840421659,-2.45172368704254,4.85));
#10919=CARTESIAN_POINT('',(5.08834840421659,-2.75172368704254,0.799999999999999));
#10920=CARTESIAN_POINT('Origin',(5.08834840421659,-2.45172368704254,0.799999999999999));
#10921=CARTESIAN_POINT('Origin',(5.18834840421659,0.923276312957471,2.58));
#10922=CARTESIAN_POINT('',(5.28834840421659,0.773276312957457,2.58));
#10923=CARTESIAN_POINT('',(5.28834840421659,1.0690718953158,2.54473460385831));
#10924=CARTESIAN_POINT('Origin',(5.2883484042166,0.923276312957452,2.58000000000001));
#10925=CARTESIAN_POINT('',(5.28679081139104,1.07327631295746,2.58));
#10926=CARTESIAN_POINT('Origin',(5.2248898893561,0.904517621042163,2.57945509227948));
#10927=CARTESIAN_POINT('',(5.08521473408274,1.07327631295746,2.58));
#10928=CARTESIAN_POINT('',(5.08521473408274,1.07327631295746,2.58));
#10929=CARTESIAN_POINT('Ctrl Pts',(5.08834840421659,1.06907189531503,2.5447346038585));
#10930=CARTESIAN_POINT('Ctrl Pts',(5.08834840421658,1.07192397777176,2.55652579489015));
#10931=CARTESIAN_POINT('Ctrl Pts',(5.08726956118509,1.07327631295746,2.56852908759273));
#10932=CARTESIAN_POINT('Ctrl Pts',(5.08521473408274,1.07327631295746,2.58));
#10933=CARTESIAN_POINT('',(2.64332267659269,0.773276312957457,2.58));
#10934=CARTESIAN_POINT('Origin',(5.28834840421659,0.173276312957457,0.310681818181818));
#10935=CARTESIAN_POINT('',(5.28834840421659,0.232624897474067,0.542187127836941));
#10936=CARTESIAN_POINT('',(5.28834840421659,-0.986072271559153,0.542187127836941));
#10937=CARTESIAN_POINT('',(5.28834840421659,1.57644650105631,0.542187127836941));
#10938=CARTESIAN_POINT('',(5.28834840421659,0.573276312957457,0.399999999999999));
#10939=CARTESIAN_POINT('Origin',(5.28834840421659,0.373276312957457,0.399999999999999));
#10940=CARTESIAN_POINT('',(5.28834840421659,0.573276312957457,-8.88178419700125E-16));
#10941=CARTESIAN_POINT('',(5.28834840421659,0.573276312957457,7.15));
#10942=CARTESIAN_POINT('',(5.28834840421659,2.44827631295746,-8.88178419700125E-16));
#10943=CARTESIAN_POINT('',(5.28834840421659,2.84827631295746,-8.88178419700125E-16));
#10944=CARTESIAN_POINT('',(5.28834840421659,2.44827631295746,5.85));
#10945=CARTESIAN_POINT('',(5.28834840421659,2.44827631295746,6.45));
#10946=CARTESIAN_POINT('',(5.28834840421659,-1.25172368704254,5.85));
#10947=CARTESIAN_POINT('',(5.28834840421659,2.84827631295746,5.85));
#10948=CARTESIAN_POINT('',(5.28834840421659,-1.45172368704254,5.65));
#10949=CARTESIAN_POINT('Origin',(5.28834840421659,-1.25172368704254,5.65));
#10950=CARTESIAN_POINT('',(5.28834840421659,-1.65172368704254,5.45));
#10951=CARTESIAN_POINT('Origin',(5.28834840421659,-1.65172368704254,5.65));
#10952=CARTESIAN_POINT('',(5.28834840421659,-2.85172368704255,5.45));
#10953=CARTESIAN_POINT('',(5.28834840421659,-1.45172368704254,5.45));
#10954=CARTESIAN_POINT('',(5.28834840421659,-3.05172368704255,5.24999999999999));
#10955=CARTESIAN_POINT('',(5.28834840421659,1.57644650105631,9.87817018809884));
#10956=CARTESIAN_POINT('',(5.28834840421659,-3.05172368704254,7.15));
#10957=CARTESIAN_POINT('',(5.28834840421659,-1.45172368704254,4.25));
#10958=CARTESIAN_POINT('',(5.28834840421659,-1.45172368704254,7.15));
#10959=CARTESIAN_POINT('',(5.28834840421659,2.84827631295746,1.6));
#10960=CARTESIAN_POINT('',(5.28834840421659,-3.05172368704254,7.15));
#10961=CARTESIAN_POINT('',(5.28834840421659,2.84827631295746,-8.88178419700125E-16));
#10962=CARTESIAN_POINT('Origin',(5.28834840421659,-1.12672368704254,0.399999999999999));
#10963=CARTESIAN_POINT('',(5.28834840421659,-2.75172368704254,4.85));
#10964=CARTESIAN_POINT('Origin',(5.28834840421659,-2.45172368704254,4.85));
#10965=CARTESIAN_POINT('',(5.28834840421659,2.27327631295746,2.58));
#10966=CARTESIAN_POINT('',(5.28834840421659,1.97748073059931,2.54473460385831));
#10967=CARTESIAN_POINT('Origin',(5.2883484042166,2.12327631295746,2.58));
#10968=CARTESIAN_POINT('',(5.28834840421659,1.57644650105631,2.54473460385831));
#10969=CARTESIAN_POINT('',(5.28834840421659,0.773276312957457,3.63));
#10970=CARTESIAN_POINT('',(5.28834840421659,0.773276312957457,6.45));
#10971=CARTESIAN_POINT('',(5.28834840421659,1.27327631295746,4.13));
#10972=CARTESIAN_POINT('Origin',(5.28834840421659,1.27327631295746,3.63));
#10973=CARTESIAN_POINT('',(5.28834840421659,1.77327631295746,4.13));
#10974=CARTESIAN_POINT('',(5.28834840421659,1.57644650105631,4.13));
#10975=CARTESIAN_POINT('',(5.28834840421659,2.27327631295746,3.63));
#10976=CARTESIAN_POINT('Origin',(5.28834840421659,1.77327631295746,3.63));
#10977=CARTESIAN_POINT('',(5.28834840421659,2.27327631295746,6.45));
#10978=CARTESIAN_POINT('',(5.28834840421659,-2.75172368704254,0.799999999999999));
#10979=CARTESIAN_POINT('Origin',(5.28834840421659,-2.45172368704254,0.799999999999999));
#10980=CARTESIAN_POINT('Origin',(-3.95165399578342,-2.45172368704254,4.85));
#10981=CARTESIAN_POINT('',(-3.95165399578342,-2.75172368704254,4.85));
#10982=CARTESIAN_POINT('Origin',(-3.95165399578342,-2.45172368704254,0.799999999999999));
#10983=CARTESIAN_POINT('',(-3.95165399578342,-2.75172368704254,0.799999999999999));
#10984=CARTESIAN_POINT('Origin',(-3.95165399578342,2.27327631295746,4.13));
#10985=CARTESIAN_POINT('',(2.64332267659269,2.27327631295746,3.63));
#10986=CARTESIAN_POINT('',(2.64332267659269,2.27327631295746,2.58));
#10987=CARTESIAN_POINT('Origin',(2.64332267659269,1.77327631295746,3.63));
#10988=CARTESIAN_POINT('',(2.64332267659269,1.77327631295746,4.13));
#10989=CARTESIAN_POINT('Origin',(-3.95165399578342,0.773276312957457,4.13));
#10990=CARTESIAN_POINT('',(2.64332267659269,1.27327631295746,4.13));
#10991=CARTESIAN_POINT('Origin',(2.64332267659269,1.27327631295746,3.63));
#10992=CARTESIAN_POINT('',(2.64332267659269,0.773276312957457,3.63));
#10993=CARTESIAN_POINT('Origin',(-3.95165399578342,0.773276312957457,2.43));
#10994=CARTESIAN_POINT('Origin',(5.27628692837377,1.97327631295746,2.64840402866514));
#10995=CARTESIAN_POINT('',(5.26422545253095,1.97327631295746,2.68154266118858));
#10996=CARTESIAN_POINT('',(5.26422545253095,1.07327631295746,2.68154266118858));
#10997=CARTESIAN_POINT('',(5.26422545253095,1.57644650105631,2.68154266118858));
#10998=CARTESIAN_POINT('',(4.91716577788182,1.97327631295746,3.63508128049034));
#10999=CARTESIAN_POINT('',(5.27628692837377,1.97327631295746,2.64840402866514));
#11000=CARTESIAN_POINT('',(4.84876174921668,1.77327631295746,3.82301980464752));
#11001=CARTESIAN_POINT('Origin',(4.91716577788182,1.77327631295746,3.63508128049034));
#11002=CARTESIAN_POINT('',(4.84876174921668,1.27327631295746,3.82301980464752));
#11003=CARTESIAN_POINT('',(4.84876174921668,1.57644650105631,3.82301980464752));
#11004=CARTESIAN_POINT('',(4.91716577788181,1.07327631295746,3.63508128049034));
#11005=CARTESIAN_POINT('Origin',(4.91716577788182,1.27327631295746,3.63508128049034));
#11006=CARTESIAN_POINT('',(5.27628692837377,1.07327631295746,2.64840402866514));
#11007=CARTESIAN_POINT('Origin',(4.88834840421659,1.57644650105631,2.54473460385831));
#11008=CARTESIAN_POINT('Origin',(4.88834840421659,1.07327631295746,2.54473460385831));
#11009=CARTESIAN_POINT('',(5.28679081139104,1.97327631295746,2.58));
#11010=CARTESIAN_POINT('Origin',(5.22488988976185,2.14203500379714,2.5794550921722));
#11011=CARTESIAN_POINT('Origin',(4.88834840421659,1.97327631295746,2.54473460385831));
#11012=CARTESIAN_POINT('Origin',(5.18834840421659,2.12327631295746,2.58));
#11013=CARTESIAN_POINT('',(5.08521473408274,1.97327631295746,2.58));
#11014=CARTESIAN_POINT('',(5.08521473408274,1.97327631295746,2.58));
#11015=CARTESIAN_POINT('Ctrl Pts',(5.08521473408274,1.97327631295746,2.58));
#11016=CARTESIAN_POINT('Ctrl Pts',(5.0872695611851,1.97327631295746,2.56852908759271));
#11017=CARTESIAN_POINT('Ctrl Pts',(5.08834840421658,1.97462864814316,2.55652579489012));
#11018=CARTESIAN_POINT('Ctrl Pts',(5.08834840421659,1.9774807305999,2.54473460385845));
#11019=CARTESIAN_POINT('Origin',(5.10188051038168,2.70161264317233,2.54282084387374));
#11020=CARTESIAN_POINT('',(4.6608232250595,1.27327631295746,3.75461577598239));
#11021=CARTESIAN_POINT('',(4.6608232250595,1.77327631295746,3.75461577598239));
#11022=CARTESIAN_POINT('',(4.6608232250595,1.57644650105631,3.75461577598239));
#11023=CARTESIAN_POINT('',(4.72922725372463,1.97327631295746,3.5666772518252));
#11024=CARTESIAN_POINT('Origin',(4.72922725372463,1.77327631295746,3.5666772518252));
#11025=CARTESIAN_POINT('',(5.07628692837377,1.97327631295746,2.61313863252344));
#11026=CARTESIAN_POINT('',(3.76473044954625,1.97327631295746,6.21661044244147));
#11027=CARTESIAN_POINT('',(5.07628692837377,1.07327631295746,2.61313863252344));
#11028=CARTESIAN_POINT('',(5.07628692837377,1.57644650105631,2.61313863252344));
#11029=CARTESIAN_POINT('',(4.72922725372463,1.07327631295746,3.5666772518252));
#11030=CARTESIAN_POINT('',(3.76473044954625,1.07327631295746,6.21661044244147));
#11031=CARTESIAN_POINT('Origin',(4.72922725372463,1.27327631295746,3.5666772518252));
#11032=CARTESIAN_POINT('Origin',(-3.35517212145147,1.97327631295746,-0.652816809630275));
#11033=CARTESIAN_POINT('',(2.43165461984476,1.97327631295746,2.73042920202833));
#11034=CARTESIAN_POINT('Origin',(4.88834840421659,1.97327631295746,2.54473460385831));
#11035=CARTESIAN_POINT('Origin',(2.43165461984476,1.77327631295746,2.73042920202833));
#11036=CARTESIAN_POINT('',(2.36325059117962,1.77327631295746,2.91836772618551));
#11037=CARTESIAN_POINT('Origin',(4.88834840421659,1.57644650105631,2.54473460385831));
#11038=CARTESIAN_POINT('Origin',(4.88834840421659,1.07327631295746,2.54473460385831));
#11039=CARTESIAN_POINT('Origin',(5.11737276576492,1.07327631295746,2.67755037422029));
#11040=CARTESIAN_POINT('',(2.43165461984476,1.07327631295746,2.73042920202833));
#11041=CARTESIAN_POINT('Origin',(2.43165461984476,1.27327631295746,2.73042920202833));
#11042=CARTESIAN_POINT('',(2.36325059117962,1.27327631295746,2.91836772618551));
#11043=CARTESIAN_POINT('Origin',(-3.8340003221074,1.97327631295746,0.662752859469997));
#11044=CARTESIAN_POINT('Origin',(5.21637474286437,-0.926723687042543,-0.74035917234822));
#11045=CARTESIAN_POINT('',(4.85753118233443,-0.926723687042543,0.143376021126676));
#11046=CARTESIAN_POINT('',(5.07293979327551,-0.926723687042543,0.126730810281231));
#11047=CARTESIAN_POINT('',(5.26222381217689,-0.926723687042543,0.399999999999999));
#11048=CARTESIAN_POINT('Origin',(4.88834840421659,-0.926723687042543,0.542187127836941));
#11049=CARTESIAN_POINT('',(5.02899981969997,-0.926723687042543,0.399999999999999));
#11050=CARTESIAN_POINT('',(5.08834840421659,-0.926723687042543,0.399999999999999));
#11051=CARTESIAN_POINT('',(4.87293979327551,-0.926723687042543,0.34278157448181));
#11052=CARTESIAN_POINT('Origin',(4.88834840421659,-0.926723687042543,0.542187127836942));
#11053=CARTESIAN_POINT('',(2.83834840421659,-0.926723687042543,0.5));
#11054=CARTESIAN_POINT('Origin',(5.08834840421659,-1.12672368704254,0.399999999999999));
#11055=CARTESIAN_POINT('Ctrl Pts',(5.02899981969998,-0.926723687042543,
0.4));
#11056=CARTESIAN_POINT('Ctrl Pts',(5.03414839361445,-0.926723687042543,
0.405092966007596));
#11057=CARTESIAN_POINT('Ctrl Pts',(5.03903864697354,-0.926919010689155,
0.410486685645121));
#11058=CARTESIAN_POINT('Ctrl Pts',(5.04360848560031,-0.927373936995919,
0.416114501431399));
#11059=CARTESIAN_POINT('Ctrl Pts',(5.04817842184287,-0.927828873020311,
0.421742437432802));
#11060=CARTESIAN_POINT('Ctrl Pts',(5.05242435005355,-0.928543584990471,
0.427599960151408));
#11061=CARTESIAN_POINT('Ctrl Pts',(5.05630662850773,-0.929567174384438,
0.433605200735883));
#11062=CARTESIAN_POINT('Ctrl Pts',(5.06018805227768,-0.930590538435034,
0.439609119265666));
#11063=CARTESIAN_POINT('Ctrl Pts',(5.06370171313617,-0.931916427423217,
0.44574558073608));
#11064=CARTESIAN_POINT('Ctrl Pts',(5.06688099911962,-0.9336133247063,0.452042174804536));
#11065=CARTESIAN_POINT('Ctrl Pts',(5.06846849105287,-0.934460625251913,
0.455186211655141));
#11066=CARTESIAN_POINT('Ctrl Pts',(5.06996641972256,-0.935398400002311,
0.45835974044127));
#11067=CARTESIAN_POINT('Ctrl Pts',(5.07137094100955,-0.936429424519348,
0.461547491019921));
#11068=CARTESIAN_POINT('Ctrl Pts',(5.07277545643902,-0.937460444736517,
0.464735228304117));
#11069=CARTESIAN_POINT('Ctrl Pts',(5.07408642336217,-0.938584634345342,
0.467936853001773));
#11070=CARTESIAN_POINT('Ctrl Pts',(5.07530236148862,-0.939802247545078,
0.471136316015791));
#11071=CARTESIAN_POINT('Ctrl Pts',(5.08018085262484,-0.944687459278349,
0.483972949406132));
#11072=CARTESIAN_POINT('Ctrl Pts',(5.08346025397765,-0.950995769274396,
0.496570290064124));
#11073=CARTESIAN_POINT('Ctrl Pts',(5.08551227485114,-0.958793396492475,
0.508625123778332));
#11074=CARTESIAN_POINT('Ctrl Pts',(5.08653796998118,-0.962691011944008,
0.514650688329718));
#11075=CARTESIAN_POINT('Ctrl Pts',(5.08725094974702,-0.966948797734028,
0.520517414322972));
#11076=CARTESIAN_POINT('Ctrl Pts',(5.08770345203628,-0.97151695542489,0.526138298944423));
#11077=CARTESIAN_POINT('Ctrl Pts',(5.08815598751478,-0.976085448171927,
0.531759595835377));
#11078=CARTESIAN_POINT('Ctrl Pts',(5.08834840421659,-0.980958787896024,
0.537128873083423));
#11079=CARTESIAN_POINT('Ctrl Pts',(5.08834840421659,-0.986072271559154,
0.542187127836942));
#11080=CARTESIAN_POINT('Ctrl Pts',(5.26222381217689,-0.92672368704254,0.399999999999999));
#11081=CARTESIAN_POINT('Ctrl Pts',(5.26461900640185,-0.92672368704254,0.406298068127725));
#11082=CARTESIAN_POINT('Ctrl Pts',(5.26685661078742,-0.927021762599669,
0.412663030085657));
#11083=CARTESIAN_POINT('Ctrl Pts',(5.2689243982798,-0.927633336622738,0.419053408349176));
#11084=CARTESIAN_POINT('Ctrl Pts',(5.27098532257443,-0.928242880769202,
0.425422576294977));
#11085=CARTESIAN_POINT('Ctrl Pts',(5.27287579951199,-0.929163979007197,
0.431815178601052));
#11086=CARTESIAN_POINT('Ctrl Pts',(5.27458994596559,-0.930401799479841,
0.438180053219175));
#11087=CARTESIAN_POINT('Ctrl Pts',(5.27629772521013,-0.931635022059634,
0.444521285465763));
#11088=CARTESIAN_POINT('Ctrl Pts',(5.27782894206404,-0.933179039557752,
0.450827579450342));
#11089=CARTESIAN_POINT('Ctrl Pts',(5.27919606103471,-0.935050938475406,
0.457110046898247));
#11090=CARTESIAN_POINT('Ctrl Pts',(5.28057107564738,-0.936933648334914,
0.463428798030939));
#11091=CARTESIAN_POINT('Ctrl Pts',(5.28177334107868,-0.939139897621032,
0.469689609715546));
#11092=CARTESIAN_POINT('Ctrl Pts',(5.2828092138938,-0.941664668029859,0.475849584587288));
#11093=CARTESIAN_POINT('Ctrl Pts',(5.28384630449837,-0.944192406601096,
0.482016801228735));
#11094=CARTESIAN_POINT('Ctrl Pts',(5.28471667508129,-0.947038315260164,
0.488080331744033));
#11095=CARTESIAN_POINT('Ctrl Pts',(5.28543529399806,-0.950190387825271,
0.493999969507793));
#11096=CARTESIAN_POINT('Ctrl Pts',(5.28615027023126,-0.953326482515809,
0.499889600592541));
#11097=CARTESIAN_POINT('Ctrl Pts',(5.28671343900284,-0.956765306865855,
0.505633950092621));
#11098=CARTESIAN_POINT('Ctrl Pts',(5.28714416273456,-0.960468450282877,
0.511171922039642));
#11099=CARTESIAN_POINT('Ctrl Pts',(5.28757483214954,-0.964171126712178,
0.516709195616494));
#11100=CARTESIAN_POINT('Ctrl Pts',(5.28787712246833,-0.968173842364005,
0.522093872761576));
#11101=CARTESIAN_POINT('Ctrl Pts',(5.2880700364635,-0.972440934999215,0.527266776583434));
#11102=CARTESIAN_POINT('Ctrl Pts',(5.28826387521494,-0.976728482452395,
0.532464477337324));
#11103=CARTESIAN_POINT('Ctrl Pts',(5.28834840421659,-0.98128087765372,0.537447484064756));
#11104=CARTESIAN_POINT('Ctrl Pts',(5.28834840421659,-0.986072271559152,
0.542187127836942));
#11105=CARTESIAN_POINT('Origin',(5.08834840421659,0.373276312957457,0.399999999999999));
#11106=CARTESIAN_POINT('',(5.08834840421659,0.573276312957457,0.399999999999999));
#11107=CARTESIAN_POINT('',(5.26222381217689,0.173276312957457,0.399999999999999));
#11108=CARTESIAN_POINT('Ctrl Pts',(5.28834840421659,0.232624897473824,0.5421871278367));
#11109=CARTESIAN_POINT('Ctrl Pts',(5.28834840421658,0.227834323014943,0.537448294660499));
#11110=CARTESIAN_POINT('Ctrl Pts',(5.28826391477005,0.22327892957278,0.532462236610988));
#11111=CARTESIAN_POINT('Ctrl Pts',(5.28806981847555,0.218988746855374,0.52726094037958));
#11112=CARTESIAN_POINT('Ctrl Pts',(5.28787639708256,0.214713481737459,0.522077729824034));
#11113=CARTESIAN_POINT('Ctrl Pts',(5.28757328469089,0.210703214571269,0.51668203538396));
#11114=CARTESIAN_POINT('Ctrl Pts',(5.28714032215936,0.206988091601806,0.511122578436489));
#11115=CARTESIAN_POINT('Ctrl Pts',(5.28670875244111,0.203284919949733,0.505581005913046));
#11116=CARTESIAN_POINT('Ctrl Pts',(5.2861478997511,0.199866898997811,0.499867737195701));
#11117=CARTESIAN_POINT('Ctrl Pts',(5.28543368105872,0.196735936891328,0.493986677877397));
#11118=CARTESIAN_POINT('Ctrl Pts',(5.28471529675938,0.193586713770848,0.488071317886369));
#11119=CARTESIAN_POINT('Ctrl Pts',(5.28384564089553,0.190743165131197,0.482012256009187));
#11120=CARTESIAN_POINT('Ctrl Pts',(5.2828091946411,0.188217247059714,0.475849470196269));
#11121=CARTESIAN_POINT('Ctrl Pts',(5.28177216297365,0.185689902281036,0.469683203474386));
#11122=CARTESIAN_POINT('Ctrl Pts',(5.28056863889659,0.183481588779329,0.463415637116892));
#11123=CARTESIAN_POINT('Ctrl Pts',(5.27919142427562,0.181597219901174,0.457088749199126));
#11124=CARTESIAN_POINT('Ctrl Pts',(5.27782176285596,0.179723185663149,0.450796560490488));
#11125=CARTESIAN_POINT('Ctrl Pts',(5.27627993346503,0.17817210451313,0.444452088038612));
#11126=CARTESIAN_POINT('Ctrl Pts',(5.27457307990964,0.176942258970633,0.438117440169807));
#11127=CARTESIAN_POINT('Ctrl Pts',(5.27286506108004,0.175711573808778,0.431778467617297));
#11128=CARTESIAN_POINT('Ctrl Pts',(5.27097766099779,0.174792745540224,0.425397993129477));
#11129=CARTESIAN_POINT('Ctrl Pts',(5.26892029270074,0.174184748583061,0.419040719391762));
#11130=CARTESIAN_POINT('Ctrl Pts',(5.2668541214465,0.173574150161111,0.412656244491969));
#11131=CARTESIAN_POINT('Ctrl Pts',(5.26461856555355,0.173276312957457,0.40629690893463));
#11132=CARTESIAN_POINT('Ctrl Pts',(5.26222381217689,0.173276312957457,0.399999999999997));
#11133=CARTESIAN_POINT('',(5.02899981969998,0.173276312957457,0.399999999999999));
#11134=CARTESIAN_POINT('',(5.08834840421659,0.173276312957457,0.399999999999999));
#11135=CARTESIAN_POINT('Ctrl Pts',(5.08834840421659,0.232624897474068,0.542187127836942));
#11136=CARTESIAN_POINT('Ctrl Pts',(5.08834840421659,0.22749965617005,0.537117242432613));
#11137=CARTESIAN_POINT('Ctrl Pts',(5.08815493752491,0.22261771569337,0.531736628607301));
#11138=CARTESIAN_POINT('Ctrl Pts',(5.08770118014548,0.218046670376055,0.526110102942222));
#11139=CARTESIAN_POINT('Ctrl Pts',(5.0872474227945,0.213475625345279,0.520483577629846));
#11140=CARTESIAN_POINT('Ctrl Pts',(5.0865330389322,0.209219448070345,0.514615808954451));
#11141=CARTESIAN_POINT('Ctrl Pts',(5.08550680837358,0.205325264498105,0.508593026118106));
#11142=CARTESIAN_POINT('Ctrl Pts',(5.08345543791068,0.197541036002741,0.49655386132108));
#11143=CARTESIAN_POINT('Ctrl Pts',(5.08017262525349,0.191226025120079,0.483943648564245));
#11144=CARTESIAN_POINT('Ctrl Pts',(5.07528828143,0.186340782409888,0.471099278611072));
#11145=CARTESIAN_POINT('Ctrl Pts',(5.07407142239668,0.185123699432796,0.467899301670545));
#11146=CARTESIAN_POINT('Ctrl Pts',(5.07275985522503,0.18400042174655,0.46469814670484));
#11147=CARTESIAN_POINT('Ctrl Pts',(5.07135523282375,0.182970526171032,0.461511848579636));
#11148=CARTESIAN_POINT('Ctrl Pts',(5.0699506022508,0.181940624603886,0.458325531917493));
#11149=CARTESIAN_POINT('Ctrl Pts',(5.06845305995363,0.181004182290955,0.455154404403332));
#11150=CARTESIAN_POINT('Ctrl Pts',(5.06686654527447,0.180158239904783,0.452013554583729));
#11151=CARTESIAN_POINT('Ctrl Pts',(5.06528000762652,0.179312285271471,0.448872659292442));
#11152=CARTESIAN_POINT('Ctrl Pts',(5.06360466416534,0.178556866937607,0.44576233414126));
#11153=CARTESIAN_POINT('Ctrl Pts',(5.06184606255803,0.177886740371164,0.442695607842889));
#11154=CARTESIAN_POINT('Ctrl Pts',(5.06008739292743,0.177216587884004,0.439628762922527));
#11155=CARTESIAN_POINT('Ctrl Pts',(5.05823540396869,0.176627858117148,0.436587859458491));
#11156=CARTESIAN_POINT('Ctrl Pts',(5.05629278759838,0.176116152754373,0.433583794137964));
#11157=CARTESIAN_POINT('Ctrl Pts',(5.0524072442844,0.175092660220568,0.427575183225725));
#11158=CARTESIAN_POINT('Ctrl Pts',(5.04815900033219,0.174378805392548,0.421716882693206));
#11159=CARTESIAN_POINT('Ctrl Pts',(5.04359049606316,0.173924773556652,0.416092350311653));
#11160=CARTESIAN_POINT('Ctrl Pts',(5.03902205472837,0.173470747975354,0.410467895411856));
#11161=CARTESIAN_POINT('Ctrl Pts',(5.03413708323531,0.173276312957457,0.405081777787821));
#11162=CARTESIAN_POINT('Ctrl Pts',(5.02899981969998,0.173276312957457,0.4));
#11163=CARTESIAN_POINT('Origin',(5.08834840421659,0.573276312957457,-8.88178419700125E-16));
#11164=CARTESIAN_POINT('',(5.08834840421659,0.573276312957457,-8.88178419700125E-16));
#11165=CARTESIAN_POINT('Origin',(5.08834840421659,2.84827631295746,-8.88178419700125E-16));
#11166=CARTESIAN_POINT('',(4.88834840421659,2.64827631295746,-8.88178419700125E-16));
#11167=CARTESIAN_POINT('Origin',(4.88834840421659,2.44827631295746,-8.88178419700125E-16));
#11168=CARTESIAN_POINT('',(-2.71165159578341,2.64827631295746,-8.88178419700125E-16));
#11169=CARTESIAN_POINT('',(3.96334840421659,2.64827631295746,0.));
#11170=CARTESIAN_POINT('',(-2.91165159578341,2.44827631295746,-8.88178419700125E-16));
#11171=CARTESIAN_POINT('Origin',(-2.71165159578341,2.44827631295746,-8.88178419700125E-16));
#11172=CARTESIAN_POINT('',(-2.91165159578341,0.573276312957457,-8.88178419700125E-16));
#11173=CARTESIAN_POINT('',(-2.91165159578341,2.84827631295746,-8.88178419700125E-16));
#11174=CARTESIAN_POINT('',(-3.11165159578341,0.573276312957457,-8.88178419700125E-16));
#11175=CARTESIAN_POINT('',(-2.91165159578341,0.573276312957457,-8.88178419700125E-16));
#11176=CARTESIAN_POINT('',(-3.11165159578341,2.44827631295746,-8.88178419700125E-16));
#11177=CARTESIAN_POINT('',(-3.11165159578341,2.84827631295746,-8.88178419700125E-16));
#11178=CARTESIAN_POINT('',(-2.71165159578341,2.84827631295746,-8.88178419700125E-16));
#11179=CARTESIAN_POINT('Origin',(-2.71165159578341,2.44827631295746,-8.88178419700125E-16));
#11180=CARTESIAN_POINT('',(4.88834840421659,2.84827631295746,-8.88178419700125E-16));
#11181=CARTESIAN_POINT('',(-2.91165159578341,2.84827631295746,-8.88178419700125E-16));
#11182=CARTESIAN_POINT('Origin',(4.88834840421659,2.44827631295746,-8.88178419700125E-16));
#11183=CARTESIAN_POINT('Origin',(1.24795633953951,2.84827631295746,6.46893127553817));
#11184=CARTESIAN_POINT('',(3.96334840421659,2.84827631295746,6.25));
#11185=CARTESIAN_POINT('',(-1.78665159578341,2.84827631295746,6.25));
#11186=CARTESIAN_POINT('',(2.64332267659269,2.84827631295746,6.25));
#11187=CARTESIAN_POINT('',(3.96334840421659,2.84827631295746,6.));
#11188=CARTESIAN_POINT('',(3.96334840421659,2.84827631295746,6.65));
#11189=CARTESIAN_POINT('',(4.11334840421659,2.84827631295746,5.85));
#11190=CARTESIAN_POINT('Origin',(4.11334840421659,2.84827631295746,6.));
#11191=CARTESIAN_POINT('',(4.88834840421659,2.84827631295746,5.85));
#11192=CARTESIAN_POINT('',(3.96334840421659,2.84827631295746,5.85));
#11193=CARTESIAN_POINT('',(4.88834840421659,2.84827631295746,6.45));
#11194=CARTESIAN_POINT('',(-2.71165159578341,2.84827631295746,5.85));
#11195=CARTESIAN_POINT('',(-2.71165159578341,2.84827631295746,6.45));
#11196=CARTESIAN_POINT('',(-1.93665159578341,2.84827631295746,5.85));
#11197=CARTESIAN_POINT('',(-2.91165159578341,2.84827631295746,5.85));
#11198=CARTESIAN_POINT('',(-1.78665159578341,2.84827631295746,6.));
#11199=CARTESIAN_POINT('Origin',(-1.93665159578341,2.84827631295746,6.));
#11200=CARTESIAN_POINT('',(-1.78665159578341,2.84827631295746,6.65));
#11201=CARTESIAN_POINT('Origin',(4.88834840421659,2.44827631295746,6.45));
#11202=CARTESIAN_POINT('Origin',(4.88834840421659,2.44827631295746,5.85));
#11203=CARTESIAN_POINT('Origin',(5.08834840421659,2.64827631295746,5.85));
#11204=CARTESIAN_POINT('',(2.64332267659269,-1.25172368704254,5.85));
#11205=CARTESIAN_POINT('',(4.11334840421659,2.64827631295746,5.85));
#11206=CARTESIAN_POINT('',(4.11334840421659,1.57644650105631,5.85));
#11207=CARTESIAN_POINT('',(4.88834840421659,2.64827631295746,5.85));
#11208=CARTESIAN_POINT('',(3.96334840421659,2.64827631295746,5.85));
#11209=CARTESIAN_POINT('Origin',(4.88834840421659,2.44827631295746,5.85));
#11210=CARTESIAN_POINT('Origin',(2.64332267659269,-1.25172368704254,5.65));
#11211=CARTESIAN_POINT('',(2.64332267659269,-1.45172368704254,5.65));
#11212=CARTESIAN_POINT('Origin',(5.08834840421659,-3.05172368704254,5.45));
#11213=CARTESIAN_POINT('',(5.18834840421659,-2.85172368704254,5.45));
#11214=CARTESIAN_POINT('',(2.64332267659269,-1.65172368704254,5.45));
#11215=CARTESIAN_POINT('Origin',(2.64332267659269,-1.65172368704254,5.65));
#11216=CARTESIAN_POINT('Origin',(5.18834840421659,-2.95172368704254,5.35));
#11217=CARTESIAN_POINT('',(5.18834840421659,-3.05172368704254,5.25));
#11218=CARTESIAN_POINT('Origin',(5.08834840421659,-3.05172368704254,4.25));
#11219=CARTESIAN_POINT('Origin',(5.08834840421659,-1.45172368704254,4.25));
#11220=CARTESIAN_POINT('Origin',(5.08834840421659,-1.45172368704254,1.6));
#11221=CARTESIAN_POINT('Origin',(5.08834840421659,-3.05172368704254,1.6));
#11222=CARTESIAN_POINT('Origin',(5.08834840421659,-3.05172368704254,-8.88178419700125E-16));
#11223=CARTESIAN_POINT('Origin',(5.08834840421659,0.248276312957457,-8.88178419700125E-16));
#11224=CARTESIAN_POINT('Origin',(4.88834840421659,1.57644650105631,0.542187127836941));
#11225=CARTESIAN_POINT('',(4.85753118233443,0.173276312957457,0.143376021126676));
#11226=CARTESIAN_POINT('',(4.85753118233443,1.57644650105631,0.143376021126676));
#11227=CARTESIAN_POINT('Origin',(4.88834840421659,0.173276312957457,0.542187127836941));
#11228=CARTESIAN_POINT('Origin',(5.21637474286437,0.173276312957457,-0.74035917234822));
#11229=CARTESIAN_POINT('',(5.07293979327551,0.173276312957457,0.126730810281231));
#11230=CARTESIAN_POINT('',(4.87293979327551,0.173276312957457,0.34278157448181));
#11231=CARTESIAN_POINT('',(2.83834840421659,0.173276312957457,0.5));
#11232=CARTESIAN_POINT('Origin',(4.88834840421659,0.173276312957457,0.542187127836942));
#11233=CARTESIAN_POINT('Origin',(4.88834840421659,1.57644650105631,0.542187127836942));
#11234=CARTESIAN_POINT('',(4.87293979327551,1.57644650105631,0.34278157448181));
#11235=CARTESIAN_POINT('Origin',(5.28834840421659,0.173276312957457,0.110085599435784));
#11236=CARTESIAN_POINT('Origin',(-2.33665159578341,1.39827631295746,7.15));
#11237=CARTESIAN_POINT('',(-1.98665159578341,1.37524591366593,7.15));
#11238=CARTESIAN_POINT('',(-1.98665159578341,1.57644650105631,7.15));
#11239=CARTESIAN_POINT('Origin',(-1.83665159578341,0.898276312957457,7.15));
#11240=CARTESIAN_POINT('Origin',(3.93834840421659,0.173276312957457,0.415));
#11241=CARTESIAN_POINT('Origin',(0.,-1.17672368704254,6.3));
#11242=CARTESIAN_POINT('Origin',(-1.81165159578341,2.62327631295746,6.7));
#11243=CARTESIAN_POINT('',(-1.81165159578341,1.19827631295746,6.45));
#11244=CARTESIAN_POINT('',(-1.81165159578341,1.19827631295746,0.));
#11245=CARTESIAN_POINT('',(-1.81165159578341,2.22327631295746,6.45));
#11246=CARTESIAN_POINT('',(-1.81165159578341,0.548276312957457,6.45));
#11247=CARTESIAN_POINT('Origin',(-1.81165159578341,2.22327631295746,6.05));
#11248=CARTESIAN_POINT('Origin',(0.,-1.17672368704254,6.3));
#11249=CARTESIAN_POINT('Origin',(-1.78665159578341,1.19827631295746,6.45));
#11250=CARTESIAN_POINT('',(-1.78665159578341,1.39827631295746,6.95));
#11251=CARTESIAN_POINT('',(-1.78665159578341,1.19827631295746,6.95));
#11252=CARTESIAN_POINT('',(-1.78665159578341,1.57644650105631,6.95));
#11253=CARTESIAN_POINT('',(-1.78665159578341,1.39827631295746,6.85));
#11254=CARTESIAN_POINT('',(-1.78665159578341,1.39827631295746,6.45));
#11255=CARTESIAN_POINT('',(-1.78665159578341,1.59827631295746,6.65));
#11256=CARTESIAN_POINT('Origin',(-1.78665159578341,1.59827631295746,6.85));
#11257=CARTESIAN_POINT('',(-1.78665159578341,2.44827631295746,6.65));
#11258=CARTESIAN_POINT('',(-1.78665159578341,2.64827631295746,6.65));
#11259=CARTESIAN_POINT('Origin',(-1.78665159578341,2.44827631295746,6.25));
#11260=CARTESIAN_POINT('',(-1.78665159578341,2.64827631295746,6.));
#11261=CARTESIAN_POINT('',(-1.78665159578341,1.57644650105631,6.));
#11262=CARTESIAN_POINT('',(-1.78665159578341,2.64827631295746,6.05));
#11263=CARTESIAN_POINT('',(-1.78665159578341,2.64827631295746,6.65));
#11264=CARTESIAN_POINT('',(-1.78665159578341,2.60244297962412,6.17740737376184));
#11265=CARTESIAN_POINT('Origin',(-1.78665159578341,2.44827631295746,6.05));
#11266=CARTESIAN_POINT('',(-1.78665159578341,2.22327631295746,6.45));
#11267=CARTESIAN_POINT('Origin',(-1.78665159578341,2.22327631295746,6.05));
#11268=CARTESIAN_POINT('',(-1.78665159578341,1.19827631295746,6.45));
#11269=CARTESIAN_POINT('',(-1.78665159578341,0.,6.45));
#11270=CARTESIAN_POINT('',(-1.78665159578341,1.19827631295746,0.));
#11271=CARTESIAN_POINT('Origin',(2.64332267659269,2.44827631295746,6.05));
#11272=CARTESIAN_POINT('',(3.96334840421659,2.60244297962412,6.17740737376184));
#11273=CARTESIAN_POINT('',(0.,2.60244297962412,6.17740737376184));
#11274=CARTESIAN_POINT('',(3.96334840421659,2.64827631295746,6.05));
#11275=CARTESIAN_POINT('',(2.64332267659269,2.64827631295746,6.05));
#11276=CARTESIAN_POINT('Origin',(3.96334840421659,2.44827631295746,6.05));
#11277=CARTESIAN_POINT('Origin',(0.,0.,0.));
#11278=CARTESIAN_POINT('',(3.66334840421659,0.223276312957457,0.));
#11279=CARTESIAN_POINT('',(0.,0.223276312957457,0.));
#11280=CARTESIAN_POINT('',(3.66334840421659,2.08327631295746,0.));
#11281=CARTESIAN_POINT('',(3.66334840421659,0.,0.));
#11282=CARTESIAN_POINT('',(3.26334840421659,2.08327631295746,0.));
#11283=CARTESIAN_POINT('',(0.,2.08327631295746,0.));
#11284=CARTESIAN_POINT('',(3.26334840421659,0.223276312957457,0.));
#11285=CARTESIAN_POINT('',(3.26334840421659,0.,0.));
#11286=CARTESIAN_POINT('',(2.83834840421659,0.223276312957457,0.));
#11287=CARTESIAN_POINT('',(0.,0.223276312957457,0.));
#11288=CARTESIAN_POINT('',(2.83834840421659,0.,0.));
#11289=CARTESIAN_POINT('Origin',(3.46232699670863,2.25862048864747,6.45));
#11290=CARTESIAN_POINT('',(0.,2.22327631295746,6.45));
#11291=CARTESIAN_POINT('',(0.,1.19827631295746,6.45));
#11292=CARTESIAN_POINT('Origin',(3.98834840421659,1.19827631295746,6.7));
#11293=CARTESIAN_POINT('',(3.98834840421659,2.22327631295746,6.45));
#11294=CARTESIAN_POINT('Origin',(3.98834840421659,2.22327631295746,6.05));
#11295=CARTESIAN_POINT('',(3.98834840421659,1.19827631295746,6.45));
#11296=CARTESIAN_POINT('',(3.98834840421659,0.548276312957457,6.45));
#11297=CARTESIAN_POINT('',(3.98834840421659,1.19827631295746,0.));
#11298=CARTESIAN_POINT('Origin',(-0.661651595783413,-0.976723687042543,
0.5));
#11299=CARTESIAN_POINT('',(-1.76165159578341,-0.926723687042543,0.415));
#11300=CARTESIAN_POINT('',(0.,-0.926723687042543,0.551127623310537));
#11301=CARTESIAN_POINT('',(-1.76165159578341,0.173276312957457,0.415));
#11302=CARTESIAN_POINT('',(-1.76165159578341,0.,0.415));
#11303=CARTESIAN_POINT('',(0.,0.173276312957457,0.551127623310537));
#11304=CARTESIAN_POINT('',(-0.661651595783413,0.223276312957457,0.5));
#11305=CARTESIAN_POINT('',(-0.661651595783413,-0.976723687042543,0.5));
#11306=CARTESIAN_POINT('Origin',(0.,0.,0.));
#11307=CARTESIAN_POINT('',(3.66334840421659,-0.976723687042543,0.));
#11308=CARTESIAN_POINT('',(0.,-0.976723687042543,0.));
#11309=CARTESIAN_POINT('',(2.83834840421659,-0.976723687042543,0.));
#11310=CARTESIAN_POINT('',(2.83834840421659,0.,0.));
#11311=CARTESIAN_POINT('',(3.26334840421659,-0.976723687042543,0.));
#11312=CARTESIAN_POINT('',(0.,-0.976723687042543,0.));
#11313=CARTESIAN_POINT('',(3.26334840421659,-1.17672368704254,0.));
#11314=CARTESIAN_POINT('',(3.26334840421659,0.,0.));
#11315=CARTESIAN_POINT('',(3.66334840421659,-1.17672368704254,0.));
#11316=CARTESIAN_POINT('',(0.,-1.17672368704254,0.));
#11317=CARTESIAN_POINT('',(3.66334840421659,0.,0.));
#11318=CARTESIAN_POINT('Origin',(-1.8126154138245,0.223276312957457,0.191048228260785));
#11319=CARTESIAN_POINT('',(3.66334840421659,0.223276312957457,0.));
#11320=CARTESIAN_POINT('Origin',(5.82835080421659,-0.976723687042543,0.33));
#11321=CARTESIAN_POINT('',(-0.661651595783413,-0.976723687042543,0.));
#11322=CARTESIAN_POINT('',(-0.661651595783413,-0.976723687042543,0.5));
#11323=CARTESIAN_POINT('',(-0.661651595783413,-0.976723687042543,0.));
#11324=CARTESIAN_POINT('',(0.,-0.976723687042543,0.));
#11325=CARTESIAN_POINT('',(-0.661651595783413,-0.976723687042543,0.5));
#11326=CARTESIAN_POINT('Origin',(-1.8126154138245,0.223276312957457,0.191048228260785));
#11327=CARTESIAN_POINT('',(-0.661651595783413,0.223276312957457,0.5));
#11328=CARTESIAN_POINT('',(-0.661651595783413,0.223276312957457,0.));
#11329=CARTESIAN_POINT('',(-0.661651595783413,0.223276312957457,0.));
#11330=CARTESIAN_POINT('',(-0.661651595783413,0.223276312957457,0.5));
#11331=CARTESIAN_POINT('',(0.,0.223276312957457,0.));
#11332=CARTESIAN_POINT('Origin',(5.82835080421659,-0.976723687042543,0.33));
#11333=CARTESIAN_POINT('',(2.83834840421659,-0.976723687042543,0.));
#11334=CARTESIAN_POINT('',(3.26334840421659,-0.976723687042543,0.));
#11335=CARTESIAN_POINT('Origin',(4.01334840421659,0.898276312957457,6.45));
#11336=CARTESIAN_POINT('',(4.01334840421659,1.19827631295746,7.08228756555323));
#11337=CARTESIAN_POINT('',(4.01334840421659,1.19827631295746,6.45));
#11338=CARTESIAN_POINT('',(4.16334840421659,1.15808393409279,7.15));
#11339=CARTESIAN_POINT('Ctrl Pts',(4.01334840421658,1.19827631295746,7.08228756555322));
#11340=CARTESIAN_POINT('Ctrl Pts',(4.01822702296613,1.19827631295746,7.08781939924729));
#11341=CARTESIAN_POINT('Ctrl Pts',(4.02341133675474,1.19815689229204,7.09307885358524));
#11342=CARTESIAN_POINT('Ctrl Pts',(4.02884690551189,1.1978757062439,7.09801806256737));
#11343=CARTESIAN_POINT('Ctrl Pts',(4.03428804355,1.19759423209268,7.10296233226048));
#11344=CARTESIAN_POINT('Ctrl Pts',(4.03995176893828,1.19715346972526,7.10756436681494));
#11345=CARTESIAN_POINT('Ctrl Pts',(4.04585764769593,1.19650969319582,7.11185154349652));
#11346=CARTESIAN_POINT('Ctrl Pts',(4.05176900958789,1.19586531897156,7.11614270047747));
#11347=CARTESIAN_POINT('Ctrl Pts',(4.05793201913478,1.19501472679304,7.12011951513419));
#11348=CARTESIAN_POINT('Ctrl Pts',(4.06427177706869,1.19392274046402,7.12373491863489));
#11349=CARTESIAN_POINT('Ctrl Pts',(4.07061149839339,1.19283076044073,7.12735030125828));
#11350=CARTESIAN_POINT('Ctrl Pts',(4.07712302351031,1.19149775931732,7.13060139261354));
#11351=CARTESIAN_POINT('Ctrl Pts',(4.08371746976153,1.18990654906878,7.13346365928394));
#11352=CARTESIAN_POINT('Ctrl Pts',(4.09031444411327,1.18831472880095,7.13632702325616));
#11353=CARTESIAN_POINT('Ctrl Pts',(4.09697858471434,1.18646899303967,7.13879616613781));
#11354=CARTESIAN_POINT('Ctrl Pts',(4.10365580228717,1.18436121967873,7.14088424050952));
#11355=CARTESIAN_POINT('Ctrl Pts',(4.11034498952629,1.1822496678961,7.14297605799026));
#11356=CARTESIAN_POINT('Ctrl Pts',(4.11709701879825,1.17985883440633,7.14469983155788));
#11357=CARTESIAN_POINT('Ctrl Pts',(4.12383288786534,1.17719059884632,7.14605745068093));
#11358=CARTESIAN_POINT('Ctrl Pts',(4.13056857648774,1.17452243476469,7.14741503343522));
#11359=CARTESIAN_POINT('Ctrl Pts',(4.13728319613996,1.17157854414168,7.14840551937176));
#11360=CARTESIAN_POINT('Ctrl Pts',(4.14389587902583,1.16838250840832,7.14905175021513));
#11361=CARTESIAN_POINT('Ctrl Pts',(4.1505086716472,1.16518641963769,7.14969799178251));
#11362=CARTESIAN_POINT('Ctrl Pts',(4.15701537591316,1.16174030968855,7.15));
#11363=CARTESIAN_POINT('Ctrl Pts',(4.16334840421659,1.15808393409279,7.15));
#11364=CARTESIAN_POINT('',(4.31334840421659,0.898276312957457,7.15));
#11365=CARTESIAN_POINT('Origin',(4.01334840421659,0.898276312957457,7.15));
#11366=CARTESIAN_POINT('',(4.31334840421659,0.898276312957457,6.45));
#11367=CARTESIAN_POINT('Origin',(1.99612279436057,0.580415677001699,12.8));
#11368=CARTESIAN_POINT('',(3.60259667371236,0.0273606012504724,12.8));
#11369=CARTESIAN_POINT('',(4.08385345249749,0.50583048623103,12.8));
#11370=CARTESIAN_POINT('',(0.,-3.55437391572372,12.8));
#11371=CARTESIAN_POINT('',(4.11334840421659,0.576746197938014,12.8));
#11372=CARTESIAN_POINT('Origin',(4.01334840421659,0.576746197938014,12.8));
#11373=CARTESIAN_POINT('',(4.11334840421659,0.898276312957457,12.8));
#11374=CARTESIAN_POINT('',(4.11334840421659,0.,12.8));
#11375=CARTESIAN_POINT('',(4.01334840421659,0.998276312957457,12.8));
#11376=CARTESIAN_POINT('Origin',(4.01334840421659,0.898276312957457,12.8));
#11377=CARTESIAN_POINT('',(-1.83665159578341,0.998276312957457,12.8));
#11378=CARTESIAN_POINT('',(0.,0.998276312957457,12.8));
#11379=CARTESIAN_POINT('',(-1.93665159578341,0.898276312957457,12.8));
#11380=CARTESIAN_POINT('Origin',(-1.83665159578341,0.898276312957457,12.8));
#11381=CARTESIAN_POINT('',(-1.93665159578341,0.576331601890934,12.8));
#11382=CARTESIAN_POINT('',(-1.93665159578341,0.,12.8));
#11383=CARTESIAN_POINT('',(-1.90713306767065,0.505392458108329,12.8));
#11384=CARTESIAN_POINT('Origin',(-1.83665159578341,0.576331601890934,12.8));
#11385=CARTESIAN_POINT('',(-1.42597352361422,0.0273371691748518,12.8));
#11386=CARTESIAN_POINT('',(0.,-1.38943652525476,12.8));
#11387=CARTESIAN_POINT('',(-1.35549205172699,-0.00172368704254341,12.8));
#11388=CARTESIAN_POINT('Origin',(-1.35549205172699,0.0982763129574566,12.8));
#11389=CARTESIAN_POINT('',(3.53209162543146,-0.00172368704254341,12.8));
#11390=CARTESIAN_POINT('',(0.,-0.00172368704254339,12.8));
#11391=CARTESIAN_POINT('Origin',(3.53209162543146,0.0982763129574566,12.8));
#11392=CARTESIAN_POINT('Origin',(0.,0.,0.));
#11393=CARTESIAN_POINT('',(-0.661651595783413,0.,0.));
#11394=CARTESIAN_POINT('',(0.,-0.976723687042543,0.));
#11395=CARTESIAN_POINT('',(0.,-1.17672368704254,0.));
#11396=CARTESIAN_POINT('Origin',(-0.661651595783413,-1.99672608704254,0.9));
#11397=CARTESIAN_POINT('',(-0.661651595783413,0.,0.5));
#11398=CARTESIAN_POINT('',(-0.661651595783413,0.,0.));
#11399=CARTESIAN_POINT('',(-0.661651595783413,-1.07672368704254,0.9));
#11400=CARTESIAN_POINT('',(-0.661651595783413,-1.99672608704254,0.9));
#11401=CARTESIAN_POINT('',(-0.661651595783413,-1.07672368704254,2.));
#11402=CARTESIAN_POINT('',(-0.661651595783413,-1.07672368704254,0.));
#11403=CARTESIAN_POINT('',(-0.661651595783413,-1.57672368704254,2.));
#11404=CARTESIAN_POINT('Origin',(2.83834840421659,-1.99672608704254,0.9));
#11405=CARTESIAN_POINT('',(2.83834840421659,-1.07672368704254,0.9));
#11406=CARTESIAN_POINT('',(2.83834840421659,-1.99672608704254,0.9));
#11407=CARTESIAN_POINT('',(2.46334840421659,-1.07672368704254,0.9));
#11408=CARTESIAN_POINT('',(0.,-1.07672368704254,0.9));
#11409=CARTESIAN_POINT('',(2.46334840421659,1.19827631295746,0.9));
#11410=CARTESIAN_POINT('',(2.46334840421659,0.,0.9));
#11411=CARTESIAN_POINT('',(2.31334840421659,1.19827631295746,0.9));
#11412=CARTESIAN_POINT('',(0.,1.19827631295746,0.9));
#11413=CARTESIAN_POINT('',(2.31334840421659,-1.07672368704254,0.9));
#11414=CARTESIAN_POINT('',(2.31334840421659,0.,0.9));
#11415=CARTESIAN_POINT('',(1.81334840421659,-1.07672368704254,0.9));
#11416=CARTESIAN_POINT('',(0.,-1.07672368704254,0.9));
#11417=CARTESIAN_POINT('',(1.81334840421659,1.19827631295746,0.9));
#11418=CARTESIAN_POINT('',(1.81334840421659,0.,0.9));
#11419=CARTESIAN_POINT('',(1.66334840421659,1.19827631295746,0.9));
#11420=CARTESIAN_POINT('',(0.,1.19827631295746,0.9));
#11421=CARTESIAN_POINT('',(1.66334840421659,-1.07672368704254,0.9));
#11422=CARTESIAN_POINT('',(1.66334840421659,0.,0.9));
#11423=CARTESIAN_POINT('',(1.16334840421659,-1.07672368704254,0.9));
#11424=CARTESIAN_POINT('',(0.,-1.07672368704254,0.9));
#11425=CARTESIAN_POINT('',(1.16334840421659,1.19827631295746,0.9));
#11426=CARTESIAN_POINT('',(1.16334840421659,0.,0.9));
#11427=CARTESIAN_POINT('',(1.01334840421659,1.19827631295746,0.9));
#11428=CARTESIAN_POINT('',(0.,1.19827631295746,0.9));
#11429=CARTESIAN_POINT('',(1.01334840421659,-1.07672368704254,0.9));
#11430=CARTESIAN_POINT('',(1.01334840421659,0.,0.9));
#11431=CARTESIAN_POINT('',(0.513348404216587,-1.07672368704254,0.9));
#11432=CARTESIAN_POINT('',(0.,-1.07672368704254,0.9));
#11433=CARTESIAN_POINT('',(0.513348404216587,1.19827631295746,0.9));
#11434=CARTESIAN_POINT('',(0.513348404216587,0.,0.9));
#11435=CARTESIAN_POINT('',(0.363348404216587,1.19827631295746,0.9));
#11436=CARTESIAN_POINT('',(0.,1.19827631295746,0.9));
#11437=CARTESIAN_POINT('',(0.363348404216587,-1.07672368704254,0.9));
#11438=CARTESIAN_POINT('',(0.363348404216587,0.,0.9));
#11439=CARTESIAN_POINT('',(-0.136651595783413,-1.07672368704254,0.9));
#11440=CARTESIAN_POINT('',(0.,-1.07672368704254,0.9));
#11441=CARTESIAN_POINT('',(-0.136651595783413,1.19827631295746,0.9));
#11442=CARTESIAN_POINT('',(-0.136651595783413,0.,0.9));
#11443=CARTESIAN_POINT('',(-0.286651595783413,1.19827631295746,0.9));
#11444=CARTESIAN_POINT('',(0.,1.19827631295746,0.9));
#11445=CARTESIAN_POINT('',(-0.286651595783413,-1.07672368704254,0.9));
#11446=CARTESIAN_POINT('',(-0.286651595783413,0.,0.9));
#11447=CARTESIAN_POINT('',(0.,-1.07672368704254,0.9));
#11448=CARTESIAN_POINT('Origin',(1.17029330526133,-1.07672368704254,3.28567333723679));
#11449=CARTESIAN_POINT('',(2.83834840421659,-1.07672368704254,2.));
#11450=CARTESIAN_POINT('',(-2.46165159578341,-1.07672368704254,2.));
#11451=CARTESIAN_POINT('',(-0.286651595783413,-1.07672368704254,1.65));
#11452=CARTESIAN_POINT('',(-0.286651595783413,-1.07672368704254,0.));
#11453=CARTESIAN_POINT('',(-0.136651595783413,-1.07672368704254,1.65));
#11454=CARTESIAN_POINT('',(0.,-1.07672368704254,1.65));
#11455=CARTESIAN_POINT('',(-0.136651595783413,-1.07672368704254,0.));
#11456=CARTESIAN_POINT('',(0.363348404216587,-1.07672368704254,1.35));
#11457=CARTESIAN_POINT('',(0.363348404216587,-1.07672368704254,0.));
#11458=CARTESIAN_POINT('',(0.513348404216587,-1.07672368704254,1.35));
#11459=CARTESIAN_POINT('',(0.,-1.07672368704254,1.35));
#11460=CARTESIAN_POINT('',(0.513348404216587,-1.07672368704254,0.));
#11461=CARTESIAN_POINT('',(1.01334840421659,-1.07672368704254,1.35));
#11462=CARTESIAN_POINT('',(1.01334840421659,-1.07672368704254,0.));
#11463=CARTESIAN_POINT('',(1.16334840421659,-1.07672368704254,1.35));
#11464=CARTESIAN_POINT('',(0.,-1.07672368704254,1.35));
#11465=CARTESIAN_POINT('',(1.16334840421659,-1.07672368704254,0.));
#11466=CARTESIAN_POINT('',(1.66334840421659,-1.07672368704254,1.35));
#11467=CARTESIAN_POINT('',(1.66334840421659,-1.07672368704254,0.));
#11468=CARTESIAN_POINT('',(1.81334840421659,-1.07672368704254,1.35));
#11469=CARTESIAN_POINT('',(0.,-1.07672368704254,1.35));
#11470=CARTESIAN_POINT('',(1.81334840421659,-1.07672368704254,0.));
#11471=CARTESIAN_POINT('',(2.31334840421659,-1.07672368704254,1.65));
#11472=CARTESIAN_POINT('',(2.31334840421659,-1.07672368704254,0.));
#11473=CARTESIAN_POINT('',(2.46334840421659,-1.07672368704254,1.65));
#11474=CARTESIAN_POINT('',(0.,-1.07672368704254,1.65));
#11475=CARTESIAN_POINT('',(2.46334840421659,-1.07672368704254,0.));
#11476=CARTESIAN_POINT('',(2.83834840421659,-1.07672368704254,0.));
#11477=CARTESIAN_POINT('Origin',(0.,0.,0.));
#11478=CARTESIAN_POINT('',(0.,0.223276312957457,0.));
#11479=CARTESIAN_POINT('Origin',(0.,2.22327631295746,6.05));
#11480=CARTESIAN_POINT('',(3.96334840421659,2.22327631295746,6.45));
#11481=CARTESIAN_POINT('Origin',(3.96334840421659,2.22327631295746,6.05));
#11482=CARTESIAN_POINT('',(0.,2.22327631295746,6.45));
#11483=CARTESIAN_POINT('Origin',(-1.83665159578341,1.19827631295746,6.45));
#11484=CARTESIAN_POINT('',(3.96334840421659,1.19827631295746,6.45));
#11485=CARTESIAN_POINT('',(0.,1.19827631295746,6.45));
#11486=CARTESIAN_POINT('',(3.96334840421659,1.19827631295746,6.95));
#11487=CARTESIAN_POINT('',(3.96334840421659,1.19827631295746,0.));
#11488=CARTESIAN_POINT('Origin',(4.16334840421659,1.19827631295746,6.95));
#11489=CARTESIAN_POINT('Origin',(2.31334840421659,-1.57672368704254,-0.75));
#11490=CARTESIAN_POINT('',(2.31334840421659,-1.57672368704254,-0.6));
#11491=CARTESIAN_POINT('',(2.46334840421659,-1.57672368704254,-0.6));
#11492=CARTESIAN_POINT('',(2.31334840421659,-1.57672368704254,-0.6));
#11493=CARTESIAN_POINT('',(2.46334840421659,-1.57672368704254,1.35));
#11494=CARTESIAN_POINT('',(2.46334840421659,-1.57672368704254,0.75));
#11495=CARTESIAN_POINT('',(2.31334840421659,-1.57672368704254,1.35));
#11496=CARTESIAN_POINT('',(2.31334840421659,-1.57672368704254,1.35));
#11497=CARTESIAN_POINT('',(2.31334840421659,-1.57672368704254,0.75));
#11498=CARTESIAN_POINT('Origin',(-1.83665159578341,1.19827631295746,6.45));
#11499=CARTESIAN_POINT('Origin',(-1.98665159578341,1.19827631295746,6.95));
#11500=CARTESIAN_POINT('Origin',(2.46334840421659,1.67141758169135,0.266881747456152));
#11501=CARTESIAN_POINT('',(2.46334840421659,-1.27672368704254,1.65));
#11502=CARTESIAN_POINT('',(2.46334840421659,-1.57672368704254,1.65));
#11503=CARTESIAN_POINT('Origin',(2.46334840421659,-1.27672368704254,1.35));
#11504=CARTESIAN_POINT('',(2.46334840421659,-1.42672368704254,-0.75));
#11505=CARTESIAN_POINT('Origin',(2.46334840421659,-1.42672368704254,-0.6));
#11506=CARTESIAN_POINT('',(2.46334840421659,-1.17672368704254,-0.75));
#11507=CARTESIAN_POINT('',(2.46334840421659,-1.07672368704254,-0.75));
#11508=CARTESIAN_POINT('',(2.46334840421659,-1.17672368704254,0.55));
#11509=CARTESIAN_POINT('',(2.46334840421659,-1.17672368704254,0.75));
#11510=CARTESIAN_POINT('',(2.46334840421659,-0.976723687042543,0.75));
#11511=CARTESIAN_POINT('Origin',(2.46334840421659,-0.976723687042543,0.55));
#11512=CARTESIAN_POINT('',(2.46334840421659,0.548276312957457,0.75));
#11513=CARTESIAN_POINT('',(2.46334840421659,-1.99672608704254,0.75));
#11514=CARTESIAN_POINT('',(2.46334840421659,0.734878853335901,0.8));
#11515=CARTESIAN_POINT('Origin',(2.46334840421659,0.648276312957457,0.75));
#11516=CARTESIAN_POINT('',(2.46334840421659,1.19827631295746,0.8));
#11517=CARTESIAN_POINT('',(2.46334840421659,1.67141758169135,0.8));
#11518=CARTESIAN_POINT('',(2.46334840421659,1.19827631295746,6.3));
#11519=CARTESIAN_POINT('Origin',(4.31334840421659,0.898276312957457,6.45));
#11520=CARTESIAN_POINT('',(4.31334840421659,0.798276312957457,7.15));
#11521=CARTESIAN_POINT('',(4.31334840421659,0.,7.15));
#11522=CARTESIAN_POINT('',(4.31334840421659,0.798276312957457,0.));
#11523=CARTESIAN_POINT('Origin',(0.,0.998276312957457,12.6));
#11524=CARTESIAN_POINT('Origin',(4.01334840421659,0.998276312957457,12.6));
#11525=CARTESIAN_POINT('Origin',(-1.83665159578341,0.998276312957457,12.6));
#11526=CARTESIAN_POINT('Origin',(0.,-0.00172368704254339,12.6));
#11527=CARTESIAN_POINT('Origin',(-1.35549205172699,-0.00172368704254339,
12.6));
#11528=CARTESIAN_POINT('Origin',(3.53209162543146,-0.00172368704254339,
12.6));
#11529=CARTESIAN_POINT('Origin',(-1.93665159578341,0.,12.6));
#11530=CARTESIAN_POINT('Origin',(-1.93665159578341,0.898276312957457,12.6));
#11531=CARTESIAN_POINT('Origin',(-1.93665159578341,0.576331601890934,12.6));
#11532=CARTESIAN_POINT('Ctrl Pts',(3.53209162543146,-0.174928767799433,
12.7));
#11533=CARTESIAN_POINT('Ctrl Pts',(3.64479242524075,-0.174928767799433,
12.7));
#11534=CARTESIAN_POINT('Ctrl Pts',(3.72471499952498,-0.0954690144809287,
12.7));
#11535=CARTESIAN_POINT('Ctrl Pts',(3.53209162543146,-0.11719374088047,12.8));
#11536=CARTESIAN_POINT('Ctrl Pts',(3.62097594389,-0.11719374088047,12.8));
#11537=CARTESIAN_POINT('Ctrl Pts',(3.68400889092077,-0.0545258092371283,
12.8));
#11538=CARTESIAN_POINT('Ctrl Pts',(3.53209162543146,-0.00172368704254348,
12.8));
#11539=CARTESIAN_POINT('Ctrl Pts',(3.57334298118849,-0.00172368704254347,
12.8));
#11540=CARTESIAN_POINT('Ctrl Pts',(3.60259667371236,0.0273606012504737,
12.8));
#11541=CARTESIAN_POINT('Origin',(3.60259667371236,0.0273606012504722,12.6));
#11542=CARTESIAN_POINT('Ctrl Pts',(-1.83665159578341,1.17148139371435,12.7));
#11543=CARTESIAN_POINT('Ctrl Pts',(-2.1098566765403,1.17148139371435,12.7));
#11544=CARTESIAN_POINT('Ctrl Pts',(-2.1098566765403,0.898276312957457,12.7));
#11545=CARTESIAN_POINT('Ctrl Pts',(-1.83665159578341,1.11374636679538,12.8));
#11546=CARTESIAN_POINT('Ctrl Pts',(-2.05212164962134,1.11374636679538,12.8));
#11547=CARTESIAN_POINT('Ctrl Pts',(-2.05212164962134,0.898276312957457,
12.8));
#11548=CARTESIAN_POINT('Ctrl Pts',(-1.83665159578341,0.998276312957457,
12.8));
#11549=CARTESIAN_POINT('Ctrl Pts',(-1.93665159578341,0.998276312957457,
12.8));
#11550=CARTESIAN_POINT('Ctrl Pts',(-1.93665159578341,0.898276312957457,
12.8));
#11551=CARTESIAN_POINT('Ctrl Pts',(-2.1098566765403,0.576331601890934,12.7));
#11552=CARTESIAN_POINT('Ctrl Pts',(-2.1098566765403,0.462648077860998,12.7));
#11553=CARTESIAN_POINT('Ctrl Pts',(-2.02921055797157,0.382522256831423,
12.7));
#11554=CARTESIAN_POINT('Ctrl Pts',(-2.05212164962134,0.576331601890934,
12.8));
#11555=CARTESIAN_POINT('Ctrl Pts',(-2.05212164962134,0.486672233275412,
12.8));
#11556=CARTESIAN_POINT('Ctrl Pts',(-1.98851806120459,0.423478990590391,
12.8));
#11557=CARTESIAN_POINT('Ctrl Pts',(-1.93665159578341,0.576331601890934,
12.8));
#11558=CARTESIAN_POINT('Ctrl Pts',(-1.93665159578341,0.534720544104239,
12.8));
#11559=CARTESIAN_POINT('Ctrl Pts',(-1.90713306767064,0.505392458108329,
12.8));
#11560=CARTESIAN_POINT('Origin',(-1.90713306767065,0.505392458108329,12.6));
#11561=CARTESIAN_POINT('Ctrl Pts',(4.28655348497348,0.898276312957457,12.7));
#11562=CARTESIAN_POINT('Ctrl Pts',(4.28655348497348,1.17148139371435,12.7));
#11563=CARTESIAN_POINT('Ctrl Pts',(4.01334840421659,1.17148139371435,12.7));
#11564=CARTESIAN_POINT('Ctrl Pts',(4.22881845805452,0.898276312957457,12.8));
#11565=CARTESIAN_POINT('Ctrl Pts',(4.22881845805452,1.11374636679538,12.8));
#11566=CARTESIAN_POINT('Ctrl Pts',(4.01334840421659,1.11374636679538,12.8));
#11567=CARTESIAN_POINT('Ctrl Pts',(4.11334840421659,0.898276312957457,12.8));
#11568=CARTESIAN_POINT('Ctrl Pts',(4.11334840421659,0.998276312957457,12.8));
#11569=CARTESIAN_POINT('Ctrl Pts',(4.01334840421659,0.998276312957457,12.8));
#11570=CARTESIAN_POINT('Origin',(4.11334840421659,0.898276312957457,12.6));
#11571=CARTESIAN_POINT('Ctrl Pts',(-1.54805101391515,-0.0955330321020544,
12.7));
#11572=CARTESIAN_POINT('Ctrl Pts',(-1.46813972149247,-0.174928767799431,
12.7));
#11573=CARTESIAN_POINT('Ctrl Pts',(-1.35549205172699,-0.174928767799431,
12.7));
#11574=CARTESIAN_POINT('Ctrl Pts',(-1.50735851714817,-0.0545762983430852,
12.8));
#11575=CARTESIAN_POINT('Ctrl Pts',(-1.44433446784107,-0.117193740880468,
12.8));
#11576=CARTESIAN_POINT('Ctrl Pts',(-1.35549205172699,-0.117193740880468,
12.8));
#11577=CARTESIAN_POINT('Ctrl Pts',(-1.42597352361422,0.0273371691748535,
12.8));
#11578=CARTESIAN_POINT('Ctrl Pts',(-1.39672396053827,-0.00172368704254071,
12.8));
#11579=CARTESIAN_POINT('Ctrl Pts',(-1.35549205172699,-0.00172368704254071,
12.8));
#11580=CARTESIAN_POINT('Origin',(-1.42597352361422,0.0273371691748517,12.6));
#11581=CARTESIAN_POINT('Origin',(4.11334840421659,0.,12.6));
#11582=CARTESIAN_POINT('Origin',(4.11334840421659,0.576746197938014,12.6));
#11583=CARTESIAN_POINT('Origin',(0.,-1.38943652525476,12.6));
#11584=CARTESIAN_POINT('Ctrl Pts',(4.2059717783101,0.383000870499625,12.7));
#11585=CARTESIAN_POINT('Ctrl Pts',(4.28655348497348,0.463115939249601,12.7));
#11586=CARTESIAN_POINT('Ctrl Pts',(4.28655348497348,0.576746197938014,12.7));
#11587=CARTESIAN_POINT('Ctrl Pts',(4.1652656697059,0.423944075743427,12.8));
#11588=CARTESIAN_POINT('Ctrl Pts',(4.22881845805452,0.487128838372887,12.8));
#11589=CARTESIAN_POINT('Ctrl Pts',(4.22881845805452,0.576746197938014,12.8));
#11590=CARTESIAN_POINT('Ctrl Pts',(4.08385345249749,0.50583048623103,12.8));
#11591=CARTESIAN_POINT('Ctrl Pts',(4.11334840421659,0.535154636619458,12.8));
#11592=CARTESIAN_POINT('Ctrl Pts',(4.11334840421659,0.576746197938014,12.8));
#11593=CARTESIAN_POINT('Origin',(4.08385345249749,0.505830486231031,12.6));
#11594=CARTESIAN_POINT('Origin',(0.,-3.55437391572372,12.6));
#11595=CARTESIAN_POINT('Origin',(2.83834840421659,-1.57672368704254,2.));
#11596=CARTESIAN_POINT('',(2.83834840421659,-1.57672368704254,2.));
#11597=CARTESIAN_POINT('Origin',(2.83834840421659,-1.57672368704254,0.9));
#11598=CARTESIAN_POINT('',(2.83834840421659,0.223276312957457,0.));
#11599=CARTESIAN_POINT('Origin',(-1.8126154138245,0.223276312957457,0.191048228260785));
#11600=CARTESIAN_POINT('',(3.26334840421659,0.223276312957457,0.));
#11601=CARTESIAN_POINT('Origin',(5.82835080421659,-0.976723687042543,0.33));
#11602=CARTESIAN_POINT('',(3.66334840421659,-0.976723687042543,0.));
#11603=CARTESIAN_POINT('Origin',(3.16334840421659,5.17327631295746,7.96392767440071));
#11604=CARTESIAN_POINT('',(3.26334840421659,1.19827631295746,8.410441951888));
#11605=CARTESIAN_POINT('',(3.66334840421659,1.19827631295746,8.410441951888));
#11606=CARTESIAN_POINT('',(3.16334840421659,1.19827631295746,8.410441951888));
#11607=CARTESIAN_POINT('',(3.26334840421659,1.22935277112509,8.63136088917234));
#11608=CARTESIAN_POINT('Origin',(3.26334840421659,5.17327631295746,7.96392767440071));
#11609=CARTESIAN_POINT('',(3.66334840421659,1.22935277112509,8.63136088917234));
#11610=CARTESIAN_POINT('',(3.16334840421659,1.22935277112509,8.63136088917234));
#11611=CARTESIAN_POINT('Origin',(3.66334840421659,5.17327631295746,7.96392767440071));
#11612=CARTESIAN_POINT('Origin',(3.66334840421659,1.69329998274547,8.40272818962931));
#11613=CARTESIAN_POINT('',(3.66334840421659,1.19827631295746,11.77));
#11614=CARTESIAN_POINT('',(3.66334840421659,1.19827631295746,0.));
#11615=CARTESIAN_POINT('',(3.66334840421659,1.47990922454573,10.1119217502943));
#11616=CARTESIAN_POINT('',(3.66334840421659,1.17327631295746,8.3));
#11617=CARTESIAN_POINT('',(3.66334840421659,1.64101944022461,10.2752676622047));
#11618=CARTESIAN_POINT('Origin',(3.66334840421659,1.67710540163734,10.0785500895557));
#11619=CARTESIAN_POINT('',(3.66334840421659,1.85034078401701,10.313665665155));
#11620=CARTESIAN_POINT('',(3.66334840421659,1.50327631295746,10.25));
#11621=CARTESIAN_POINT('',(3.66334840421659,1.97327631295746,10.4612038446418));
#11622=CARTESIAN_POINT('Origin',(3.66334840421659,1.82327631295746,10.4612038446418));
#11623=CARTESIAN_POINT('',(3.66334840421659,1.97327631295746,10.57));
#11624=CARTESIAN_POINT('',(3.66334840421659,1.97327631295746,5.15));
#11625=CARTESIAN_POINT('',(3.66334840421659,1.24174215680011,11.77));
#11626=CARTESIAN_POINT('Origin',(3.66334840421659,0.623276312957457,10.57));
#11627=CARTESIAN_POINT('',(3.66334840421659,-1.17672368704254,11.77));
#11628=CARTESIAN_POINT('Origin',(3.26334840421659,1.69329998274547,8.40272818962931));
#11629=CARTESIAN_POINT('',(3.26334840421659,1.19827631295746,11.77));
#11630=CARTESIAN_POINT('',(3.26334840421659,1.19827631295746,0.));
#11631=CARTESIAN_POINT('',(3.26334840421659,1.24174215680011,11.77));
#11632=CARTESIAN_POINT('',(3.26334840421659,-1.17672368704254,11.77));
#11633=CARTESIAN_POINT('',(3.26334840421659,1.97327631295746,10.57));
#11634=CARTESIAN_POINT('Origin',(3.26334840421659,0.623276312957457,10.57));
#11635=CARTESIAN_POINT('',(3.26334840421659,1.97327631295746,10.4612038446418));
#11636=CARTESIAN_POINT('',(3.26334840421659,1.97327631295746,5.15));
#11637=CARTESIAN_POINT('',(3.26334840421659,1.85034078401701,10.313665665155));
#11638=CARTESIAN_POINT('Origin',(3.26334840421659,1.82327631295746,10.4612038446418));
#11639=CARTESIAN_POINT('',(3.26334840421659,1.64101944022461,10.2752676622047));
#11640=CARTESIAN_POINT('',(3.26334840421659,1.50327631295746,10.25));
#11641=CARTESIAN_POINT('',(3.26334840421659,1.47990922454573,10.1119217502943));
#11642=CARTESIAN_POINT('Origin',(3.26334840421659,1.67710540163734,10.0785500895557));
#11643=CARTESIAN_POINT('',(3.26334840421659,1.17327631295746,8.3));
#11644=CARTESIAN_POINT('Origin',(3.16334840421659,1.97327631295746,10.57));
#11645=CARTESIAN_POINT('',(3.16334840421659,1.97327631295746,10.57));
#11646=CARTESIAN_POINT('',(3.16334840421659,1.97327631295746,10.4612038446418));
#11647=CARTESIAN_POINT('Origin',(3.16334840421659,1.17327631295746,11.77));
#11648=CARTESIAN_POINT('',(0.,1.19827631295746,11.77));
#11649=CARTESIAN_POINT('',(3.16334840421659,1.24174215680011,11.77));
#11650=CARTESIAN_POINT('Origin',(3.16334840421659,0.623276312957457,10.57));
#11651=CARTESIAN_POINT('Origin',(3.16334840421659,1.50327631295746,10.25));
#11652=CARTESIAN_POINT('',(3.16334840421659,1.47990922454573,10.1119217502943));
#11653=CARTESIAN_POINT('Origin',(3.16334840421659,1.67710540163734,10.0785500895557));
#11654=CARTESIAN_POINT('',(3.16334840421659,1.64101944022461,10.2752676622047));
#11655=CARTESIAN_POINT('Origin',(3.16334840421659,1.97327631295746,10.3362170147567));
#11656=CARTESIAN_POINT('',(3.16334840421659,1.85034078401701,10.313665665155));
#11657=CARTESIAN_POINT('Origin',(3.16334840421659,1.82327631295746,10.4612038446418));
#11658=CARTESIAN_POINT('Origin',(2.31334840421659,-1.17672368704254,0.75));
#11659=CARTESIAN_POINT('',(2.31334840421659,-1.17672368704254,0.55));
#11660=CARTESIAN_POINT('',(2.31334840421659,-1.17672368704254,0.55));
#11661=CARTESIAN_POINT('',(2.31334840421659,-1.17672368704254,-0.75));
#11662=CARTESIAN_POINT('',(2.31334840421659,-1.17672368704254,-0.75));
#11663=CARTESIAN_POINT('',(2.31334840421659,-1.17672368704254,0.75));
#11664=CARTESIAN_POINT('Origin',(-1.83665159578341,1.19827631295746,6.45));
#11665=CARTESIAN_POINT('',(-0.986651595783413,1.19827631295746,7.9));
#11666=CARTESIAN_POINT('',(-1.58665159578341,1.19827631295746,7.9));
#11667=CARTESIAN_POINT('',(0.,1.19827631295746,7.9));
#11668=CARTESIAN_POINT('',(-1.58665159578341,1.19827631295746,11.85));
#11669=CARTESIAN_POINT('',(-1.58665159578341,1.19827631295746,0.));
#11670=CARTESIAN_POINT('',(-0.986651595783413,1.19827631295746,11.85));
#11671=CARTESIAN_POINT('',(0.,1.19827631295746,11.85));
#11672=CARTESIAN_POINT('',(-0.986651595783413,1.19827631295746,0.));
#11673=CARTESIAN_POINT('',(-1.48665159578341,1.19827631295746,11.77));
#11674=CARTESIAN_POINT('',(-1.08665159578341,1.19827631295746,11.77));
#11675=CARTESIAN_POINT('',(0.,1.19827631295746,11.77));
#11676=CARTESIAN_POINT('',(-1.48665159578341,1.19827631295746,8.410441951888));
#11677=CARTESIAN_POINT('',(-1.48665159578341,1.19827631295746,0.));
#11678=CARTESIAN_POINT('',(-1.08665159578341,1.19827631295746,8.410441951888));
#11679=CARTESIAN_POINT('',(-1.58665159578341,1.19827631295746,8.410441951888));
#11680=CARTESIAN_POINT('',(-1.08665159578341,1.19827631295746,0.));
#11681=CARTESIAN_POINT('Origin',(2.31334840421659,-1.27672368704254,1.35));
#11682=CARTESIAN_POINT('',(2.31334840421659,-1.27672368704254,1.65));
#11683=CARTESIAN_POINT('',(2.31334840421659,-1.27672368704254,1.65));
#11684=CARTESIAN_POINT('Origin',(2.31334840421659,-1.27672368704254,1.35));
#11685=CARTESIAN_POINT('Origin',(3.16334840421659,-1.17672368704254,-0.15));
#11686=CARTESIAN_POINT('',(3.26334840421659,-1.17672368704254,-0.15));
#11687=CARTESIAN_POINT('',(3.26334840421659,-1.17672368704254,-0.15));
#11688=CARTESIAN_POINT('',(3.66334840421659,-1.17672368704254,-0.15));
#11689=CARTESIAN_POINT('',(3.16334840421659,-1.17672368704254,-0.15));
#11690=CARTESIAN_POINT('',(3.66334840421659,-1.17672368704254,-0.15));
#11691=CARTESIAN_POINT('Origin',(3.66334840421659,1.69329998274547,8.40272818962931));
#11692=CARTESIAN_POINT('',(3.66334840421659,0.948276312957458,-0.15));
#11693=CARTESIAN_POINT('',(3.66334840421659,2.08327631295746,-0.15));
#11694=CARTESIAN_POINT('',(3.66334840421659,0.4,-0.15));
#11695=CARTESIAN_POINT('',(3.66334840421659,2.08327631295746,-0.15));
#11696=CARTESIAN_POINT('',(3.66334840421659,0.0982763129574575,-0.15));
#11697=CARTESIAN_POINT('',(3.66334840421659,0.4,-0.15));
#11698=CARTESIAN_POINT('',(3.66334840421659,0.298276312957458,-0.35));
#11699=CARTESIAN_POINT('Origin',(3.66334840421659,0.0982763129574575,-0.35));
#11700=CARTESIAN_POINT('',(3.66334840421659,0.748276312957458,-0.35));
#11701=CARTESIAN_POINT('',(3.66334840421659,-1.17672368704254,-0.35));
#11702=CARTESIAN_POINT('Origin',(3.66334840421659,0.948276312957458,-0.35));
#11703=CARTESIAN_POINT('Origin',(3.16334840421659,2.08327631295746,-0.15));
#11704=CARTESIAN_POINT('',(3.26334840421659,0.948276312957458,-0.15));
#11705=CARTESIAN_POINT('',(3.26334840421659,2.08327631295746,-0.15));
#11706=CARTESIAN_POINT('',(3.26334840421659,0.4,-0.15));
#11707=CARTESIAN_POINT('',(3.16334840421659,2.08327631295746,-0.15));
#11708=CARTESIAN_POINT('',(3.16334840421659,0.948276312957458,-0.15));
#11709=CARTESIAN_POINT('Origin',(3.16334840421659,2.08327631295746,0.5));
#11710=CARTESIAN_POINT('',(3.26334840421659,2.08327631295746,-0.15));
#11711=CARTESIAN_POINT('Origin',(3.16334840421659,0.0982763129574575,-0.35));
#11712=CARTESIAN_POINT('',(3.26334840421659,0.298276312957458,-0.35));
#11713=CARTESIAN_POINT('',(3.16334840421659,0.298276312957458,-0.35));
#11714=CARTESIAN_POINT('',(3.26334840421659,0.0982763129574575,-0.15));
#11715=CARTESIAN_POINT('',(3.16334840421659,0.0982763129574575,-0.15));
#11716=CARTESIAN_POINT('Origin',(3.26334840421659,0.0982763129574575,-0.35));
#11717=CARTESIAN_POINT('Origin',(3.16334840421659,0.748276312957457,-0.35));
#11718=CARTESIAN_POINT('',(3.26334840421659,0.748276312957458,-0.35));
#11719=CARTESIAN_POINT('',(3.26334840421659,-1.17672368704254,-0.35));
#11720=CARTESIAN_POINT('',(3.16334840421659,0.748276312957458,-0.35));
#11721=CARTESIAN_POINT('Origin',(3.26334840421659,1.69329998274547,8.40272818962931));
#11722=CARTESIAN_POINT('Origin',(3.26334840421659,0.948276312957458,-0.35));
#11723=CARTESIAN_POINT('',(3.26334840421659,0.4,-0.15));
#11724=CARTESIAN_POINT('Origin',(3.16334840421659,0.948276312957458,-0.35));
#11725=CARTESIAN_POINT('Origin',(3.16334840421659,0.298276312957457,-0.15));
#11726=CARTESIAN_POINT('Origin',(5.82835080421659,-0.976723687042543,0.33));
#11727=CARTESIAN_POINT('Origin',(-0.661651595783413,-0.976723687042543,
0.5));
#11728=CARTESIAN_POINT('Origin',(-1.8126154138245,0.223276312957457,0.191048228260785));
#11729=CARTESIAN_POINT('Origin',(-1.58665159578341,1.67710540163734,10.0785500895557));
#11730=CARTESIAN_POINT('',(-1.48665159578341,1.47990922454573,10.1119217502943));
#11731=CARTESIAN_POINT('',(-1.08665159578341,1.47990922454573,10.1119217502943));
#11732=CARTESIAN_POINT('',(-1.58665159578341,1.47990922454573,10.1119217502943));
#11733=CARTESIAN_POINT('',(-1.48665159578341,1.64101944022461,10.2752676622047));
#11734=CARTESIAN_POINT('Origin',(-1.48665159578341,1.67710540163734,10.0785500895557));
#11735=CARTESIAN_POINT('',(-1.08665159578341,1.64101944022461,10.2752676622047));
#11736=CARTESIAN_POINT('',(-1.58665159578341,1.64101944022461,10.2752676622047));
#11737=CARTESIAN_POINT('Origin',(-1.08665159578341,1.67710540163734,10.0785500895557));
#11738=CARTESIAN_POINT('Origin',(-1.58665159578341,0.623276312957457,10.57));
#11739=CARTESIAN_POINT('',(-1.48665159578341,1.97327631295746,10.57));
#11740=CARTESIAN_POINT('',(-1.48665159578341,1.24174215680011,11.77));
#11741=CARTESIAN_POINT('Origin',(-1.48665159578341,0.623276312957457,10.57));
#11742=CARTESIAN_POINT('',(-1.08665159578341,1.24174215680011,11.77));
#11743=CARTESIAN_POINT('',(-1.58665159578341,1.24174215680011,11.77));
#11744=CARTESIAN_POINT('',(-1.08665159578341,1.97327631295746,10.57));
#11745=CARTESIAN_POINT('Origin',(-1.08665159578341,0.623276312957457,10.57));
#11746=CARTESIAN_POINT('',(-1.58665159578341,1.97327631295746,10.57));
#11747=CARTESIAN_POINT('Origin',(-1.58665159578341,1.17327631295746,11.77));
#11748=CARTESIAN_POINT('',(-1.48665159578341,-1.17672368704254,11.77));
#11749=CARTESIAN_POINT('',(-1.08665159578341,-1.17672368704254,11.77));
#11750=CARTESIAN_POINT('Origin',(-1.08665159578341,1.69329998274547,8.40272818962931));
#11751=CARTESIAN_POINT('',(-1.08665159578341,1.22935277112509,8.63136088917234));
#11752=CARTESIAN_POINT('Origin',(-1.08665159578341,5.17327631295746,7.96392767440071));
#11753=CARTESIAN_POINT('',(-1.08665159578341,1.17327631295746,8.3));
#11754=CARTESIAN_POINT('',(-1.08665159578341,1.85034078401701,10.313665665155));
#11755=CARTESIAN_POINT('',(-1.08665159578341,1.50327631295746,10.25));
#11756=CARTESIAN_POINT('',(-1.08665159578341,1.97327631295746,10.4612038446418));
#11757=CARTESIAN_POINT('Origin',(-1.08665159578341,1.82327631295746,10.4612038446418));
#11758=CARTESIAN_POINT('',(-1.08665159578341,1.97327631295746,5.15));
#11759=CARTESIAN_POINT('Origin',(-1.58665159578341,1.97327631295746,10.57));
#11760=CARTESIAN_POINT('',(-1.48665159578341,1.97327631295746,10.4612038446418));
#11761=CARTESIAN_POINT('',(-1.48665159578341,1.97327631295746,5.15));
#11762=CARTESIAN_POINT('',(-1.58665159578341,1.97327631295746,10.4612038446418));
#11763=CARTESIAN_POINT('Origin',(-1.58665159578341,1.82327631295746,10.4612038446418));
#11764=CARTESIAN_POINT('',(-1.48665159578341,1.85034078401701,10.313665665155));
#11765=CARTESIAN_POINT('',(-1.58665159578341,1.85034078401701,10.313665665155));
#11766=CARTESIAN_POINT('Origin',(-1.48665159578341,1.82327631295746,10.4612038446418));
#11767=CARTESIAN_POINT('Origin',(-1.58665159578341,5.17327631295746,7.96392767440071));
#11768=CARTESIAN_POINT('',(-1.48665159578341,1.22935277112509,8.63136088917234));
#11769=CARTESIAN_POINT('Origin',(-1.48665159578341,5.17327631295746,7.96392767440071));
#11770=CARTESIAN_POINT('',(-1.58665159578341,1.22935277112509,8.63136088917234));
#11771=CARTESIAN_POINT('Origin',(-1.48665159578341,1.69329998274547,8.40272818962931));
#11772=CARTESIAN_POINT('',(-1.48665159578341,1.50327631295746,10.25));
#11773=CARTESIAN_POINT('',(-1.48665159578341,1.17327631295746,8.3));
#11774=CARTESIAN_POINT('Origin',(-1.58665159578341,1.50327631295746,10.25));
#11775=CARTESIAN_POINT('Origin',(-1.58665159578341,1.97327631295746,10.3362170147567));
#11776=CARTESIAN_POINT('Origin',(2.31334840421659,-1.17672368704254,-0.75));
#11777=CARTESIAN_POINT('',(2.31334840421659,-1.42672368704254,-0.75));
#11778=CARTESIAN_POINT('',(2.31334840421659,-1.07672368704254,-0.75));
#11779=CARTESIAN_POINT('',(2.31334840421659,-1.42672368704254,-0.75));
#11780=CARTESIAN_POINT('Origin',(-1.83665159578341,1.19827631295746,6.45));
#11781=CARTESIAN_POINT('',(3.76334840421659,1.19827631295746,11.85));
#11782=CARTESIAN_POINT('',(3.76334840421659,1.19827631295746,7.9));
#11783=CARTESIAN_POINT('',(3.76334840421659,1.19827631295746,0.));
#11784=CARTESIAN_POINT('',(3.16334840421659,1.19827631295746,7.9));
#11785=CARTESIAN_POINT('',(0.,1.19827631295746,7.9));
#11786=CARTESIAN_POINT('',(3.16334840421659,1.19827631295746,11.85));
#11787=CARTESIAN_POINT('',(3.16334840421659,1.19827631295746,0.));
#11788=CARTESIAN_POINT('',(0.,1.19827631295746,11.85));
#11789=CARTESIAN_POINT('Origin',(3.46232699670863,2.25862048864747,6.45));
#11790=CARTESIAN_POINT('',(3.96334840421659,0.,6.45));
#11791=CARTESIAN_POINT('Origin',(-1.58665159578341,-1.17672368704254,-0.15));
#11792=CARTESIAN_POINT('Origin',(-0.286651595783413,-1.57672368704254,1.65));
#11793=CARTESIAN_POINT('',(-0.286651595783413,-1.27672368704254,1.65));
#11794=CARTESIAN_POINT('',(-0.136651595783413,-1.27672368704254,1.65));
#11795=CARTESIAN_POINT('',(-0.286651595783413,-1.27672368704254,1.65));
#11796=CARTESIAN_POINT('',(-0.136651595783413,-1.57672368704254,1.65));
#11797=CARTESIAN_POINT('',(-0.286651595783413,-1.57672368704254,1.65));
#11798=CARTESIAN_POINT('Origin',(-0.286651595783413,1.67141758169135,0.266881747456152));
#11799=CARTESIAN_POINT('',(-0.286651595783413,1.19827631295746,0.8));
#11800=CARTESIAN_POINT('',(-0.286651595783413,1.19827631295746,6.3));
#11801=CARTESIAN_POINT('',(-0.286651595783413,0.734878853335901,0.8));
#11802=CARTESIAN_POINT('',(-0.286651595783413,1.67141758169135,0.8));
#11803=CARTESIAN_POINT('',(-0.286651595783413,0.548276312957457,0.75));
#11804=CARTESIAN_POINT('Origin',(-0.286651595783413,0.648276312957457,0.75));
#11805=CARTESIAN_POINT('',(-0.286651595783413,-0.976723687042543,0.75));
#11806=CARTESIAN_POINT('',(-0.286651595783413,-1.99672608704254,0.75));
#11807=CARTESIAN_POINT('',(-0.286651595783413,-1.17672368704254,0.55));
#11808=CARTESIAN_POINT('Origin',(-0.286651595783413,-0.976723687042543,
0.55));
#11809=CARTESIAN_POINT('',(-0.286651595783413,-1.17672368704254,-0.75));
#11810=CARTESIAN_POINT('',(-0.286651595783413,-1.17672368704254,0.75));
#11811=CARTESIAN_POINT('',(-0.286651595783413,-1.42672368704254,-0.75));
#11812=CARTESIAN_POINT('',(-0.286651595783413,-1.07672368704254,-0.75));
#11813=CARTESIAN_POINT('',(-0.286651595783413,-1.57672368704254,-0.6));
#11814=CARTESIAN_POINT('Origin',(-0.286651595783413,-1.42672368704254,-0.6));
#11815=CARTESIAN_POINT('',(-0.286651595783413,-1.57672368704254,1.35));
#11816=CARTESIAN_POINT('',(-0.286651595783413,-1.57672368704254,0.75));
#11817=CARTESIAN_POINT('Origin',(-0.286651595783413,-1.27672368704254,1.35));
#11818=CARTESIAN_POINT('Origin',(-0.286651595783413,1.19827631295746,0.75));
#11819=CARTESIAN_POINT('',(-0.136651595783413,0.548276312957457,0.75));
#11820=CARTESIAN_POINT('',(-0.301653995783413,0.548276312957457,0.75));
#11821=CARTESIAN_POINT('',(-0.136651595783413,-0.976723687042543,0.75));
#11822=CARTESIAN_POINT('',(-0.136651595783413,-1.99672608704254,0.75));
#11823=CARTESIAN_POINT('',(-0.286651595783413,-0.976723687042543,0.75));
#11824=CARTESIAN_POINT('Origin',(-0.301653995783413,0.734878853335901,0.8));
#11825=CARTESIAN_POINT('',(-0.136651595783413,1.19827631295746,0.8));
#11826=CARTESIAN_POINT('',(-0.286651595783413,1.19827631295746,0.8));
#11827=CARTESIAN_POINT('',(-0.136651595783413,0.734878853335901,0.8));
#11828=CARTESIAN_POINT('',(-0.136651595783413,1.67141758169135,0.8));
#11829=CARTESIAN_POINT('',(-0.301653995783413,0.734878853335901,0.8));
#11830=CARTESIAN_POINT('Origin',(-0.286651595783413,1.19827631295746,6.05));
#11831=CARTESIAN_POINT('',(-0.136651595783413,1.19827631295746,6.3));
#11832=CARTESIAN_POINT('Origin',(-0.301653995783413,0.648276312957457,0.75));
#11833=CARTESIAN_POINT('Origin',(-0.136651595783413,0.648276312957457,0.75));
#11834=CARTESIAN_POINT('Origin',(-0.286651595783413,-0.976723687042543,
0.55));
#11835=CARTESIAN_POINT('',(-0.136651595783413,-1.17672368704254,0.55));
#11836=CARTESIAN_POINT('',(-0.286651595783413,-1.17672368704254,0.55));
#11837=CARTESIAN_POINT('Origin',(-0.136651595783413,-0.976723687042543,
0.55));
#11838=CARTESIAN_POINT('Origin',(-0.286651595783413,-1.42672368704254,-0.6));
#11839=CARTESIAN_POINT('',(-0.136651595783413,-1.57672368704254,-0.6));
#11840=CARTESIAN_POINT('',(-0.286651595783413,-1.57672368704254,-0.6));
#11841=CARTESIAN_POINT('',(-0.136651595783413,-1.42672368704254,-0.75));
#11842=CARTESIAN_POINT('',(-0.286651595783413,-1.42672368704254,-0.75));
#11843=CARTESIAN_POINT('Origin',(-0.136651595783413,-1.42672368704254,-0.6));
#11844=CARTESIAN_POINT('Origin',(-0.286651595783413,-1.17672368704254,0.75));
#11845=CARTESIAN_POINT('',(-0.136651595783413,-1.17672368704254,-0.75));
#11846=CARTESIAN_POINT('',(-0.136651595783413,-1.17672368704254,0.75));
#11847=CARTESIAN_POINT('',(-0.286651595783413,-1.17672368704254,-0.75));
#11848=CARTESIAN_POINT('Origin',(-0.286651595783413,-1.17672368704254,-0.75));
#11849=CARTESIAN_POINT('',(-0.136651595783413,-1.07672368704254,-0.75));
#11850=CARTESIAN_POINT('Origin',(-0.136651595783413,1.67141758169135,0.266881747456152));
#11851=CARTESIAN_POINT('',(-0.136651595783413,-1.57672368704254,1.35));
#11852=CARTESIAN_POINT('Origin',(-0.136651595783413,-1.27672368704254,1.35));
#11853=CARTESIAN_POINT('',(-0.136651595783413,-1.57672368704254,0.75));
#11854=CARTESIAN_POINT('Origin',(-0.286651595783413,-1.27672368704254,1.35));
#11855=CARTESIAN_POINT('',(-0.286651595783413,-1.57672368704254,1.35));
#11856=CARTESIAN_POINT('Origin',(-0.286651595783413,-1.57672368704254,-0.75));
#11857=CARTESIAN_POINT('Origin',(0.363348404216587,-1.57672368704254,1.35));
#11858=CARTESIAN_POINT('',(0.363348404216587,-1.27672368704254,1.35));
#11859=CARTESIAN_POINT('',(0.513348404216587,-1.27672368704254,1.35));
#11860=CARTESIAN_POINT('',(0.363348404216587,-1.27672368704254,1.35));
#11861=CARTESIAN_POINT('',(0.513348404216587,-1.57672368704254,1.35));
#11862=CARTESIAN_POINT('',(0.363348404216587,-1.57672368704254,1.35));
#11863=CARTESIAN_POINT('Origin',(0.363348404216587,1.67141758169135,-0.0331182525438476));
#11864=CARTESIAN_POINT('',(0.363348404216587,1.19827631295746,0.5));
#11865=CARTESIAN_POINT('',(0.363348404216587,1.19827631295746,6.));
#11866=CARTESIAN_POINT('',(0.363348404216587,0.734878853335901,0.5));
#11867=CARTESIAN_POINT('',(0.363348404216587,1.67141758169135,0.5));
#11868=CARTESIAN_POINT('',(0.363348404216587,0.548276312957457,0.45));
#11869=CARTESIAN_POINT('Origin',(0.363348404216587,0.648276312957457,0.45));
#11870=CARTESIAN_POINT('',(0.363348404216587,-0.976723687042543,0.45));
#11871=CARTESIAN_POINT('',(0.363348404216587,-1.99672608704254,0.45));
#11872=CARTESIAN_POINT('',(0.363348404216587,-1.17672368704254,0.25));
#11873=CARTESIAN_POINT('Origin',(0.363348404216587,-0.976723687042543,0.25));
#11874=CARTESIAN_POINT('',(0.363348404216587,-1.17672368704254,-1.05));
#11875=CARTESIAN_POINT('',(0.363348404216587,-1.17672368704254,0.45));
#11876=CARTESIAN_POINT('',(0.363348404216587,-1.42672368704254,-1.05));
#11877=CARTESIAN_POINT('',(0.363348404216587,-1.07672368704254,-1.05));
#11878=CARTESIAN_POINT('',(0.363348404216587,-1.57672368704254,-0.9));
#11879=CARTESIAN_POINT('Origin',(0.363348404216587,-1.42672368704254,-0.9));
#11880=CARTESIAN_POINT('',(0.363348404216587,-1.57672368704254,1.05));
#11881=CARTESIAN_POINT('',(0.363348404216587,-1.57672368704254,0.45));
#11882=CARTESIAN_POINT('Origin',(0.363348404216587,-1.27672368704254,1.05));
#11883=CARTESIAN_POINT('Origin',(0.363348404216587,1.19827631295746,0.45));
#11884=CARTESIAN_POINT('',(0.513348404216587,0.548276312957457,0.45));
#11885=CARTESIAN_POINT('',(0.348346004216587,0.548276312957457,0.45));
#11886=CARTESIAN_POINT('',(0.513348404216587,-0.976723687042543,0.45));
#11887=CARTESIAN_POINT('',(0.513348404216587,-1.99672608704254,0.45));
#11888=CARTESIAN_POINT('',(0.363348404216587,-0.976723687042543,0.45));
#11889=CARTESIAN_POINT('Origin',(0.348346004216587,0.734878853335901,0.5));
#11890=CARTESIAN_POINT('',(0.513348404216587,1.19827631295746,0.5));
#11891=CARTESIAN_POINT('',(0.363348404216587,1.19827631295746,0.5));
#11892=CARTESIAN_POINT('',(0.513348404216587,0.734878853335901,0.5));
#11893=CARTESIAN_POINT('',(0.513348404216587,1.67141758169135,0.5));
#11894=CARTESIAN_POINT('',(0.348346004216587,0.734878853335901,0.5));
#11895=CARTESIAN_POINT('Origin',(0.363348404216587,1.19827631295746,5.75));
#11896=CARTESIAN_POINT('',(0.513348404216587,1.19827631295746,6.));
#11897=CARTESIAN_POINT('Origin',(0.348346004216587,0.648276312957457,0.45));
#11898=CARTESIAN_POINT('Origin',(0.513348404216587,0.648276312957457,0.45));
#11899=CARTESIAN_POINT('Origin',(0.363348404216587,-0.976723687042543,0.25));
#11900=CARTESIAN_POINT('',(0.513348404216587,-1.17672368704254,0.25));
#11901=CARTESIAN_POINT('',(0.363348404216587,-1.17672368704254,0.25));
#11902=CARTESIAN_POINT('Origin',(0.513348404216587,-0.976723687042543,0.25));
#11903=CARTESIAN_POINT('Origin',(0.363348404216587,-1.42672368704254,-0.9));
#11904=CARTESIAN_POINT('',(0.513348404216587,-1.57672368704254,-0.9));
#11905=CARTESIAN_POINT('',(0.363348404216587,-1.57672368704254,-0.9));
#11906=CARTESIAN_POINT('',(0.513348404216587,-1.42672368704254,-1.05));
#11907=CARTESIAN_POINT('',(0.363348404216587,-1.42672368704254,-1.05));
#11908=CARTESIAN_POINT('Origin',(0.513348404216587,-1.42672368704254,-0.9));
#11909=CARTESIAN_POINT('Origin',(0.363348404216587,-1.17672368704254,0.45));
#11910=CARTESIAN_POINT('',(0.513348404216587,-1.17672368704254,-1.05));
#11911=CARTESIAN_POINT('',(0.513348404216587,-1.17672368704254,0.45));
#11912=CARTESIAN_POINT('',(0.363348404216587,-1.17672368704254,-1.05));
#11913=CARTESIAN_POINT('Origin',(0.363348404216587,-1.17672368704254,-1.05));
#11914=CARTESIAN_POINT('',(0.513348404216587,-1.07672368704254,-1.05));
#11915=CARTESIAN_POINT('Origin',(0.513348404216587,1.67141758169135,-0.0331182525438476));
#11916=CARTESIAN_POINT('',(0.513348404216587,-1.57672368704254,1.05));
#11917=CARTESIAN_POINT('Origin',(0.513348404216587,-1.27672368704254,1.05));
#11918=CARTESIAN_POINT('',(0.513348404216587,-1.57672368704254,0.45));
#11919=CARTESIAN_POINT('Origin',(0.363348404216587,-1.27672368704254,1.05));
#11920=CARTESIAN_POINT('',(0.363348404216587,-1.57672368704254,1.05));
#11921=CARTESIAN_POINT('Origin',(0.363348404216587,-1.57672368704254,-1.05));
#11922=CARTESIAN_POINT('Origin',(1.01334840421659,-1.57672368704254,1.35));
#11923=CARTESIAN_POINT('',(1.01334840421659,-1.27672368704254,1.35));
#11924=CARTESIAN_POINT('',(1.16334840421659,-1.27672368704254,1.35));
#11925=CARTESIAN_POINT('',(1.01334840421659,-1.27672368704254,1.35));
#11926=CARTESIAN_POINT('',(1.16334840421659,-1.57672368704254,1.35));
#11927=CARTESIAN_POINT('',(1.01334840421659,-1.57672368704254,1.35));
#11928=CARTESIAN_POINT('Origin',(1.01334840421659,1.67141758169135,-0.0331182525438476));
#11929=CARTESIAN_POINT('',(1.01334840421659,1.19827631295746,0.5));
#11930=CARTESIAN_POINT('',(1.01334840421659,1.19827631295746,6.));
#11931=CARTESIAN_POINT('',(1.01334840421659,0.734878853335901,0.5));
#11932=CARTESIAN_POINT('',(1.01334840421659,1.67141758169135,0.5));
#11933=CARTESIAN_POINT('',(1.01334840421659,0.548276312957457,0.45));
#11934=CARTESIAN_POINT('Origin',(1.01334840421659,0.648276312957457,0.45));
#11935=CARTESIAN_POINT('',(1.01334840421659,-0.976723687042543,0.45));
#11936=CARTESIAN_POINT('',(1.01334840421659,-1.99672608704254,0.45));
#11937=CARTESIAN_POINT('',(1.01334840421659,-1.17672368704254,0.25));
#11938=CARTESIAN_POINT('Origin',(1.01334840421659,-0.976723687042543,0.25));
#11939=CARTESIAN_POINT('',(1.01334840421659,-1.17672368704254,-1.05));
#11940=CARTESIAN_POINT('',(1.01334840421659,-1.17672368704254,0.45));
#11941=CARTESIAN_POINT('',(1.01334840421659,-1.42672368704254,-1.05));
#11942=CARTESIAN_POINT('',(1.01334840421659,-1.07672368704254,-1.05));
#11943=CARTESIAN_POINT('',(1.01334840421659,-1.57672368704254,-0.9));
#11944=CARTESIAN_POINT('Origin',(1.01334840421659,-1.42672368704254,-0.9));
#11945=CARTESIAN_POINT('',(1.01334840421659,-1.57672368704254,1.05));
#11946=CARTESIAN_POINT('',(1.01334840421659,-1.57672368704254,0.45));
#11947=CARTESIAN_POINT('Origin',(1.01334840421659,-1.27672368704254,1.05));
#11948=CARTESIAN_POINT('Origin',(1.01334840421659,1.19827631295746,0.45));
#11949=CARTESIAN_POINT('',(1.16334840421659,0.548276312957457,0.45));
#11950=CARTESIAN_POINT('',(0.998346004216587,0.548276312957457,0.45));
#11951=CARTESIAN_POINT('',(1.16334840421659,-0.976723687042543,0.45));
#11952=CARTESIAN_POINT('',(1.16334840421659,-1.99672608704254,0.45));
#11953=CARTESIAN_POINT('',(1.01334840421659,-0.976723687042543,0.45));
#11954=CARTESIAN_POINT('Origin',(0.998346004216587,0.734878853335901,0.5));
#11955=CARTESIAN_POINT('',(1.16334840421659,1.19827631295746,0.5));
#11956=CARTESIAN_POINT('',(1.01334840421659,1.19827631295746,0.5));
#11957=CARTESIAN_POINT('',(1.16334840421659,0.734878853335901,0.5));
#11958=CARTESIAN_POINT('',(1.16334840421659,1.67141758169135,0.5));
#11959=CARTESIAN_POINT('',(0.998346004216587,0.734878853335901,0.5));
#11960=CARTESIAN_POINT('Origin',(1.01334840421659,1.19827631295746,5.75));
#11961=CARTESIAN_POINT('',(1.16334840421659,1.19827631295746,6.));
#11962=CARTESIAN_POINT('Origin',(0.998346004216587,0.648276312957457,0.45));
#11963=CARTESIAN_POINT('Origin',(1.16334840421659,0.648276312957457,0.45));
#11964=CARTESIAN_POINT('Origin',(1.01334840421659,-0.976723687042543,0.25));
#11965=CARTESIAN_POINT('',(1.16334840421659,-1.17672368704254,0.25));
#11966=CARTESIAN_POINT('',(1.01334840421659,-1.17672368704254,0.25));
#11967=CARTESIAN_POINT('Origin',(1.16334840421659,-0.976723687042543,0.25));
#11968=CARTESIAN_POINT('Origin',(1.01334840421659,-1.42672368704254,-0.9));
#11969=CARTESIAN_POINT('',(1.16334840421659,-1.57672368704254,-0.9));
#11970=CARTESIAN_POINT('',(1.01334840421659,-1.57672368704254,-0.9));
#11971=CARTESIAN_POINT('',(1.16334840421659,-1.42672368704254,-1.05));
#11972=CARTESIAN_POINT('',(1.01334840421659,-1.42672368704254,-1.05));
#11973=CARTESIAN_POINT('Origin',(1.16334840421659,-1.42672368704254,-0.9));
#11974=CARTESIAN_POINT('Origin',(1.01334840421659,-1.17672368704254,0.45));
#11975=CARTESIAN_POINT('',(1.16334840421659,-1.17672368704254,-1.05));
#11976=CARTESIAN_POINT('',(1.16334840421659,-1.17672368704254,0.45));
#11977=CARTESIAN_POINT('',(1.01334840421659,-1.17672368704254,-1.05));
#11978=CARTESIAN_POINT('Origin',(1.01334840421659,-1.17672368704254,-1.05));
#11979=CARTESIAN_POINT('',(1.16334840421659,-1.07672368704254,-1.05));
#11980=CARTESIAN_POINT('Origin',(1.16334840421659,1.67141758169135,-0.0331182525438476));
#11981=CARTESIAN_POINT('',(1.16334840421659,-1.57672368704254,1.05));
#11982=CARTESIAN_POINT('Origin',(1.16334840421659,-1.27672368704254,1.05));
#11983=CARTESIAN_POINT('',(1.16334840421659,-1.57672368704254,0.45));
#11984=CARTESIAN_POINT('Origin',(1.01334840421659,-1.27672368704254,1.05));
#11985=CARTESIAN_POINT('',(1.01334840421659,-1.57672368704254,1.05));
#11986=CARTESIAN_POINT('Origin',(1.01334840421659,-1.57672368704254,-1.05));
#11987=CARTESIAN_POINT('Origin',(1.66334840421659,-1.57672368704254,1.35));
#11988=CARTESIAN_POINT('',(1.66334840421659,-1.27672368704254,1.35));
#11989=CARTESIAN_POINT('',(1.81334840421659,-1.27672368704254,1.35));
#11990=CARTESIAN_POINT('',(1.66334840421659,-1.27672368704254,1.35));
#11991=CARTESIAN_POINT('',(1.81334840421659,-1.57672368704254,1.35));
#11992=CARTESIAN_POINT('',(1.66334840421659,-1.57672368704254,1.35));
#11993=CARTESIAN_POINT('Origin',(1.66334840421659,1.67141758169135,-0.0331182525438476));
#11994=CARTESIAN_POINT('',(1.66334840421659,1.19827631295746,0.5));
#11995=CARTESIAN_POINT('',(1.66334840421659,1.19827631295746,6.));
#11996=CARTESIAN_POINT('',(1.66334840421659,0.734878853335901,0.5));
#11997=CARTESIAN_POINT('',(1.66334840421659,1.67141758169135,0.5));
#11998=CARTESIAN_POINT('',(1.66334840421659,0.548276312957457,0.45));
#11999=CARTESIAN_POINT('Origin',(1.66334840421659,0.648276312957457,0.45));
#12000=CARTESIAN_POINT('',(1.66334840421659,-0.976723687042543,0.45));
#12001=CARTESIAN_POINT('',(1.66334840421659,-1.99672608704254,0.45));
#12002=CARTESIAN_POINT('',(1.66334840421659,-1.17672368704254,0.25));
#12003=CARTESIAN_POINT('Origin',(1.66334840421659,-0.976723687042543,0.25));
#12004=CARTESIAN_POINT('',(1.66334840421659,-1.17672368704254,-1.05));
#12005=CARTESIAN_POINT('',(1.66334840421659,-1.17672368704254,0.45));
#12006=CARTESIAN_POINT('',(1.66334840421659,-1.42672368704254,-1.05));
#12007=CARTESIAN_POINT('',(1.66334840421659,-1.07672368704254,-1.05));
#12008=CARTESIAN_POINT('',(1.66334840421659,-1.57672368704254,-0.9));
#12009=CARTESIAN_POINT('Origin',(1.66334840421659,-1.42672368704254,-0.9));
#12010=CARTESIAN_POINT('',(1.66334840421659,-1.57672368704254,1.05));
#12011=CARTESIAN_POINT('',(1.66334840421659,-1.57672368704254,0.45));
#12012=CARTESIAN_POINT('Origin',(1.66334840421659,-1.27672368704254,1.05));
#12013=CARTESIAN_POINT('Origin',(1.66334840421659,1.19827631295746,0.45));
#12014=CARTESIAN_POINT('',(1.81334840421659,0.548276312957457,0.45));
#12015=CARTESIAN_POINT('',(1.64834600421659,0.548276312957457,0.45));
#12016=CARTESIAN_POINT('',(1.81334840421659,-0.976723687042543,0.45));
#12017=CARTESIAN_POINT('',(1.81334840421659,-1.99672608704254,0.45));
#12018=CARTESIAN_POINT('',(1.66334840421659,-0.976723687042543,0.45));
#12019=CARTESIAN_POINT('Origin',(1.64834600421659,0.734878853335901,0.5));
#12020=CARTESIAN_POINT('',(1.81334840421659,1.19827631295746,0.5));
#12021=CARTESIAN_POINT('',(1.66334840421659,1.19827631295746,0.5));
#12022=CARTESIAN_POINT('',(1.81334840421659,0.734878853335901,0.5));
#12023=CARTESIAN_POINT('',(1.81334840421659,1.67141758169135,0.5));
#12024=CARTESIAN_POINT('',(1.64834600421659,0.734878853335901,0.5));
#12025=CARTESIAN_POINT('Origin',(1.66334840421659,1.19827631295746,5.75));
#12026=CARTESIAN_POINT('',(1.81334840421659,1.19827631295746,6.));
#12027=CARTESIAN_POINT('Origin',(1.64834600421659,0.648276312957457,0.45));
#12028=CARTESIAN_POINT('Origin',(1.81334840421659,0.648276312957457,0.45));
#12029=CARTESIAN_POINT('Origin',(1.66334840421659,-0.976723687042543,0.25));
#12030=CARTESIAN_POINT('',(1.81334840421659,-1.17672368704254,0.25));
#12031=CARTESIAN_POINT('',(1.66334840421659,-1.17672368704254,0.25));
#12032=CARTESIAN_POINT('Origin',(1.81334840421659,-0.976723687042543,0.25));
#12033=CARTESIAN_POINT('Origin',(1.66334840421659,-1.42672368704254,-0.9));
#12034=CARTESIAN_POINT('',(1.81334840421659,-1.57672368704254,-0.9));
#12035=CARTESIAN_POINT('',(1.66334840421659,-1.57672368704254,-0.9));
#12036=CARTESIAN_POINT('',(1.81334840421659,-1.42672368704254,-1.05));
#12037=CARTESIAN_POINT('',(1.66334840421659,-1.42672368704254,-1.05));
#12038=CARTESIAN_POINT('Origin',(1.81334840421659,-1.42672368704254,-0.9));
#12039=CARTESIAN_POINT('Origin',(1.66334840421659,-1.17672368704254,0.45));
#12040=CARTESIAN_POINT('',(1.81334840421659,-1.17672368704254,-1.05));
#12041=CARTESIAN_POINT('',(1.81334840421659,-1.17672368704254,0.45));
#12042=CARTESIAN_POINT('',(1.66334840421659,-1.17672368704254,-1.05));
#12043=CARTESIAN_POINT('Origin',(1.66334840421659,-1.17672368704254,-1.05));
#12044=CARTESIAN_POINT('',(1.81334840421659,-1.07672368704254,-1.05));
#12045=CARTESIAN_POINT('Origin',(1.81334840421659,1.67141758169135,-0.0331182525438476));
#12046=CARTESIAN_POINT('',(1.81334840421659,-1.57672368704254,1.05));
#12047=CARTESIAN_POINT('Origin',(1.81334840421659,-1.27672368704254,1.05));
#12048=CARTESIAN_POINT('',(1.81334840421659,-1.57672368704254,0.45));
#12049=CARTESIAN_POINT('Origin',(1.66334840421659,-1.27672368704254,1.05));
#12050=CARTESIAN_POINT('',(1.66334840421659,-1.57672368704254,1.05));
#12051=CARTESIAN_POINT('Origin',(1.66334840421659,-1.57672368704254,-1.05));
#12052=CARTESIAN_POINT('Origin',(2.31334840421659,-1.57672368704254,1.65));
#12053=CARTESIAN_POINT('',(2.31334840421659,-1.57672368704254,1.65));
#12054=CARTESIAN_POINT('Origin',(2.31334840421659,1.67141758169135,0.266881747456152));
#12055=CARTESIAN_POINT('',(2.31334840421659,1.19827631295746,0.8));
#12056=CARTESIAN_POINT('',(2.31334840421659,1.19827631295746,6.3));
#12057=CARTESIAN_POINT('',(2.31334840421659,0.734878853335901,0.8));
#12058=CARTESIAN_POINT('',(2.31334840421659,1.67141758169135,0.8));
#12059=CARTESIAN_POINT('',(2.31334840421659,0.548276312957457,0.75));
#12060=CARTESIAN_POINT('Origin',(2.31334840421659,0.648276312957457,0.75));
#12061=CARTESIAN_POINT('',(2.31334840421659,-0.976723687042543,0.75));
#12062=CARTESIAN_POINT('',(2.31334840421659,-1.99672608704254,0.75));
#12063=CARTESIAN_POINT('Origin',(2.31334840421659,-0.976723687042543,0.55));
#12064=CARTESIAN_POINT('Origin',(2.31334840421659,-1.42672368704254,-0.6));
#12065=CARTESIAN_POINT('Origin',(2.31334840421659,1.19827631295746,0.75));
#12066=CARTESIAN_POINT('',(2.29834600421659,0.548276312957457,0.75));
#12067=CARTESIAN_POINT('',(2.31334840421659,-0.976723687042543,0.75));
#12068=CARTESIAN_POINT('Origin',(2.29834600421659,0.734878853335901,0.8));
#12069=CARTESIAN_POINT('',(2.31334840421659,1.19827631295746,0.8));
#12070=CARTESIAN_POINT('',(2.29834600421659,0.734878853335901,0.8));
#12071=CARTESIAN_POINT('Origin',(2.31334840421659,1.19827631295746,6.05));
#12072=CARTESIAN_POINT('Origin',(2.29834600421659,0.648276312957457,0.75));
#12073=CARTESIAN_POINT('Origin',(2.31334840421659,-0.976723687042543,0.55));
#12074=CARTESIAN_POINT('Origin',(2.31334840421659,-1.42672368704254,-0.6));
#12075=CARTESIAN_POINT('Origin',(-3.11165159578341,0.173276312957457,0.310681818181818));
#12076=CARTESIAN_POINT('',(-2.69624298484233,-0.926723687042543,0.342781574481811));
#12077=CARTESIAN_POINT('',(-2.69624298484233,0.173276312957457,0.342781574481811));
#12078=CARTESIAN_POINT('',(-2.69624298484233,1.57644650105631,0.342781574481811));
#12079=CARTESIAN_POINT('',(-0.661651595783413,-0.926723687042543,0.5));
#12080=CARTESIAN_POINT('',(-0.661651595783413,0.173276312957457,0.5));
#12081=CARTESIAN_POINT('Origin',(-2.71165159578341,1.57644650105631,0.542187127836943));
#12082=CARTESIAN_POINT('',(-2.91165159578341,-0.986072271559155,0.542187127836943));
#12083=CARTESIAN_POINT('',(-2.91165159578341,0.232624897474069,0.542187127836943));
#12084=CARTESIAN_POINT('',(-2.91165159578341,1.57644650105631,0.542187127836943));
#12085=CARTESIAN_POINT('',(-2.8523030112668,-0.926723687042543,0.399999999999999));
#12086=CARTESIAN_POINT('Ctrl Pts',(-2.91165159578342,-0.986072271559319,
0.542187127837106));
#12087=CARTESIAN_POINT('Ctrl Pts',(-2.91165159578342,-0.980917531121316,
0.537088061908407));
#12088=CARTESIAN_POINT('Ctrl Pts',(-2.91145601741475,-0.976057159003086,
0.531724012736089));
#12089=CARTESIAN_POINT('Ctrl Pts',(-2.91100749224049,-0.971525526124225,
0.526148844019958));
#12090=CARTESIAN_POINT('Ctrl Pts',(-2.91055847667684,-0.966988938641159,
0.520567579762748));
#12091=CARTESIAN_POINT('Ctrl Pts',(-2.90985042814071,-0.96273455534266,
0.514714157055232));
#12092=CARTESIAN_POINT('Ctrl Pts',(-2.90882372856228,-0.958824825790653,
0.508673696865521));
#12093=CARTESIAN_POINT('Ctrl Pts',(-2.90779703240845,-0.954915109279735,
0.502633256824052));
#12094=CARTESIAN_POINT('Ctrl Pts',(-2.9064520165125,-0.95135477160059,0.496412868298288));
#12095=CARTESIAN_POINT('Ctrl Pts',(-2.90475508225673,-0.948178215278719,
0.49011944580785));
#12096=CARTESIAN_POINT('Ctrl Pts',(-2.9030565683881,-0.944998702018964,
0.483820165004985));
#12097=CARTESIAN_POINT('Ctrl Pts',(-2.90101734432298,-0.942216800385136,
0.477481655737035));
#12098=CARTESIAN_POINT('Ctrl Pts',(-2.89860281306141,-0.939799504095463,
0.47112910676768));
#12099=CARTESIAN_POINT('Ctrl Pts',(-2.89739400604768,-0.938589312802558,
0.467948776957341));
#12100=CARTESIAN_POINT('Ctrl Pts',(-2.89608890275717,-0.937468972433043,
0.464759900381301));
#12101=CARTESIAN_POINT('Ctrl Pts',(-2.89468713501186,-0.936438973902667,
0.46157700825241));
#12102=CARTESIAN_POINT('Ctrl Pts',(-2.89328538109625,-0.935408985534147,
0.458394147525594));
#12103=CARTESIAN_POINT('Ctrl Pts',(-2.89178707207156,-0.934469439372594,
0.455217588377333));
#12104=CARTESIAN_POINT('Ctrl Pts',(-2.89019447803966,-0.933618817361941,
0.452062551855679));
#12105=CARTESIAN_POINT('Ctrl Pts',(-2.88860188701066,-0.932768196955169,
0.44890752128297));
#12106=CARTESIAN_POINT('Ctrl Pts',(-2.88691515381473,-0.932006564546178,
0.44577432294715));
#12107=CARTESIAN_POINT('Ctrl Pts',(-2.88513899301819,-0.931330205732412,
0.442677716217713));
#12108=CARTESIAN_POINT('Ctrl Pts',(-2.88336282261078,-0.930653843258845,
0.439581092732424));
#12109=CARTESIAN_POINT('Ctrl Pts',(-2.88149738740052,-0.930062782944737,
0.436521336674701));
#12110=CARTESIAN_POINT('Ctrl Pts',(-2.87954937170504,-0.929551269265291,
0.4335117541749));
#12111=CARTESIAN_POINT('Ctrl Pts',(-2.87760132632098,-0.929039747790164,
0.430502125807806));
#12112=CARTESIAN_POINT('Ctrl Pts',(-2.87557089178952,-0.928607776782746,
0.427542927842584));
#12113=CARTESIAN_POINT('Ctrl Pts',(-2.87346592184925,-0.928247950194095,
0.424645118836509));
#12114=CARTESIAN_POINT('Ctrl Pts',(-2.87136052442448,-0.927888050530628,
0.421746721333453));
#12115=CARTESIAN_POINT('Ctrl Pts',(-2.86916857553113,-0.927598241412186,
0.418893105992506));
#12116=CARTESIAN_POINT('Ctrl Pts',(-2.86689409094077,-0.927372187724806,
0.416092846851138));
#12117=CARTESIAN_POINT('Ctrl Pts',(-2.86234489357911,-0.926920057671879,
0.410492047640689));
#12118=CARTESIAN_POINT('Ctrl Pts',(-2.85746552244711,-0.926723687042277,
0.40510675274126));
#12119=CARTESIAN_POINT('Ctrl Pts',(-2.85230301125635,-0.926723687042541,
0.399999999989664));
#12120=CARTESIAN_POINT('Origin',(-2.71165159578341,-0.926723687042543,0.542187127836943));
#12121=CARTESIAN_POINT('',(-2.8523030112668,0.173276312957457,0.399999999999999));
#12122=CARTESIAN_POINT('Origin',(-2.71165159578341,0.173276312957457,0.542187127836943));
#12123=CARTESIAN_POINT('Ctrl Pts',(-2.85230301126591,0.173276312957457,
0.399999999999121));
#12124=CARTESIAN_POINT('Ctrl Pts',(-2.85487231341991,0.173276312957446,
0.402541552038727));
#12125=CARTESIAN_POINT('Ctrl Pts',(-2.8573679308897,0.173324793602052,0.40514809753037));
#12126=CARTESIAN_POINT('Ctrl Pts',(-2.8597853704082,0.173428981723251,0.407813079688317));
#12127=CARTESIAN_POINT('Ctrl Pts',(-2.86220269109294,0.173533164722888,
0.410477930844075));
#12128=CARTESIAN_POINT('Ctrl Pts',(-2.86455564918223,0.1736936605818,0.413216554962331));
#12129=CARTESIAN_POINT('Ctrl Pts',(-2.86683523863943,0.173918980527372,
0.416020424662368));
#12130=CARTESIAN_POINT('Ctrl Pts',(-2.87139482751773,0.174369660940304,
0.421628668313474));
#12131=CARTESIAN_POINT('Ctrl Pts',(-2.8756575747914,0.175080819548059,0.427497094717911));
#12132=CARTESIAN_POINT('Ctrl Pts',(-2.87956612034591,0.176108295560719,
0.433537634321766));
#12133=CARTESIAN_POINT('Ctrl Pts',(-2.88347476922848,0.177135798736193,
0.439578333616012));
#12134=CARTESIAN_POINT('Ctrl Pts',(-2.88702492997,0.178479056358424,0.445784215970403));
#12135=CARTESIAN_POINT('Ctrl Pts',(-2.89019012508556,0.180169118662675,
0.452053928877656));
#12136=CARTESIAN_POINT('Ctrl Pts',(-2.89335268216693,0.18185777238326,0.458318416288088));
#12137=CARTESIAN_POINT('Ctrl Pts',(-2.89613550302062,0.183889034459095,
0.464646954790891));
#12138=CARTESIAN_POINT('Ctrl Pts',(-2.8985688661743,0.186318193048864,0.471039857828501));
#12139=CARTESIAN_POINT('Ctrl Pts',(-2.8997839278512,0.187531155242814,0.474232053565276));
#12140=CARTESIAN_POINT('Ctrl Pts',(-2.90090751962034,0.188840225683102,
0.477430434379189));
#12141=CARTESIAN_POINT('Ctrl Pts',(-2.90193930992518,0.190244858536999,
0.480619394024526));
#12142=CARTESIAN_POINT('Ctrl Pts',(-2.90297109676419,0.19164948667266,0.483808342957978));
#12143=CARTESIAN_POINT('Ctrl Pts',(-2.90391098931941,0.193149550465854,
0.486987537606981));
#12144=CARTESIAN_POINT('Ctrl Pts',(-2.9047609924838,0.194741908962295,0.490141370026279));
#12145=CARTESIAN_POINT('Ctrl Pts',(-2.90646134347755,0.197927271635331,
0.496450313701901));
#12146=CARTESIAN_POINT('Ctrl Pts',(-2.90779916476558,0.201481274920717,
0.502651677370582));
#12147=CARTESIAN_POINT('Ctrl Pts',(-2.90881831054654,0.205356833973438,
0.508641836222219));
#12148=CARTESIAN_POINT('Ctrl Pts',(-2.90983609644501,0.209227221729771,
0.514624002191691));
#12149=CARTESIAN_POINT('Ctrl Pts',(-2.91054752654976,0.21345688440783,0.520457865784145));
#12150=CARTESIAN_POINT('Ctrl Pts',(-2.91100149323779,0.218017712420924,
0.526074450066125));
#12151=CARTESIAN_POINT('Ctrl Pts',(-2.91145541192107,0.222578058148724,
0.531690440421742));
#12152=CARTESIAN_POINT('Ctrl Pts',(-2.91165159578341,0.227465302868836,
0.537083260169128));
#12153=CARTESIAN_POINT('Ctrl Pts',(-2.91165159578341,0.232624897474068,
0.542187127836942));
#12154=CARTESIAN_POINT('Origin',(-1.76165159578341,0.173276312957457,0.415));
#12155=CARTESIAN_POINT('',(-1.76165159578341,0.173276312957457,0.214403781253963));
#12156=CARTESIAN_POINT('',(-1.76165159578341,0.173276312957457,0.387954545454545));
#12157=CARTESIAN_POINT('',(-1.76165159578341,-0.926723687042543,0.214403781253963));
#12158=CARTESIAN_POINT('',(-1.76165159578341,-0.926723687042543,0.387954545454545));
#12159=CARTESIAN_POINT('',(-1.76165159578341,0.173276312957457,0.214403781253963));
#12160=CARTESIAN_POINT('Origin',(5.21637474286437,0.173276312957457,-0.74035917234822));
#12161=CARTESIAN_POINT('',(-2.68083437390126,0.173276312957457,0.143376021126677));
#12162=CARTESIAN_POINT('',(-2.89624298484233,0.173276312957457,0.126730810281231));
#12163=CARTESIAN_POINT('',(-3.08552700374371,0.173276312957457,0.399999999999999));
#12164=CARTESIAN_POINT('Origin',(-2.71165159578341,0.173276312957457,0.542187127836941));
#12165=CARTESIAN_POINT('',(-2.91165159578341,0.173276312957457,0.399999999999999));
#12166=CARTESIAN_POINT('Origin',(-1.93665159578341,1.57644650105631,6.));
#12167=CARTESIAN_POINT('',(-1.93665159578341,2.64827631295746,5.85));
#12168=CARTESIAN_POINT('',(-1.93665159578341,1.57644650105631,5.85));
#12169=CARTESIAN_POINT('Origin',(-1.93665159578341,2.64827631295746,6.));
#12170=CARTESIAN_POINT('Origin',(3.96334840421659,1.39827631295746,6.45));
#12171=CARTESIAN_POINT('',(3.96334840421659,2.64827631295746,6.));
#12172=CARTESIAN_POINT('',(3.96334840421659,1.57644650105631,6.));
#12173=CARTESIAN_POINT('',(3.96334840421659,2.44827631295746,6.65));
#12174=CARTESIAN_POINT('Origin',(3.96334840421659,2.44827631295746,6.25));
#12175=CARTESIAN_POINT('',(3.96334840421659,1.59827631295746,6.65));
#12176=CARTESIAN_POINT('',(3.96334840421659,1.19827631295746,6.65));
#12177=CARTESIAN_POINT('',(3.96334840421659,1.39827631295746,6.85));
#12178=CARTESIAN_POINT('Origin',(3.96334840421659,1.59827631295746,6.85));
#12179=CARTESIAN_POINT('',(3.96334840421659,1.39827631295746,6.95));
#12180=CARTESIAN_POINT('',(3.96334840421659,1.39827631295746,6.45));
#12181=CARTESIAN_POINT('',(3.96334840421659,1.57644650105631,6.95));
#12182=CARTESIAN_POINT('',(3.96334840421659,2.64827631295746,6.65));
#12183=CARTESIAN_POINT('Origin',(1.08829978685224,-0.351723687042543,12.6));
#12184=CARTESIAN_POINT('',(-1.35549205172699,-0.301723687042543,12.7));
#12185=CARTESIAN_POINT('Origin',(-1.98665159578341,1.57644650105631,6.95));
#12186=CARTESIAN_POINT('',(-1.83665159578341,1.39827631295746,7.08228756555323));
#12187=CARTESIAN_POINT('Ctrl Pts',(-1.83665159578347,1.39827631295746,7.08228756555329));
#12188=CARTESIAN_POINT('Ctrl Pts',(-1.84136401840216,1.39827631295746,7.0876309505483));
#12189=CARTESIAN_POINT('Ctrl Pts',(-1.8463874155599,1.39820959511936,7.09274964691399));
#12190=CARTESIAN_POINT('Ctrl Pts',(-1.85168339772792,1.39805030680898,7.09759263367002));
#12191=CARTESIAN_POINT('Ctrl Pts',(-1.85697929029088,1.39789102119367,7.10243553848542));
#12192=CARTESIAN_POINT('Ctrl Pts',(-1.86254597944362,1.39763899339014,7.1070009200492));
#12193=CARTESIAN_POINT('Ctrl Pts',(-1.86833137538024,1.39727169526545,7.11124616412104));
#12194=CARTESIAN_POINT('Ctrl Pts',(-1.87411683810789,1.39690439290038,7.11549145720321));
#12195=CARTESIAN_POINT('Ctrl Pts',(-1.88011873873544,1.39642178976328,7.11941502875242));
#12196=CARTESIAN_POINT('Ctrl Pts',(-1.88627757000809,1.39580748050604,7.12298859774464));
#12197=CARTESIAN_POINT('Ctrl Pts',(-1.88935713824035,1.39550031065682,7.12477547078223));
#12198=CARTESIAN_POINT('Ctrl Pts',(-1.89247462687342,1.39516046125226,7.12647441685608));
#12199=CARTESIAN_POINT('Ctrl Pts',(-1.89562543143622,1.39478621890939,7.12808491627378));
#12200=CARTESIAN_POINT('Ctrl Pts',(-1.89877856955073,1.39441169939482,7.129696608461));
#12201=CARTESIAN_POINT('Ctrl Pts',(-1.90197926380095,1.39400103780803,7.13122690069708));
#12202=CARTESIAN_POINT('Ctrl Pts',(-1.90522050921902,1.39355230077663,7.13267177707829));
#12203=CARTESIAN_POINT('Ctrl Pts',(-1.91170321081059,1.39265479753562,7.1355616237909));
#12204=CARTESIAN_POINT('Ctrl Pts',(-1.91834756578793,1.39160448171734,7.13810837850788));
#12205=CARTESIAN_POINT('Ctrl Pts',(-1.92508892554731,1.39039300511922,7.14028935239105));
#12206=CARTESIAN_POINT('Ctrl Pts',(-1.93183024456702,1.38918153584235,7.14247031309406));
#12207=CARTESIAN_POINT('Ctrl Pts',(-1.93866544684012,1.38780932163114,7.14428447551098));
#12208=CARTESIAN_POINT('Ctrl Pts',(-1.94552478523622,1.38627900620656,7.14572579148957));
#12209=CARTESIAN_POINT('Ctrl Pts',(-1.95238451612177,1.38474860321774,7.14716718993986));
#12210=CARTESIAN_POINT('Ctrl Pts',(-1.95926435450311,1.38306104380142,7.14823521880706));
#12211=CARTESIAN_POINT('Ctrl Pts',(-1.96610277801894,1.38122806149744,7.14894156450697));
#12212=CARTESIAN_POINT('Ctrl Pts',(-1.97294702636077,1.3793935178975,7.14964851185737));
#12213=CARTESIAN_POINT('Ctrl Pts',(-1.97981389240229,1.37739627189766,7.15));
#12214=CARTESIAN_POINT('Ctrl Pts',(-1.98665159578341,1.37524591366593,7.15));
#12215=CARTESIAN_POINT('Origin',(-1.98665159578341,1.39827631295746,6.95));
#12216=CARTESIAN_POINT('Origin',(4.01334840421659,0.576746197938014,6.45));
#12217=CARTESIAN_POINT('',(4.36587364562108,0.222167639403093,12.5));
#12218=CARTESIAN_POINT('',(4.51334840421659,0.576746197938014,12.5));
#12219=CARTESIAN_POINT('Origin',(4.01334840421659,0.576746197938014,12.5));
#12220=CARTESIAN_POINT('',(4.36587364562108,0.222167639403093,6.45));
#12221=CARTESIAN_POINT('',(4.51334840421659,0.576746197938014,6.45));
#12222=CARTESIAN_POINT('Origin',(4.46334840421659,0.737511255447736,12.6));
#12223=CARTESIAN_POINT('',(4.51334840421659,0.576746197938014,12.5));
#12224=CARTESIAN_POINT('',(4.51334840421659,0.898276312957457,12.5));
#12225=CARTESIAN_POINT('',(4.51334840421659,0.737511255447736,12.5));
#12226=CARTESIAN_POINT('',(4.51334840421659,0.898276312957457,12.5));
#12227=CARTESIAN_POINT('Origin',(2.64332267659269,2.44827631295746,6.25));
#12228=CARTESIAN_POINT('',(2.64332267659269,2.44827631295746,6.65));
#12229=CARTESIAN_POINT('Origin',(-2.33665159578341,1.39827631295746,6.45));
#12230=CARTESIAN_POINT('',(2.64332267659269,1.39827631295746,6.85));
#12231=CARTESIAN_POINT('',(-1.83665159578341,1.39827631295745,12.5));
#12232=CARTESIAN_POINT('',(-1.83665159578341,1.39827631295746,6.45));
#12233=CARTESIAN_POINT('',(4.01334840421659,1.39827631295746,12.5));
#12234=CARTESIAN_POINT('',(1.08834840421659,1.39827631295746,12.5));
#12235=CARTESIAN_POINT('',(4.01334840421659,1.39827631295746,7.08228756555323));
#12236=CARTESIAN_POINT('',(4.01334840421659,1.39827631295746,6.45));
#12237=CARTESIAN_POINT('Origin',(4.16334840421659,1.39827631295746,6.95));
#12238=CARTESIAN_POINT('',(-0.161651595783413,1.39827631295746,9.6));
#12239=CARTESIAN_POINT('',(2.33834840421659,1.39827631295746,9.6));
#12240=CARTESIAN_POINT('',(2.64332267659269,1.39827631295746,9.6));
#12241=CARTESIAN_POINT('',(-0.161651595783413,1.39827631295746,9.3));
#12242=CARTESIAN_POINT('Origin',(-0.161651595783413,1.39827631295746,9.45));
#12243=CARTESIAN_POINT('',(2.33834840421659,1.39827631295746,9.3));
#12244=CARTESIAN_POINT('',(2.64332267659269,1.39827631295746,9.3));
#12245=CARTESIAN_POINT('Origin',(2.33834840421659,1.39827631295746,9.45));
#12246=CARTESIAN_POINT('',(3.76334840421659,1.39827631295746,7.9));
#12247=CARTESIAN_POINT('',(3.16334840421659,1.39827631295746,7.9));
#12248=CARTESIAN_POINT('',(2.64332267659269,1.39827631295746,7.9));
#12249=CARTESIAN_POINT('',(3.76334840421659,1.39827631295746,11.85));
#12250=CARTESIAN_POINT('',(3.76334840421659,1.39827631295746,6.45));
#12251=CARTESIAN_POINT('',(3.16334840421659,1.39827631295746,11.85));
#12252=CARTESIAN_POINT('',(2.64332267659269,1.39827631295746,11.85));
#12253=CARTESIAN_POINT('',(3.16334840421659,1.39827631295746,6.45));
#12254=CARTESIAN_POINT('',(-1.58665159578341,1.39827631295746,11.85));
#12255=CARTESIAN_POINT('',(-0.986651595783413,1.39827631295746,11.85));
#12256=CARTESIAN_POINT('',(2.64332267659269,1.39827631295746,11.85));
#12257=CARTESIAN_POINT('',(-1.58665159578341,1.39827631295746,7.9));
#12258=CARTESIAN_POINT('',(-1.58665159578341,1.39827631295746,6.45));
#12259=CARTESIAN_POINT('',(-0.986651595783413,1.39827631295746,7.9));
#12260=CARTESIAN_POINT('',(2.64332267659269,1.39827631295746,7.9));
#12261=CARTESIAN_POINT('',(-0.986651595783413,1.39827631295746,6.45));
#12262=CARTESIAN_POINT('',(-0.386651595783412,1.39827631295746,10.75));
#12263=CARTESIAN_POINT('',(-0.386651595783414,1.39827631295746,11.45));
#12264=CARTESIAN_POINT('',(-0.386651595783412,1.39827631295746,6.45));
#12265=CARTESIAN_POINT('',(-0.686651595783413,1.39827631295746,11.45));
#12266=CARTESIAN_POINT('Origin',(-0.536651595783413,1.39827631295746,11.45));
#12267=CARTESIAN_POINT('',(-0.686651595783412,1.39827631295746,10.75));
#12268=CARTESIAN_POINT('',(-0.686651595783413,1.39827631295746,6.45));
#12269=CARTESIAN_POINT('Origin',(-0.536651595783412,1.39827631295746,10.75));
#12270=CARTESIAN_POINT('',(1.23834840421659,1.39827631295746,10.75));
#12271=CARTESIAN_POINT('',(0.938348404216587,1.39827631295746,10.75));
#12272=CARTESIAN_POINT('Origin',(1.08834840421659,1.39827631295746,10.75));
#12273=CARTESIAN_POINT('',(1.23834840421659,1.39827631295746,11.45));
#12274=CARTESIAN_POINT('',(1.23834840421659,1.39827631295746,6.45));
#12275=CARTESIAN_POINT('',(0.938348404216587,1.39827631295746,11.45));
#12276=CARTESIAN_POINT('Origin',(1.08834840421659,1.39827631295746,11.45));
#12277=CARTESIAN_POINT('',(0.938348404216587,1.39827631295746,6.45));
#12278=CARTESIAN_POINT('',(2.86334840421659,1.39827631295746,10.75));
#12279=CARTESIAN_POINT('',(2.56334840421659,1.39827631295746,10.75));
#12280=CARTESIAN_POINT('Origin',(2.71334840421659,1.39827631295746,10.75));
#12281=CARTESIAN_POINT('',(2.86334840421659,1.39827631295746,11.45));
#12282=CARTESIAN_POINT('',(2.86334840421659,1.39827631295746,6.45));
#12283=CARTESIAN_POINT('',(2.56334840421659,1.39827631295746,11.45));
#12284=CARTESIAN_POINT('Origin',(2.71334840421659,1.39827631295746,11.45));
#12285=CARTESIAN_POINT('',(2.56334840421659,1.39827631295746,6.45));
#12286=CARTESIAN_POINT('Origin',(2.64332267659269,1.39827631295746,9.55));
#12287=CARTESIAN_POINT('',(2.33834840421659,1.44827631295746,9.55));
#12288=CARTESIAN_POINT('',(-0.161651595783413,1.44827631295746,9.55));
#12289=CARTESIAN_POINT('',(2.64332267659269,1.44827631295746,9.55));
#12290=CARTESIAN_POINT('Origin',(-0.161651595783413,1.39827631295746,9.55));
#12291=CARTESIAN_POINT('Origin',(2.33834840421659,1.39827631295746,9.55));
#12292=CARTESIAN_POINT('Origin',(-0.161651595783413,1.39827631295746,9.45));
#12293=CARTESIAN_POINT('',(-0.161651595783413,1.44827631295746,9.35));
#12294=CARTESIAN_POINT('Origin',(-0.161651595783413,1.44827631295746,9.45));
#12295=CARTESIAN_POINT('Origin',(-0.161651595783413,1.39827631295746,9.35));
#12296=CARTESIAN_POINT('Origin',(2.33834840421659,1.39827631295746,9.45));
#12297=CARTESIAN_POINT('',(2.33834840421659,1.44827631295746,9.35));
#12298=CARTESIAN_POINT('Origin',(2.33834840421659,1.44827631295746,9.45));
#12299=CARTESIAN_POINT('Origin',(2.33834840421659,1.39827631295746,9.35));
#12300=CARTESIAN_POINT('Origin',(2.64332267659269,1.39827631295746,9.35));
#12301=CARTESIAN_POINT('',(2.64332267659269,1.44827631295746,9.35));
#12302=CARTESIAN_POINT('Origin',(1.19230124570353,1.44827631295746,9.49064588366592));
#12303=CARTESIAN_POINT('Origin',(3.16334840421659,1.39827631295746,7.9));
#12304=CARTESIAN_POINT('',(3.16334840421659,1.39827631295746,7.9));
#12305=CARTESIAN_POINT('',(3.16334840421659,1.39827631295746,11.85));
#12306=CARTESIAN_POINT('Origin',(3.76334840421659,1.39827631295746,7.9));
#12307=CARTESIAN_POINT('',(3.76334840421659,1.39827631295746,7.9));
#12308=CARTESIAN_POINT('Origin',(3.76334840421659,1.39827631295746,11.85));
#12309=CARTESIAN_POINT('',(3.76334840421659,1.39827631295746,11.85));
#12310=CARTESIAN_POINT('Origin',(-1.58665159578341,1.39827631295746,11.85));
#12311=CARTESIAN_POINT('Origin',(-1.58665159578341,1.39827631295746,7.9));
#12312=CARTESIAN_POINT('',(-1.58665159578341,1.39827631295746,7.9));
#12313=CARTESIAN_POINT('',(-1.58665159578341,1.39827631295746,11.85));
#12314=CARTESIAN_POINT('Origin',(-0.986651595783413,1.39827631295746,7.9));
#12315=CARTESIAN_POINT('',(-0.986651595783413,1.39827631295746,7.9));
#12316=CARTESIAN_POINT('Origin',(-0.986651595783413,1.39827631295746,11.85));
#12317=CARTESIAN_POINT('',(-0.986651595783413,1.39827631295746,11.85));
#12318=CARTESIAN_POINT('Origin',(-1.58665159578341,1.39827631295746,11.85));
#12319=CARTESIAN_POINT('Origin',(-0.411651595783412,1.39827631295746,6.45));
#12320=CARTESIAN_POINT('',(-0.411651595783412,1.42327631295746,10.75));
#12321=CARTESIAN_POINT('',(-0.411651595783414,1.42327631295746,11.45));
#12322=CARTESIAN_POINT('',(-0.411651595783412,1.42327631295746,6.45));
#12323=CARTESIAN_POINT('Origin',(-0.411651595783414,1.39827631295746,11.45));
#12324=CARTESIAN_POINT('Origin',(-0.411651595783412,1.39827631295746,10.75));
#12325=CARTESIAN_POINT('Origin',(-0.536651595783412,1.39827631295746,10.75));
#12326=CARTESIAN_POINT('',(-0.661651595783412,1.42327631295746,10.75));
#12327=CARTESIAN_POINT('Origin',(-0.536651595783412,1.42327631295746,10.75));
#12328=CARTESIAN_POINT('Origin',(-0.661651595783412,1.39827631295746,10.75));
#12329=CARTESIAN_POINT('Origin',(-0.661651595783413,1.39827631295746,6.45));
#12330=CARTESIAN_POINT('',(-0.661651595783413,1.42327631295746,11.45));
#12331=CARTESIAN_POINT('',(-0.661651595783413,1.42327631295746,6.45));
#12332=CARTESIAN_POINT('Origin',(-0.661651595783413,1.39827631295746,11.45));
#12333=CARTESIAN_POINT('Origin',(-0.536651595783413,1.39827631295746,11.45));
#12334=CARTESIAN_POINT('Origin',(-0.536651595783413,1.42327631295746,11.45));
#12335=CARTESIAN_POINT('Origin',(1.19230124570353,1.42327631295746,9.49064588366592));
#12336=CARTESIAN_POINT('Origin',(1.08834840421659,1.39827631295746,10.75));
#12337=CARTESIAN_POINT('',(1.21334840421659,1.42327631295746,10.75));
#12338=CARTESIAN_POINT('',(0.963348404216587,1.42327631295746,10.75));
#12339=CARTESIAN_POINT('Origin',(1.08834840421659,1.42327631295746,10.75));
#12340=CARTESIAN_POINT('Origin',(1.21334840421659,1.39827631295746,10.75));
#12341=CARTESIAN_POINT('Origin',(0.963348404216587,1.39827631295746,10.75));
#12342=CARTESIAN_POINT('Origin',(0.963348404216587,1.39827631295746,6.45));
#12343=CARTESIAN_POINT('',(0.963348404216587,1.42327631295746,11.45));
#12344=CARTESIAN_POINT('',(0.963348404216587,1.42327631295746,6.45));
#12345=CARTESIAN_POINT('Origin',(0.963348404216587,1.39827631295746,11.45));
#12346=CARTESIAN_POINT('Origin',(1.08834840421659,1.39827631295746,11.45));
#12347=CARTESIAN_POINT('',(1.21334840421659,1.42327631295746,11.45));
#12348=CARTESIAN_POINT('Origin',(1.08834840421659,1.42327631295746,11.45));
#12349=CARTESIAN_POINT('Origin',(1.21334840421659,1.39827631295746,11.45));
#12350=CARTESIAN_POINT('Origin',(1.21334840421659,1.39827631295746,6.45));
#12351=CARTESIAN_POINT('',(1.21334840421659,1.42327631295746,6.45));
#12352=CARTESIAN_POINT('Origin',(1.19230124570353,1.42327631295746,9.49064588366592));
#12353=CARTESIAN_POINT('Origin',(2.58834840421659,1.39827631295746,6.45));
#12354=CARTESIAN_POINT('',(2.58834840421659,1.42327631295746,10.75));
#12355=CARTESIAN_POINT('',(2.58834840421659,1.42327631295746,11.45));
#12356=CARTESIAN_POINT('',(2.58834840421659,1.42327631295746,6.45));
#12357=CARTESIAN_POINT('Origin',(2.58834840421659,1.39827631295746,10.75));
#12358=CARTESIAN_POINT('Origin',(2.58834840421659,1.39827631295746,11.45));
#12359=CARTESIAN_POINT('Origin',(2.83834840421659,1.39827631295746,6.45));
#12360=CARTESIAN_POINT('',(2.83834840421659,1.42327631295746,10.75));
#12361=CARTESIAN_POINT('',(2.83834840421659,1.42327631295746,11.45));
#12362=CARTESIAN_POINT('',(2.83834840421659,1.42327631295746,6.45));
#12363=CARTESIAN_POINT('Origin',(2.83834840421659,1.39827631295746,11.45));
#12364=CARTESIAN_POINT('Origin',(2.83834840421659,1.39827631295746,10.75));
#12365=CARTESIAN_POINT('Origin',(2.71334840421659,1.39827631295746,11.45));
#12366=CARTESIAN_POINT('Origin',(2.71334840421659,1.42327631295746,11.45));
#12367=CARTESIAN_POINT('Origin',(2.71334840421659,1.39827631295746,10.75));
#12368=CARTESIAN_POINT('Origin',(2.71334840421659,1.42327631295746,10.75));
#12369=CARTESIAN_POINT('Origin',(1.19230124570353,1.42327631295746,9.49064588366592));
#12370=CARTESIAN_POINT('Origin',(4.16334840421659,1.57644650105631,6.95));
#12371=CARTESIAN_POINT('',(4.16334840421659,1.37524591366593,7.15));
#12372=CARTESIAN_POINT('',(4.16334840421659,1.57644650105631,7.15));
#12373=CARTESIAN_POINT('Ctrl Pts',(4.16334840421659,1.37524591366593,7.15));
#12374=CARTESIAN_POINT('Ctrl Pts',(4.1564991413153,1.37739990719857,7.15));
#12375=CARTESIAN_POINT('Ctrl Pts',(4.14961474349414,1.37940204023082,7.149647747275));
#12376=CARTESIAN_POINT('Ctrl Pts',(4.14273518822036,1.38124531859321,7.1489349022326));
#12377=CARTESIAN_POINT('Ctrl Pts',(4.13588514540433,1.38308068951499,7.14822511520897));
#12378=CARTESIAN_POINT('Ctrl Pts',(4.12906216724225,1.38475298816704,7.14716251899241));
#12379=CARTESIAN_POINT('Ctrl Pts',(4.12223930613955,1.38627505484194,7.14572951247907));
#12380=CARTESIAN_POINT('Ctrl Pts',(4.11537747932033,1.3878058141192,7.14428832199059));
#12381=CARTESIAN_POINT('Ctrl Pts',(4.10855375841991,1.38917634421976,7.14247768020481));
#12382=CARTESIAN_POINT('Ctrl Pts',(4.10181820635093,1.39038716848784,7.14029985483603));
#12383=CARTESIAN_POINT('Ctrl Pts',(4.0950743663362,1.39159948264803,7.13811934970197));
#12384=CARTESIAN_POINT('Ctrl Pts',(4.08842193943057,1.39265162677797,7.13557182873475));
#12385=CARTESIAN_POINT('Ctrl Pts',(4.08190717223032,1.39355370562698,7.13266725413319));
#12386=CARTESIAN_POINT('Ctrl Pts',(4.07542681057654,1.3944510204507,7.12977801906309));
#12387=CARTESIAN_POINT('Ctrl Pts',(4.0690871971365,1.39519796116605,7.12653627826828));
#12388=CARTESIAN_POINT('Ctrl Pts',(4.06295726270401,1.3958091874094,7.12297866546427));
#12389=CARTESIAN_POINT('Ctrl Pts',(4.05682246997921,1.39642089808139,7.11941823306683));
#12390=CARTESIAN_POINT('Ctrl Pts',(4.05083754467361,1.39690252272968,7.11550647825654));
#12391=CARTESIAN_POINT('Ctrl Pts',(4.04507375298308,1.39726880032687,7.11127959224772));
#12392=CARTESIAN_POINT('Ctrl Pts',(4.0392833364702,1.39763676987903,7.10703318088214));
#12393=CARTESIAN_POINT('Ctrl Pts',(4.0337175294011,1.39788939324641,7.10247137250287));
#12394=CARTESIAN_POINT('Ctrl Pts',(4.02841122019494,1.39804937305187,7.09762098891522));
#12395=CARTESIAN_POINT('Ctrl Pts',(4.02311371237028,1.39820908750467,7.09277865048187));
#12396=CARTESIAN_POINT('Ctrl Pts',(4.01807731971312,1.39827631295746,7.08764965171388));
#12397=CARTESIAN_POINT('Ctrl Pts',(4.01334840421659,1.39827631295746,7.08228756555323));
#12398=CARTESIAN_POINT('Origin',(4.01334840421659,0.898276312957457,6.45));
#12399=CARTESIAN_POINT('Origin',(4.01334840421659,0.898276312957457,12.5));
#12400=CARTESIAN_POINT('',(4.51334840421659,0.898276312957457,7.15));
#12401=CARTESIAN_POINT('',(4.51334840421659,0.898276312957457,6.45));
#12402=CARTESIAN_POINT('Origin',(4.01334840421659,0.898276312957457,7.15));
#12403=CARTESIAN_POINT('Origin',(3.65898438514034,0.798276312957457,8.1629802205289));
#12404=CARTESIAN_POINT('',(4.51334840421659,0.798276312957457,7.15));
#12405=CARTESIAN_POINT('',(4.51334840421659,0.798276312957457,6.45));
#12406=CARTESIAN_POINT('',(4.51334840421659,0.798276312957457,7.15));
#12407=CARTESIAN_POINT('Origin',(3.96334840421659,1.39827631295746,7.15));
#12408=CARTESIAN_POINT('',(4.51334840421659,1.57644650105631,7.15));
#12409=CARTESIAN_POINT('Origin',(4.51334840421659,1.39827631295746,6.45));
#12410=CARTESIAN_POINT('Origin',(1.08834840421659,1.34827631295746,12.6));
#12411=CARTESIAN_POINT('',(4.01334840421659,1.29827631295746,12.7));
#12412=CARTESIAN_POINT('',(-1.83665159578341,1.39827631295746,12.5));
#12413=CARTESIAN_POINT('Origin',(4.01334840421659,0.898276312957457,12.5));
#12414=CARTESIAN_POINT('Origin',(4.01334840421659,0.576746197938014,12.5));
#12415=CARTESIAN_POINT('',(4.36587364562108,0.222167639403093,12.5));
#12416=CARTESIAN_POINT('Origin',(-1.83665159578341,0.898276312957457,12.5));
#12417=CARTESIAN_POINT('Origin',(-1.83665159578341,0.898276312957457,12.5));
#12418=CARTESIAN_POINT('',(-2.33665159578341,0.898276312957457,12.5));
#12419=CARTESIAN_POINT('Origin',(-1.83665159578341,0.898276312957457,6.45));
#12420=CARTESIAN_POINT('Origin',(-2.28665159578341,0.737303957424195,12.6));
#12421=CARTESIAN_POINT('',(-2.33665159578341,0.576331601890933,12.5));
#12422=CARTESIAN_POINT('Origin',(-1.83665159578341,0.576331601890933,6.45));
#12423=CARTESIAN_POINT('Origin',(-1.83665159578341,0.576331601890933,12.5));
#12424=CARTESIAN_POINT('Origin',(-1.83665159578341,0.576331601890933,12.5));
#12425=CARTESIAN_POINT('',(-2.11857748333235,0.292575026760513,12.7));
#12426=CARTESIAN_POINT('Origin',(-1.91323844724775,0.0180778104024719,12.6));
#12427=CARTESIAN_POINT('',(-1.63741793927593,-0.185480262172963,12.7));
#12428=CARTESIAN_POINT('Origin',(4.08999273208807,0.0183905527663062,12.6));
#12429=CARTESIAN_POINT('',(4.12524525622852,-0.017067303087186,12.5));
#12430=CARTESIAN_POINT('Origin',(-1.35549205172699,0.0982763129574571,12.5));
#12431=CARTESIAN_POINT('Origin',(3.53209162543146,0.0982763129574566,6.45));
#12432=CARTESIAN_POINT('',(3.88461686683596,-0.256302245577465,6.45));
#12433=CARTESIAN_POINT('Origin',(4.51334840421659,0.368788391345232,6.45));
#12434=CARTESIAN_POINT('Origin',(2.64332267659269,1.59827631295746,6.85));
#12435=CARTESIAN_POINT('',(2.64332267659269,1.59827631295746,6.65));
#12436=CARTESIAN_POINT('Origin',(2.64332267659269,1.57644650105631,6.65));
#12437=CARTESIAN_POINT('Origin',(1.24795633953951,2.64827631295746,6.46893127553817));
#12438=CARTESIAN_POINT('',(4.88834840421659,2.64827631295746,6.45));
#12439=CARTESIAN_POINT('Origin',(4.11334840421659,2.64827631295746,6.));
#12440=CARTESIAN_POINT('',(-2.71165159578341,2.64827631295746,5.85));
#12441=CARTESIAN_POINT('',(3.96334840421659,2.64827631295746,5.85));
#12442=CARTESIAN_POINT('',(-2.71165159578341,2.64827631295746,6.45));
#12443=CARTESIAN_POINT('Origin',(-2.91165159578341,2.84827631295746,5.85));
#12444=CARTESIAN_POINT('',(-3.11165159578341,2.44827631295746,5.85));
#12445=CARTESIAN_POINT('Origin',(-2.71165159578341,2.44827631295746,5.85));
#12446=CARTESIAN_POINT('',(-3.11165159578341,-1.25172368704254,5.85));
#12447=CARTESIAN_POINT('',(-3.11165159578341,2.84827631295746,5.85));
#12448=CARTESIAN_POINT('',(-2.91165159578341,-1.25172368704254,5.85));
#12449=CARTESIAN_POINT('',(2.64332267659269,-1.25172368704254,5.85));
#12450=CARTESIAN_POINT('',(-2.91165159578341,2.44827631295746,5.85));
#12451=CARTESIAN_POINT('',(-2.91165159578341,2.84827631295746,5.85));
#12452=CARTESIAN_POINT('Origin',(-2.71165159578341,2.44827631295746,5.85));
#12453=CARTESIAN_POINT('Origin',(2.64332267659269,-1.25172368704254,5.65));
#12454=CARTESIAN_POINT('',(-2.91165159578341,-1.45172368704254,5.65));
#12455=CARTESIAN_POINT('',(-3.11165159578341,-1.45172368704254,5.65));
#12456=CARTESIAN_POINT('',(2.64332267659269,-1.45172368704254,5.65));
#12457=CARTESIAN_POINT('Origin',(-2.91165159578341,-1.25172368704254,5.65));
#12458=CARTESIAN_POINT('Origin',(-3.11165159578341,-1.25172368704254,5.65));
#12459=CARTESIAN_POINT('Origin',(-2.91165159578341,2.74970435149234,1.07209198604214));
#12460=CARTESIAN_POINT('',(-2.91165159578341,0.573276312957457,0.399999999999999));
#12461=CARTESIAN_POINT('Origin',(-2.91165159578341,0.373276312957457,0.399999999999999));
#12462=CARTESIAN_POINT('',(-2.91165159578341,0.573276312957457,7.15));
#12463=CARTESIAN_POINT('',(-2.91165159578341,2.44827631295746,6.45));
#12464=CARTESIAN_POINT('',(-2.91165159578341,-1.65172368704254,5.45));
#12465=CARTESIAN_POINT('Origin',(-2.91165159578341,-1.65172368704254,5.65));
#12466=CARTESIAN_POINT('',(-2.91165159578341,-2.85172368704254,5.45));
#12467=CARTESIAN_POINT('',(-2.91165159578341,-1.45172368704254,5.45));
#12468=CARTESIAN_POINT('',(-2.91165159578341,-3.05172368704254,5.25));
#12469=CARTESIAN_POINT('',(-2.91165159578341,1.57644650105631,9.87817018809884));
#12470=CARTESIAN_POINT('',(-2.91165159578341,-3.05172368704254,4.45));
#12471=CARTESIAN_POINT('',(-2.91165159578341,-3.05172368704254,7.15));
#12472=CARTESIAN_POINT('',(-2.91165159578341,-2.85172368704254,4.25));
#12473=CARTESIAN_POINT('',(-2.91165159578341,-5.05172368704253,6.45));
#12474=CARTESIAN_POINT('',(-2.91165159578341,-1.65172368704254,4.25));
#12475=CARTESIAN_POINT('',(-2.91165159578341,-1.45172368704254,4.25));
#12476=CARTESIAN_POINT('',(-2.91165159578341,-1.45172368704254,4.05));
#12477=CARTESIAN_POINT('Origin',(-2.91165159578341,-1.65172368704254,4.05));
#12478=CARTESIAN_POINT('',(-2.91165159578341,-1.45172368704254,1.8));
#12479=CARTESIAN_POINT('',(-2.91165159578341,-1.45172368704254,7.15));
#12480=CARTESIAN_POINT('',(-2.91165159578341,-1.65172368704254,1.6));
#12481=CARTESIAN_POINT('Origin',(-2.91165159578341,-1.65172368704254,1.8));
#12482=CARTESIAN_POINT('',(-2.91165159578341,-2.85172368704254,1.6));
#12483=CARTESIAN_POINT('',(-2.91165159578341,2.84827631295746,1.6));
#12484=CARTESIAN_POINT('',(-2.91165159578341,-3.05172368704254,1.4));
#12485=CARTESIAN_POINT('',(-2.91165159578341,1.57644650105631,6.02817018809883));
#12486=CARTESIAN_POINT('',(-2.91165159578341,-3.05172368704254,0.199999999999997));
#12487=CARTESIAN_POINT('',(-2.91165159578341,-3.05172368704254,7.15));
#12488=CARTESIAN_POINT('',(-2.91165159578341,-2.85172368704254,-8.88178419700125E-16));
#12489=CARTESIAN_POINT('',(-2.91165159578341,-9.30172368704254,6.45));
#12490=CARTESIAN_POINT('',(-2.91165159578341,-1.32672368704254,-8.88178419700125E-16));
#12491=CARTESIAN_POINT('',(-2.91165159578341,2.84827631295746,-8.88178419700125E-16));
#12492=CARTESIAN_POINT('',(-2.91165159578341,-1.32672368704254,0.399999999999999));
#12493=CARTESIAN_POINT('',(-2.91165159578341,-1.32672368704254,7.15));
#12494=CARTESIAN_POINT('Origin',(-2.91165159578341,-1.12672368704254,0.399999999999999));
#12495=CARTESIAN_POINT('',(-2.91165159578341,1.06907189531561,2.54473460385831));
#12496=CARTESIAN_POINT('',(-2.91165159578341,1.97748073059912,2.54473460385831));
#12497=CARTESIAN_POINT('',(-2.91165159578341,1.57644650105631,2.54473460385831));
#12498=CARTESIAN_POINT('',(-2.91165159578341,0.773276312957457,2.58));
#12499=CARTESIAN_POINT('Origin',(-2.91165159578341,0.923276312957452,2.58000000000001));
#12500=CARTESIAN_POINT('',(-2.91165159578341,0.773276312957457,3.63));
#12501=CARTESIAN_POINT('',(-2.91165159578341,0.773276312957457,6.45));
#12502=CARTESIAN_POINT('',(-2.91165159578341,1.27327631295746,4.13));
#12503=CARTESIAN_POINT('Origin',(-2.91165159578341,1.27327631295746,3.63));
#12504=CARTESIAN_POINT('',(-2.91165159578341,1.77327631295746,4.13));
#12505=CARTESIAN_POINT('',(-2.91165159578341,1.57644650105631,4.13));
#12506=CARTESIAN_POINT('',(-2.91165159578341,2.27327631295746,3.63));
#12507=CARTESIAN_POINT('Origin',(-2.91165159578341,1.77327631295746,3.63));
#12508=CARTESIAN_POINT('',(-2.91165159578341,2.27327631295746,2.58));
#12509=CARTESIAN_POINT('',(-2.91165159578341,2.27327631295746,6.45));
#12510=CARTESIAN_POINT('Origin',(-2.91165159578341,2.12327631295745,2.58000000000001));
#12511=CARTESIAN_POINT('',(-2.91165159578341,-2.75172368704254,0.799999999999999));
#12512=CARTESIAN_POINT('Origin',(-2.91165159578341,-2.45172368704254,0.799999999999999));
#12513=CARTESIAN_POINT('',(-2.91165159578341,-2.75172368704254,4.85));
#12514=CARTESIAN_POINT('Origin',(-2.91165159578341,-2.45172368704254,4.85));
#12515=CARTESIAN_POINT('Origin',(-2.97826154269715,1.07327631295746,2.87850991658695));
#12516=CARTESIAN_POINT('',(-3.11009400295786,1.07327631295746,2.58));
#12517=CARTESIAN_POINT('',(-2.90851792564957,1.07327631295746,2.58));
#12518=CARTESIAN_POINT('',(-3.11009400295786,1.07327631295746,2.58));
#12519=CARTESIAN_POINT('',(-2.89959011994059,1.07327631295746,2.61313863252344));
#12520=CARTESIAN_POINT('Origin',(-2.71165159578341,1.07327631295746,2.54473460385831));
#12521=CARTESIAN_POINT('',(-2.55253044529146,1.07327631295746,3.5666772518252));
#12522=CARTESIAN_POINT('',(-1.58803364111307,1.07327631295746,6.21661044244147));
#12523=CARTESIAN_POINT('',(-2.74046896944864,1.07327631295746,3.63508128049034));
#12524=CARTESIAN_POINT('',(2.66743788711593,1.07327631295746,1.66676415501673));
#12525=CARTESIAN_POINT('',(-3.08752864409777,1.07327631295746,2.68154266118858));
#12526=CARTESIAN_POINT('',(-3.0995901199406,1.07327631295746,2.64840402866513));
#12527=CARTESIAN_POINT('Origin',(-2.71165159578341,1.07327631295746,2.54473460385831));
#12528=CARTESIAN_POINT('Origin',(-3.42738651083921,2.74970435149234,1.16302996645986));
#12529=CARTESIAN_POINT('',(-2.48412641662633,1.77327631295746,3.75461577598239));
#12530=CARTESIAN_POINT('',(-2.48412641662633,1.27327631295746,3.75461577598239));
#12531=CARTESIAN_POINT('',(-2.48412641662633,1.57644650105631,3.75461577598239));
#12532=CARTESIAN_POINT('Origin',(-2.55253044529146,1.27327631295746,3.5666772518252));
#12533=CARTESIAN_POINT('',(-2.89959011994059,1.97327631295746,2.61313863252344));
#12534=CARTESIAN_POINT('',(-2.89959011994059,1.57644650105631,2.61313863252344));
#12535=CARTESIAN_POINT('',(-2.55253044529146,1.97327631295746,3.5666772518252));
#12536=CARTESIAN_POINT('',(-1.58803364111307,1.97327631295746,6.21661044244147));
#12537=CARTESIAN_POINT('Origin',(-2.55253044529146,1.77327631295746,3.5666772518252));
#12538=CARTESIAN_POINT('Origin',(-3.01165159578341,0.923276312957471,2.58));
#12539=CARTESIAN_POINT('Ctrl Pts',(-2.90851792564957,1.07327631295746,2.58));
#12540=CARTESIAN_POINT('Ctrl Pts',(-2.91057275275192,1.07327631295746,2.56852908759271));
#12541=CARTESIAN_POINT('Ctrl Pts',(-2.9116515957834,1.07192397777176,2.55652579489012));
#12542=CARTESIAN_POINT('Ctrl Pts',(-2.91165159578341,1.06907189531502,2.54473460385845));
#12543=CARTESIAN_POINT('',(-3.11165159578341,1.06907189531561,2.54473460385831));
#12544=CARTESIAN_POINT('Origin',(-3.04819308028749,0.904517619352755,2.57945509245829));
#12545=CARTESIAN_POINT('',(-3.11165159578341,0.773276312957457,2.58));
#12546=CARTESIAN_POINT('Origin',(-3.11165159578341,0.92327631295746,2.58));
#12547=CARTESIAN_POINT('',(2.64332267659269,0.773276312957457,2.58));
#12548=CARTESIAN_POINT('Origin',(2.66743788711593,1.27327631295746,1.66676415501673));
#12549=CARTESIAN_POINT('',(-2.67206494078351,1.27327631295746,3.82301980464752));
#12550=CARTESIAN_POINT('',(2.73584191578106,1.27327631295746,1.85470267917391));
#12551=CARTESIAN_POINT('Origin',(-2.74046896944864,1.27327631295746,3.63508128049034));
#12552=CARTESIAN_POINT('Origin',(-3.61532503499639,2.74970435149234,1.23143399512499));
#12553=CARTESIAN_POINT('',(-3.08752864409777,1.97327631295746,2.68154266118858));
#12554=CARTESIAN_POINT('',(-3.08752864409777,1.57644650105631,2.68154266118858));
#12555=CARTESIAN_POINT('',(-2.67206494078351,1.77327631295746,3.82301980464752));
#12556=CARTESIAN_POINT('',(-2.67206494078351,1.57644650105631,3.82301980464752));
#12557=CARTESIAN_POINT('',(-2.74046896944864,1.97327631295746,3.63508128049034));
#12558=CARTESIAN_POINT('Origin',(-2.74046896944864,1.77327631295746,3.63508128049034));
#12559=CARTESIAN_POINT('',(-1.77597216527026,1.97327631295746,6.2850144711066));
#12560=CARTESIAN_POINT('Origin',(-2.71165159578341,1.57644650105631,2.54473460385831));
#12561=CARTESIAN_POINT('',(-2.90851792564957,1.97327631295746,2.58));
#12562=CARTESIAN_POINT('Ctrl Pts',(-2.91165159578341,1.97748073059991,2.5447346038585));
#12563=CARTESIAN_POINT('Ctrl Pts',(-2.9116515957834,1.97462864814317,2.55652579489016));
#12564=CARTESIAN_POINT('Ctrl Pts',(-2.91057275275191,1.97327631295748,2.56852908759273));
#12565=CARTESIAN_POINT('Ctrl Pts',(-2.90851792564957,1.97327631295748,2.58));
#12566=CARTESIAN_POINT('Origin',(-2.71165159578341,1.97327631295746,2.54473460385831));
#12567=CARTESIAN_POINT('Origin',(-2.71165159578341,1.57644650105631,2.54473460385831));
#12568=CARTESIAN_POINT('',(-3.11009400295786,1.97327631295746,2.58));
#12569=CARTESIAN_POINT('Origin',(-2.71165159578341,1.97327631295746,2.54473460385831));
#12570=CARTESIAN_POINT('',(-3.11165159578341,1.97748073059906,2.54473460385831));
#12571=CARTESIAN_POINT('Origin',(-3.04819308081615,2.14203500515955,2.57945509230956));
#12572=CARTESIAN_POINT('',(-3.11165159578341,1.57644650105631,2.54473460385831));
#12573=CARTESIAN_POINT('Origin',(2.64332267659269,1.77327631295746,3.63));
#12574=CARTESIAN_POINT('',(-3.11165159578341,2.27327631295746,3.63));
#12575=CARTESIAN_POINT('',(2.64332267659269,2.27327631295746,3.63));
#12576=CARTESIAN_POINT('',(-3.11165159578341,1.77327631295746,4.13));
#12577=CARTESIAN_POINT('',(2.64332267659269,1.77327631295746,4.13));
#12578=CARTESIAN_POINT('Origin',(-3.11165159578341,1.77327631295746,3.63));
#12579=CARTESIAN_POINT('Origin',(-3.11165159578341,0.173276312957457,0.110085599435784));
#12580=CARTESIAN_POINT('',(-3.11165159578341,0.232624897474067,0.542187127836941));
#12581=CARTESIAN_POINT('',(-3.11165159578341,-0.986072271559153,0.542187127836941));
#12582=CARTESIAN_POINT('',(-3.11165159578341,1.57644650105631,0.542187127836941));
#12583=CARTESIAN_POINT('',(-3.11165159578341,-1.32672368704254,0.399999999999999));
#12584=CARTESIAN_POINT('Origin',(-3.11165159578341,-1.12672368704254,0.399999999999999));
#12585=CARTESIAN_POINT('',(-3.11165159578341,-1.32672368704254,-8.88178419700125E-16));
#12586=CARTESIAN_POINT('',(-3.11165159578341,-1.32672368704254,7.15));
#12587=CARTESIAN_POINT('',(-3.11165159578341,-2.85172368704254,-8.88178419700125E-16));
#12588=CARTESIAN_POINT('',(-3.11165159578341,2.84827631295746,-8.88178419700125E-16));
#12589=CARTESIAN_POINT('',(-3.11165159578341,-3.05172368704254,0.199999999999997));
#12590=CARTESIAN_POINT('',(-3.11165159578341,-9.30172368704254,6.45));
#12591=CARTESIAN_POINT('',(-3.11165159578341,-3.05172368704254,1.4));
#12592=CARTESIAN_POINT('',(-3.11165159578341,-3.05172368704254,7.15));
#12593=CARTESIAN_POINT('',(-3.11165159578341,-2.85172368704254,1.6));
#12594=CARTESIAN_POINT('',(-3.11165159578341,1.57644650105631,6.02817018809883));
#12595=CARTESIAN_POINT('',(-3.11165159578341,-1.65172368704254,1.6));
#12596=CARTESIAN_POINT('',(-3.11165159578341,2.84827631295746,1.6));
#12597=CARTESIAN_POINT('',(-3.11165159578341,-1.45172368704254,1.8));
#12598=CARTESIAN_POINT('Origin',(-3.11165159578341,-1.65172368704254,1.8));
#12599=CARTESIAN_POINT('',(-3.11165159578341,-1.45172368704254,4.05));
#12600=CARTESIAN_POINT('',(-3.11165159578341,-1.45172368704254,7.15));
#12601=CARTESIAN_POINT('',(-3.11165159578341,-1.65172368704254,4.25));
#12602=CARTESIAN_POINT('Origin',(-3.11165159578341,-1.65172368704254,4.05));
#12603=CARTESIAN_POINT('',(-3.11165159578341,-2.85172368704254,4.25));
#12604=CARTESIAN_POINT('',(-3.11165159578341,-1.45172368704254,4.25));
#12605=CARTESIAN_POINT('',(-3.11165159578341,-3.05172368704254,4.45));
#12606=CARTESIAN_POINT('',(-3.11165159578341,-5.05172368704253,6.45));
#12607=CARTESIAN_POINT('',(-3.11165159578341,-3.05172368704254,5.25));
#12608=CARTESIAN_POINT('',(-3.11165159578341,-3.05172368704254,7.15));
#12609=CARTESIAN_POINT('',(-3.11165159578341,-2.85172368704254,5.45));
#12610=CARTESIAN_POINT('',(-3.11165159578341,1.57644650105631,9.87817018809884));
#12611=CARTESIAN_POINT('',(-3.11165159578341,-1.65172368704254,5.45));
#12612=CARTESIAN_POINT('',(-3.11165159578341,-1.45172368704254,5.45));
#12613=CARTESIAN_POINT('Origin',(-3.11165159578341,-1.65172368704254,5.65));
#12614=CARTESIAN_POINT('',(-3.11165159578341,2.44827631295746,6.45));
#12615=CARTESIAN_POINT('',(-3.11165159578341,0.573276312957457,0.399999999999999));
#12616=CARTESIAN_POINT('',(-3.11165159578341,0.573276312957457,7.15));
#12617=CARTESIAN_POINT('Origin',(-3.11165159578341,0.373276312957457,0.399999999999999));
#12618=CARTESIAN_POINT('',(-3.11165159578341,-2.75172368704254,4.85));
#12619=CARTESIAN_POINT('Origin',(-3.11165159578341,-2.45172368704254,4.85));
#12620=CARTESIAN_POINT('',(-3.11165159578341,2.27327631295746,2.58));
#12621=CARTESIAN_POINT('Origin',(-3.11165159578341,2.12327631295746,2.58));
#12622=CARTESIAN_POINT('',(-3.11165159578341,2.27327631295746,6.45));
#12623=CARTESIAN_POINT('',(-3.11165159578341,1.27327631295746,4.13));
#12624=CARTESIAN_POINT('',(-3.11165159578341,1.57644650105631,4.13));
#12625=CARTESIAN_POINT('',(-3.11165159578341,0.773276312957457,3.63));
#12626=CARTESIAN_POINT('Origin',(-3.11165159578341,1.27327631295746,3.63));
#12627=CARTESIAN_POINT('',(-3.11165159578341,0.773276312957457,6.45));
#12628=CARTESIAN_POINT('',(-3.11165159578341,-2.75172368704254,0.799999999999999));
#12629=CARTESIAN_POINT('Origin',(-3.11165159578341,-2.45172368704254,0.799999999999999));
#12630=CARTESIAN_POINT('Origin',(-3.95165399578342,-2.45172368704254,4.85));
#12631=CARTESIAN_POINT('',(-3.95165399578342,-2.75172368704254,4.85));
#12632=CARTESIAN_POINT('Origin',(-3.95165399578342,-2.45172368704254,0.799999999999999));
#12633=CARTESIAN_POINT('',(-3.95165399578342,-2.75172368704254,0.799999999999999));
#12634=CARTESIAN_POINT('Origin',(2.64332267659269,1.27327631295746,3.63));
#12635=CARTESIAN_POINT('',(2.64332267659269,1.27327631295746,4.13));
#12636=CARTESIAN_POINT('',(2.64332267659269,0.773276312957457,3.63));
#12637=CARTESIAN_POINT('Origin',(-3.95165399578342,0.773276312957457,2.43));
#12638=CARTESIAN_POINT('Origin',(-3.95165399578342,0.773276312957457,4.13));
#12639=CARTESIAN_POINT('Origin',(-3.95165399578342,2.27327631295746,4.13));
#12640=CARTESIAN_POINT('',(2.64332267659269,2.27327631295746,2.58));
#12641=CARTESIAN_POINT('Origin',(-3.01165159578341,2.12327631295747,2.58));
#12642=CARTESIAN_POINT('',(-3.11009400295786,1.97327631295746,2.58));
#12643=CARTESIAN_POINT('Origin',(-2.97826154269715,1.97327631295746,2.87850991658695));
#12644=CARTESIAN_POINT('',(2.66743788711593,1.97327631295746,1.66676415501673));
#12645=CARTESIAN_POINT('Origin',(2.66743788711593,1.77327631295746,1.66676415501673));
#12646=CARTESIAN_POINT('',(2.73584191578106,1.77327631295746,1.85470267917391));
#12647=CARTESIAN_POINT('Origin',(-3.46140899750596,1.97327631295746,4.11031754588943));
#12648=CARTESIAN_POINT('Origin',(-2.91165159578341,0.573276312957457,0.399999999999999));
#12649=CARTESIAN_POINT('',(-2.91165159578341,0.573276312957457,0.399999999999999));
#12650=CARTESIAN_POINT('Origin',(-2.91165159578341,0.373276312957457,0.399999999999999));
#12651=CARTESIAN_POINT('Ctrl Pts',(-3.08552700374371,0.173276312957457,
0.399999999999999));
#12652=CARTESIAN_POINT('Ctrl Pts',(-3.08792219796835,0.173276312957457,
0.406298068126855));
#12653=CARTESIAN_POINT('Ctrl Pts',(-3.09015980235363,0.173574388514503,
0.412663030083899));
#12654=CARTESIAN_POINT('Ctrl Pts',(-3.09222758984577,0.174185962537402,
0.419053408346527));
#12655=CARTESIAN_POINT('Ctrl Pts',(-3.09428851414016,0.174795506683696,
0.425422576291448));
#12656=CARTESIAN_POINT('Ctrl Pts',(-3.09617899107754,0.175716604921433,
0.431815178596644));
#12657=CARTESIAN_POINT('Ctrl Pts',(-3.09789313753101,0.176954425393737,
0.438180053213925));
#12658=CARTESIAN_POINT('Ctrl Pts',(-3.09960091677541,0.178187647973188,
0.444521285459658));
#12659=CARTESIAN_POINT('Ctrl Pts',(-3.10113213362921,0.179731665470866,
0.450827579443356));
#12660=CARTESIAN_POINT('Ctrl Pts',(-3.10249925259983,0.181603564387992,
0.457110046890426));
#12661=CARTESIAN_POINT('Ctrl Pts',(-3.10387426721245,0.183486274246967,
0.463428798022271));
#12662=CARTESIAN_POINT('Ctrl Pts',(-3.10507653264374,0.185692523532464,
0.469689609706072));
#12663=CARTESIAN_POINT('Ctrl Pts',(-3.10611240545891,0.188217293940585,
0.475849584577062));
#12664=CARTESIAN_POINT('Ctrl Pts',(-3.10714949606352,0.190745032511124,
0.482016801217779));
#12665=CARTESIAN_POINT('Ctrl Pts',(-3.10801986664652,0.19359094116941,0.488080331732394));
#12666=CARTESIAN_POINT('Ctrl Pts',(-3.10873848556339,0.196743013733664,
0.493999969495542));
#12667=CARTESIAN_POINT('Ctrl Pts',(-3.10945346179671,0.199879108423368,
0.499889600579708));
#12668=CARTESIAN_POINT('Ctrl Pts',(-3.11001663056844,0.203317932772517,
0.505633950079282));
#12669=CARTESIAN_POINT('Ctrl Pts',(-3.11044735430032,0.207021076188582,
0.511171922025865));
#12670=CARTESIAN_POINT('Ctrl Pts',(-3.11087802371545,0.21072375261688,0.51670919560221));
#12671=CARTESIAN_POINT('Ctrl Pts',(-3.11118031403441,0.214726468267634,
0.522093872746864));
#12672=CARTESIAN_POINT('Ctrl Pts',(-3.11137322802977,0.218993560901717,
0.527266776568383));
#12673=CARTESIAN_POINT('Ctrl Pts',(-3.11156706678139,0.223281108353782,
0.532464477321955));
#12674=CARTESIAN_POINT('Ctrl Pts',(-3.11165159578323,0.22783350355394,0.537447484049159));
#12675=CARTESIAN_POINT('Ctrl Pts',(-3.11165159578341,0.232624897458184,
0.54218712782123));
#12676=CARTESIAN_POINT('Origin',(-2.71165159578341,2.44827631295746,6.45));
#12677=CARTESIAN_POINT('Origin',(4.88834840421659,2.44827631295746,6.45));
#12678=CARTESIAN_POINT('Origin',(4.11334840421659,1.57644650105631,6.));
#12679=CARTESIAN_POINT('Origin',(-2.71165159578341,2.44827631295746,6.45));
#12680=CARTESIAN_POINT('Origin',(-2.71165159578341,1.57644650105631,0.542187127836941));
#12681=CARTESIAN_POINT('',(-2.68083437390126,-0.926723687042543,0.143376021126677));
#12682=CARTESIAN_POINT('',(-2.68083437390126,1.57644650105631,0.143376021126676));
#12683=CARTESIAN_POINT('',(-3.08552700374371,-0.926723687042543,0.399999999999999));
#12684=CARTESIAN_POINT('Origin',(-2.71165159578341,-0.926723687042543,0.542187127836941));
#12685=CARTESIAN_POINT('Ctrl Pts',(-3.11165159578341,-0.986072271558908,
0.542187127836701));
#12686=CARTESIAN_POINT('Ctrl Pts',(-3.11165159578341,-0.981281697100028,
0.537448294660501));
#12687=CARTESIAN_POINT('Ctrl Pts',(-3.11156710633687,-0.976726303657863,
0.532462236610989));
#12688=CARTESIAN_POINT('Ctrl Pts',(-3.11137301004238,-0.972436120940457,
0.527260940379581));
#12689=CARTESIAN_POINT('Ctrl Pts',(-3.11117958864939,-0.968160855822543,
0.522077729824035));
#12690=CARTESIAN_POINT('Ctrl Pts',(-3.11087647625772,-0.964150588656353,
0.516682035383962));
#12691=CARTESIAN_POINT('Ctrl Pts',(-3.11044351372619,-0.96043546568689,
0.511122578436491));
#12692=CARTESIAN_POINT('Ctrl Pts',(-3.11001194400794,-0.956732294034817,
0.505581005913047));
#12693=CARTESIAN_POINT('Ctrl Pts',(-3.10945109131793,-0.953314273082895,
0.499867737195702));
#12694=CARTESIAN_POINT('Ctrl Pts',(-3.10873687262554,-0.950183310976412,
0.493986677877399));
#12695=CARTESIAN_POINT('Ctrl Pts',(-3.1080184883262,-0.947034087855932,
0.488071317886371));
#12696=CARTESIAN_POINT('Ctrl Pts',(-3.10714883246236,-0.944190539216281,
0.482012256009188));
#12697=CARTESIAN_POINT('Ctrl Pts',(-3.10611238620793,-0.941664621144797,
0.47584947019627));
#12698=CARTESIAN_POINT('Ctrl Pts',(-3.10507535454047,-0.939137276366119,
0.469683203474387));
#12699=CARTESIAN_POINT('Ctrl Pts',(-3.10387183046341,-0.936928962864413,
0.463415637116894));
#12700=CARTESIAN_POINT('Ctrl Pts',(-3.10249461584244,-0.935044593986257,
0.457088749199128));
#12701=CARTESIAN_POINT('Ctrl Pts',(-3.10112495442278,-0.933170559748233,
0.450796560490492));
#12702=CARTESIAN_POINT('Ctrl Pts',(-3.09958312503185,-0.931619478598212,
0.444452088038612));
#12703=CARTESIAN_POINT('Ctrl Pts',(-3.09787627147646,-0.930389633055716,
0.438117440169806));
#12704=CARTESIAN_POINT('Ctrl Pts',(-3.09616825264686,-0.929158947893861,
0.431778467617297));
#12705=CARTESIAN_POINT('Ctrl Pts',(-3.09428085256462,-0.928240119625308,
0.425397993129479));
#12706=CARTESIAN_POINT('Ctrl Pts',(-3.09222348426756,-0.927632122668144,
0.419040719391764));
#12707=CARTESIAN_POINT('Ctrl Pts',(-3.09015731301332,-0.927021524246194,
0.41265624449197));
#12708=CARTESIAN_POINT('Ctrl Pts',(-3.08792175712038,-0.92672368704254,
0.406296908934628));
#12709=CARTESIAN_POINT('Ctrl Pts',(-3.08552700374371,-0.92672368704254,
0.399999999999998));
#12710=CARTESIAN_POINT('Origin',(-1.76165159578341,0.173276312957457,0.214403781253963));
#12711=CARTESIAN_POINT('',(-2.89624298484233,-0.926723687042543,0.126730810281231));
#12712=CARTESIAN_POINT('Origin',(5.21637474286437,-0.926723687042543,-0.74035917234822));
#12713=CARTESIAN_POINT('',(-2.91165159578341,-0.926723687042543,0.399999999999999));
#12714=CARTESIAN_POINT('Origin',(-2.91165159578341,-1.12672368704254,0.399999999999999));
#12715=CARTESIAN_POINT('',(-2.91165159578341,-1.32672368704254,0.399999999999999));
#12716=CARTESIAN_POINT('Origin',(-2.91165159578341,-1.32672368704254,-8.88178419700125E-16));
#12717=CARTESIAN_POINT('',(-2.91165159578341,-1.32672368704254,-8.88178419700125E-16));
#12718=CARTESIAN_POINT('Origin',(-2.91165159578341,-3.05172368704254,-8.88178419700125E-16));
#12719=CARTESIAN_POINT('',(-3.01165159578341,-2.85172368704254,-8.88178419700125E-16));
#12720=CARTESIAN_POINT('Origin',(-3.01165159578341,-2.95172368704254,0.0999999999999988));
#12721=CARTESIAN_POINT('',(-3.01165159578341,-3.05172368704254,0.199999999999999));
#12722=CARTESIAN_POINT('Origin',(-2.91165159578341,-3.05172368704254,1.6));
#12723=CARTESIAN_POINT('',(-3.01165159578341,-3.05172368704254,1.4));
#12724=CARTESIAN_POINT('Origin',(-3.01165159578341,-2.95172368704254,1.5));
#12725=CARTESIAN_POINT('',(-3.01165159578341,-2.85172368704254,1.6));
#12726=CARTESIAN_POINT('Origin',(-2.91165159578341,-1.45172368704254,1.6));
#12727=CARTESIAN_POINT('',(2.64332267659269,-1.65172368704254,1.6));
#12728=CARTESIAN_POINT('Origin',(2.64332267659269,-1.65172368704254,1.8));
#12729=CARTESIAN_POINT('',(2.64332267659269,-1.45172368704254,1.8));
#12730=CARTESIAN_POINT('Origin',(-2.91165159578341,-1.45172368704254,4.25));
#12731=CARTESIAN_POINT('',(2.64332267659269,-1.45172368704254,4.05));
#12732=CARTESIAN_POINT('Origin',(2.64332267659269,-1.65172368704254,4.05));
#12733=CARTESIAN_POINT('',(2.64332267659269,-1.65172368704254,4.25));
#12734=CARTESIAN_POINT('Origin',(-2.91165159578341,-3.05172368704254,4.25));
#12735=CARTESIAN_POINT('',(-3.01165159578341,-2.85172368704254,4.25));
#12736=CARTESIAN_POINT('Origin',(-3.01165159578341,-2.95172368704254,4.35));
#12737=CARTESIAN_POINT('',(-3.01165159578341,-3.05172368704254,4.45));
#12738=CARTESIAN_POINT('Origin',(-2.91165159578341,-3.05172368704254,5.45));
#12739=CARTESIAN_POINT('',(-3.01165159578341,-3.05172368704254,5.25));
#12740=CARTESIAN_POINT('Origin',(-3.01165159578341,-2.95172368704254,5.35));
#12741=CARTESIAN_POINT('',(-3.01165159578341,-2.85172368704254,5.45));
#12742=CARTESIAN_POINT('Origin',(-2.91165159578341,-1.45172368704254,5.45));
#12743=CARTESIAN_POINT('',(2.64332267659269,-1.65172368704254,5.45));
#12744=CARTESIAN_POINT('Origin',(2.64332267659269,-1.65172368704254,5.65));
#12745=UNCERTAINTY_MEASURE_WITH_UNIT(LENGTH_MEASURE(0.01),#12749,
'DISTANCE_ACCURACY_VALUE',
'Maximum model space distance between geometric entities at asserted c
onnectivities');
#12746=UNCERTAINTY_MEASURE_WITH_UNIT(LENGTH_MEASURE(0.01),#12749,
'DISTANCE_ACCURACY_VALUE',
'Maximum model space distance between geometric entities at asserted c
onnectivities');
#12747=(
GEOMETRIC_REPRESENTATION_CONTEXT(3)
GLOBAL_UNCERTAINTY_ASSIGNED_CONTEXT((#12745))
GLOBAL_UNIT_ASSIGNED_CONTEXT((#12749,#12751,#12752))
REPRESENTATION_CONTEXT('','3D')
);
#12748=(
GEOMETRIC_REPRESENTATION_CONTEXT(3)
GLOBAL_UNCERTAINTY_ASSIGNED_CONTEXT((#12746))
GLOBAL_UNIT_ASSIGNED_CONTEXT((#12749,#12751,#12752))
REPRESENTATION_CONTEXT('','3D')
);
#12749=(
LENGTH_UNIT()
NAMED_UNIT(*)
SI_UNIT(.MILLI.,.METRE.)
);
#12750=(
LENGTH_UNIT()
NAMED_UNIT(*)
SI_UNIT(.CENTI.,.METRE.)
);
#12751=(
NAMED_UNIT(*)
PLANE_ANGLE_UNIT()
SI_UNIT($,.RADIAN.)
);
#12752=(
NAMED_UNIT(*)
SI_UNIT($,.STERADIAN.)
SOLID_ANGLE_UNIT()
);
#12753=SHAPE_DEFINITION_REPRESENTATION(#12754,#12755);
#12754=PRODUCT_DEFINITION_SHAPE('',$,#12757);
#12755=SHAPE_REPRESENTATION('',(#7568),#12747);
#12756=PRODUCT_DEFINITION_CONTEXT('part definition',#12761,'design');
#12757=PRODUCT_DEFINITION('ZX60-B-5S','ZX60-B-5S',#12758,#12756);
#12758=PRODUCT_DEFINITION_FORMATION('',$,#12763);
#12759=PRODUCT_RELATED_PRODUCT_CATEGORY('ZX60-B-5S','ZX60-B-5S',(#12763));
#12760=APPLICATION_PROTOCOL_DEFINITION('international standard',
'automotive_design',2009,#12761);
#12761=APPLICATION_CONTEXT(
'Core Data for Automotive Mechanical Design Process');
#12762=PRODUCT_CONTEXT('part definition',#12761,'mechanical');
#12763=PRODUCT('ZX60-B-5S','ZX60-B-5S','OneSpaceDesigner STEP Export',(#12762));
#12764=PRESENTATION_STYLE_ASSIGNMENT((#12767));
#12765=PRESENTATION_STYLE_ASSIGNMENT((#12768));
#12766=PRESENTATION_STYLE_ASSIGNMENT((#12769));
#12767=SURFACE_STYLE_USAGE(.BOTH.,#12776);
#12768=SURFACE_STYLE_USAGE(.BOTH.,#12777);
#12769=SURFACE_STYLE_USAGE(.BOTH.,#12778);
#12770=SURFACE_STYLE_RENDERING_WITH_PROPERTIES($,#12788,(#12773));
#12771=SURFACE_STYLE_RENDERING_WITH_PROPERTIES($,#12789,(#12774));
#12772=SURFACE_STYLE_RENDERING_WITH_PROPERTIES($,#12790,(#12775));
#12773=SURFACE_STYLE_TRANSPARENT(0.);
#12774=SURFACE_STYLE_TRANSPARENT(0.);
#12775=SURFACE_STYLE_TRANSPARENT(0.);
#12776=SURFACE_SIDE_STYLE('',(#12779,#12770));
#12777=SURFACE_SIDE_STYLE('',(#12780,#12771));
#12778=SURFACE_SIDE_STYLE('',(#12781,#12772));
#12779=SURFACE_STYLE_FILL_AREA(#12782);
#12780=SURFACE_STYLE_FILL_AREA(#12783);
#12781=SURFACE_STYLE_FILL_AREA(#12784);
#12782=FILL_AREA_STYLE('',(#12785));
#12783=FILL_AREA_STYLE('',(#12786));
#12784=FILL_AREA_STYLE('',(#12787));
#12785=FILL_AREA_STYLE_COLOUR('',#12788);
#12786=FILL_AREA_STYLE_COLOUR('',#12789);
#12787=FILL_AREA_STYLE_COLOUR('',#12790);
#12788=COLOUR_RGB('',1.,0.56078431372549,0.184313725490196);
#12789=COLOUR_RGB('',0.87843137254902,0.87843137254902,0.87843137254902);
#12790=COLOUR_RGB('',0.956862745098039,0.956862745098039,0.956862745098039);
ENDSEC;
END-ISO-10303-21;
